LK_SL_TRIAL_L2_DATA_ID;LK_EXPERIMENT_EXPERIMENT_ID;YEAR;SPECIES;REGION;RESULT_NUM;PREDICTION;ERREUR_ABS
5429247;20063;2018;W;;95.68;95.223;0.457
5429246;20063;2018;W;;112.46;94.496;17.964
5429243;20063;2018;W;;105.12;94.365;10.755
5429220;20063;2018;W;;69.35;96.125;26.775
5429225;20063;2018;W;;110.95;94.969;15.981
5429224;20063;2018;W;;80.45;96.598;16.148
5429222;20063;2018;W;;99.25;94.172;5.078
5429227;20063;2018;W;;109.13;94.093;15.037
5429228;20063;2018;W;;105.32;95.721;9.599
5429229;20063;2018;W;;91.05;95.738;4.688
5429210;20063;2018;W;;92.78;95.738;2.958
5429215;20063;2018;W;;97.39;94.093;3.297
5429214;20063;2018;W;;79.47;95.883;16.413
5429212;20063;2018;W;;105.63;94.234;11.396
5429211;20063;2018;W;;63.28;96.024;32.744
5429219;20063;2018;W;;90.22;96.464;6.244
5429270;20063;2018;W;;90.83;96.554;5.724
5429275;20063;2018;W;;94.08;94.234;0.154
5429274;20063;2018;W;;80.0;96.554;16.554
5429272;20063;2018;W;;89.72;94.234;4.514
5429277;20063;2018;W;;100.75;94.234;6.516
5429278;20063;2018;W;;92.01;96.554;4.544
5429276;20063;2018;W;;94.72;94.234;0.486
5429279;20063;2018;W;;104.77;96.554;8.216
5429273;20063;2018;W;;86.78;94.234;7.454
5429280;20063;2018;W;;80.26;96.554;16.294
5429285;20063;2018;W;;101.34;94.195;7.145
5429282;20063;2018;W;;113.15;94.23;18.92
5429287;20063;2018;W;;84.72;94.23;9.51
5429286;20063;2018;W;;94.69;94.23;0.46
5429260;20063;2018;W;;73.4;96.55;23.15
5429262;20063;2018;W;;92.91;94.336;1.426
5429261;20063;2018;W;;72.32;96.701;24.381
5429267;20063;2018;W;;105.35;94.336;11.014
5429266;20063;2018;W;;114.64;94.608;20.032
5429269;20063;2018;W;;100.24;97.688;2.552
5429263;20063;2018;W;;109.32;95.777;13.543
5429290;20063;2018;W;;94.04;98.062;4.022
5429295;20063;2018;W;;93.74;94.862;1.122
5429294;20063;2018;W;;88.7;97.304;8.604
5429291;20063;2018;W;;102.8;96.768;6.032
5429297;20063;2018;W;;106.5;96.951;9.549
5429296;20063;2018;W;;91.08;95.846;4.766
5429299;20063;2018;W;;72.57;98.242;25.672
5429293;20063;2018;W;;101.39;95.846;5.544
5429230;20063;2018;W;;77.61;98.242;20.632
5429235;20063;2018;W;;99.8;95.846;3.954
5429104;20063;2018;W;;77.17;101.508;24.338
5429102;20063;2018;W;;89.32;95.488;6.168
5429107;20063;2018;W;;109.66;95.952;13.708
5429108;20063;2018;W;;104.31;99.245;5.065
5429109;20063;2018;W;;83.91;99.245;15.335
5429154;20063;2018;W;;89.89;98.385;8.495
5429152;20063;2018;W;;89.7;95.275;5.575
5429151;20063;2018;W;;88.95;98.235;9.285
5429158;20063;2018;W;;95.79;98.561;2.771
5429141;20095;2018;W;;80.06;99.973;19.913
5429148;20095;2018;W;;93.59;97.691;4.101
5429146;20095;2018;W;;99.43;94.365;5.065
5429143;20095;2018;W;;97.12;94.969;2.151
5429120;20095;2018;W;;90.02;96.598;6.578
5429125;20095;2018;W;;91.8;94.172;2.372
5429122;20095;2018;W;;111.62;94.093;17.527
5429121;20095;2018;W;;87.93;95.721;7.791
5429127;20095;2018;W;;85.49;93.948;8.458
5429126;20095;2018;W;;96.57;93.948;2.622
5429129;20095;2018;W;;80.48;95.738;15.258
5429114;20095;2018;W;;66.13;96.024;29.894
5429112;20095;2018;W;;92.89;94.234;1.344
5429117;20095;2018;W;;95.46;94.234;1.226
5429118;20095;2018;W;;82.63;96.464;13.834
5429119;20095;2018;W;;76.21;96.554;20.344
5429175;20095;2018;W;;89.92;94.234;4.314
5429177;20095;2018;W;;95.03;94.234;0.796
5429173;20095;2018;W;;108.36;94.195;14.165
5429180;20095;2018;W;;83.37;96.514;13.144
5429185;20095;2018;W;;93.33;94.23;0.9
5429184;20095;2018;W;;59.0;96.55;37.55
5429181;20095;2018;W;;83.22;96.55;13.33
5429187;20095;2018;W;;76.96;94.23;17.27
5429188;20095;2018;W;;68.29;96.55;28.26
5429186;20095;2018;W;;88.01;94.23;6.22
5429160;20095;2018;W;;85.03;96.55;11.52
5429165;20095;2018;W;;93.67;94.336;0.666
5429162;20095;2018;W;;101.72;94.336;7.384
5429161;20095;2018;W;;90.22;96.925;6.705
5429168;20095;2018;W;;74.07;97.688;23.618
5429166;20095;2018;W;;100.01;95.777;4.233
5429163;20095;2018;W;;90.33;94.862;4.532
5429195;20095;2018;W;;91.87;94.325;2.455
5429197;20095;2018;W;;97.28;95.846;1.434
5429196;20095;2018;W;;84.33;95.846;11.516
5429193;20095;2018;W;;94.31;95.846;1.536
5429130;20095;2018;W;;68.24;98.262;30.022
5429135;20095;2018;W;;92.98;95.846;2.866
5429136;20095;2018;W;;83.44;95.22;11.78
5429139;20095;2018;W;;97.21;97.011;0.199
5429705;20095;2018;W;;89.49;95.488;5.998
5429704;20095;2018;W;;62.03;99.828;37.798
5429702;20095;2018;W;;89.01;95.952;6.942
5429701;20095;2018;W;;76.42;99.245;22.825
5429708;20095;2018;W;;69.61;99.245;29.635
5429709;20095;2018;W;;65.37;98.973;33.603
5429703;20095;2018;W;;84.82;96.645;11.825
5429750;20095;2018;W;;78.41;98.385;19.975
5429756;20095;2018;W;;81.05;96.639;15.589
5429740;20095;2018;W;;68.39;97.816;29.426
5423439;20503;2018;B;;34.18;51.545;17.365
5423433;20503;2018;B;;29.76;54.242;24.482
5423204;20503;2018;B;;49.55;54.673;5.123
5423202;20503;2018;B;;46.32;52.578;6.258
5423208;20503;2018;B;;59.65;52.56;7.09
5423206;20503;2018;B;;57.21;52.387;4.823
5423209;20503;2018;B;;47.83;56.157;8.327
5423203;20503;2018;B;;54.77;51.984;2.786
5423250;20503;2018;B;;45.02;51.81;6.79
5423255;20503;2018;B;;50.28;55.581;5.301
5423252;20503;2018;B;;54.06;51.285;2.775
5423251;20503;2018;B;;40.05;54.234;14.184
5423257;20503;2018;B;;60.14;51.642;8.498
5423256;20503;2018;B;;49.74;54.38;4.64
5423240;20503;2018;B;;37.27;54.713;17.443
5423242;20503;2018;B;;47.56;54.561;7.001
5423246;20503;2018;B;;51.91;51.898;0.012
5423243;20503;2018;B;;40.91;54.498;13.588
5423221;20503;2018;B;;56.49;51.724;4.766
5423229;20503;2018;B;;48.31;54.582;6.272
5423210;20503;2018;B;;45.96;51.926;5.966
5423215;20503;2018;B;;44.6;54.439;9.839
5410060;20579;2018;B;;52.9;51.719;1.181
5410065;20579;2018;B;;51.15;51.545;0.395
5410061;20579;2018;B;;57.21;51.976;5.234
5410068;20579;2018;B;;65.62;52.578;13.042
5410066;20579;2018;B;;66.97;52.404;14.566
5410069;20579;2018;B;;61.34;56.213;5.127
5410063;20579;2018;B;;58.92;52.56;6.36
5410090;20579;2018;B;;59.32;52.387;6.933
5410094;20579;2018;B;;54.48;51.984;2.496
5410092;20579;2018;B;;56.69;51.81;4.88
5410091;20579;2018;B;;46.7;55.581;8.881
5410098;20579;2018;B;;59.43;51.285;8.145
5410093;20579;2018;B;;56.71;51.431;5.279
5410035;20579;2018;B;;56.24;51.937;4.303
5410034;20579;2018;B;;60.55;51.764;8.786
5410031;20579;2018;B;;55.23;51.785;3.445
5410038;20579;2018;B;;52.74;54.561;1.821
5410033;20579;2018;B;;52.9;54.498;1.598
5410500;20579;2018;B;;56.81;51.898;4.912
5410501;20579;2018;B;;63.94;51.724;12.216
5410507;20579;2018;B;;58.9;54.498;4.402
5410503;20579;2018;B;;58.21;51.982;6.228
5410550;20579;2018;B;;59.79;51.808;7.982
5410555;20579;2018;B;;56.11;54.582;1.528
5410552;20579;2018;B;;49.32;51.926;2.606
5410559;20579;2018;B;;57.52;52.099;5.421
5410553;20579;2018;B;;61.14;51.926;9.214
5410545;20579;2018;B;;50.87;51.808;0.938
5410544;20579;2018;B;;55.06;51.635;3.425
5410541;20579;2018;B;;58.97;50.561;8.409
5410547;20579;2018;B;;56.88;50.388;6.492
5410548;20579;2018;B;;59.09;52.901;6.189
5410543;20579;2018;B;;54.48;52.901;1.579
5410525;20579;2018;B;;48.48;51.329;2.849
5410524;20579;2018;B;;48.09;53.842;5.752
5411731;20218;2018;B;;63.54;51.719;11.821
5411738;20218;2018;B;;66.71;54.242;12.468
5411736;20218;2018;B;;61.22;52.15;9.07
5411805;20218;2018;B;;62.74;52.404;10.336
5411808;20218;2018;B;;66.65;51.984;14.666
5411803;20218;2018;B;;63.68;51.459;12.221
5411850;20218;2018;B;;64.59;51.285;13.305
5411855;20218;2018;B;;61.89;54.234;7.656
5411854;20218;2018;B;;61.17;51.642;9.528
5411852;20218;2018;B;;59.19;51.431;7.759
5411856;20218;2018;B;;73.23;54.713;18.517
5411859;20218;2018;B;;66.24;51.785;14.455
5411840;20218;2018;B;;64.32;54.561;9.759
5411845;20218;2018;B;;67.19;51.898;15.292
5411844;20218;2018;B;;68.27;51.724;16.546
5411842;20218;2018;B;;68.69;54.498;14.192
5411841;20218;2018;B;;72.12;51.898;20.222
5411846;20218;2018;B;;64.47;51.898;12.572
5411820;20218;2018;B;;66.55;51.898;14.652
5411825;20218;2018;B;;65.31;51.724;13.586
5411824;20218;2018;B;;63.66;54.498;9.162
5411822;20218;2018;B;;60.19;51.982;8.208
5411821;20218;2018;B;;65.42;51.808;13.612
5411828;20218;2018;B;;61.62;52.099;9.521
5411829;20218;2018;B;;68.37;54.439;13.931
5411823;20218;2018;B;;67.28;52.099;15.181
5411810;20218;2018;B;;62.15;51.926;10.224
5411815;20218;2018;B;;68.79;54.439;14.351
5411814;20218;2018;B;;50.27;52.099;1.829
5411812;20218;2018;B;;61.69;51.926;9.764
5411818;20218;2018;B;;65.73;51.635;14.095
5411816;20218;2018;B;;69.56;54.148;15.412
5411819;20218;2018;B;;52.73;50.561;2.169
5411813;20218;2018;B;;57.43;50.388;7.042
5411872;20218;2018;B;;63.42;52.901;10.519
5411871;20218;2018;B;;49.7;51.502;1.802
5411878;20218;2018;B;;65.93;53.842;12.088
5411876;20218;2018;B;;66.99;50.34;16.65
5411879;20218;2018;B;;63.53;50.166;13.364
5411873;20218;2018;B;;68.88;52.68;16.2
5411881;20218;2018;B;;70.93;50.166;20.764
5411955;20213;2018;B;;35.9;51.545;15.645
5411954;20213;2018;B;;45.38;54.242;8.862
5411951;20213;2018;B;;42.29;51.976;9.686
5411956;20213;2018;B;;41.11;52.404;11.294
5411959;20213;2018;B;;50.6;56.213;5.613
5411953;20213;2018;B;;51.83;52.56;0.73
5411940;20213;2018;B;;38.37;52.387;14.017
5411945;20213;2018;B;;48.81;56.157;7.347
5411941;20213;2018;B;;40.69;55.581;14.891
5411946;20213;2018;B;;49.6;54.234;4.634
5411924;20213;2018;B;;47.16;51.764;4.604
5411922;20213;2018;B;;44.1;54.713;10.613
5411921;20213;2018;B;;50.33;51.785;1.455
5411927;20213;2018;B;;30.77;51.612;20.842
5411928;20213;2018;B;;46.4;54.561;8.161
5411929;20213;2018;B;;35.08;51.724;16.644
5411923;20213;2018;B;;46.77;54.498;7.728
5411910;20213;2018;B;;58.13;51.898;6.232
5411915;20213;2018;B;;41.47;51.724;10.254
5411914;20213;2018;B;;55.78;54.498;1.282
5411911;20213;2018;B;;44.55;51.724;7.174
5411917;20213;2018;B;;43.52;54.498;10.978
5411916;20213;2018;B;;38.68;51.724;13.044
5411913;20213;2018;B;;34.23;51.982;17.752
5411975;20213;2018;B;;31.15;54.582;23.432
5411974;20213;2018;B;;53.03;52.099;0.931
5411971;20213;2018;B;;53.16;54.439;1.279
5411976;20213;2018;B;;40.83;54.439;13.609
5411985;20213;2018;B;;50.17;51.808;1.638
5411982;20213;2018;B;;50.85;54.148;3.298
5411986;20213;2018;B;;39.97;50.561;10.591
5411989;20213;2018;B;;41.67;50.388;8.718
5411960;20213;2018;B;;38.81;51.502;12.692
5411965;20213;2018;B;;30.16;51.329;21.169
5411964;20213;2018;B;;44.98;53.842;8.862
5411961;20213;2018;B;;32.2;50.166;17.966
5411967;20213;2018;B;;44.88;52.68;7.8
5411968;20213;2018;B;;46.54;50.34;3.8
5411969;20213;2018;B;;44.94;52.68;7.74
5411963;20213;2018;B;;40.13;50.34;10.21
5417765;20275;2018;B;;54.01;51.719;2.291
5417764;20275;2018;B;;54.83;51.545;3.285
5417762;20275;2018;B;;61.16;52.15;9.01
5417761;20275;2018;B;;66.56;51.976;14.584
5417763;20275;2018;B;;57.39;51.984;5.406
5417790;20275;2018;B;;63.37;51.81;11.56
5417795;20275;2018;B;;52.78;51.459;1.321
5417792;20275;2018;B;;52.43;51.642;0.788
5417797;20275;2018;B;;58.43;51.937;6.493
5417796;20275;2018;B;;53.95;51.785;2.165
5417799;20275;2018;B;;55.47;51.612;3.858
5417730;20275;2018;B;;60.4;51.724;8.676
5417735;20275;2018;B;;57.17;51.898;5.272
5417732;20275;2018;B;;48.93;51.898;2.968
5417738;20275;2018;B;;56.75;51.724;5.026
5417736;20275;2018;B;;54.47;51.982;2.488
5417800;20275;2018;B;;62.07;51.926;10.144
5417805;20275;2018;B;;61.16;52.099;9.061
5417804;20275;2018;B;;61.76;51.926;9.834
5417808;20275;2018;B;;48.71;51.635;2.925
5417806;20275;2018;B;;57.8;50.561;7.239
5417803;20275;2018;B;;56.41;50.561;5.849
5417855;20275;2018;B;;59.87;51.502;8.368
5417851;20275;2018;B;;56.94;50.166;6.774
5417845;20274;2018;B;CENTRE;68.5;49.765;18.735
5417842;20274;2018;B;CENTRE;59.15;50.133;9.017
5417847;20274;2018;B;CENTRE;60.09;49.762;10.328
5417846;20274;2018;B;CENTRE;59.25;49.516;9.734
5417826;20274;2018;B;CENTRE;61.64;49.428;12.212
5417823;20274;2018;B;CENTRE;59.02;49.428;9.592
5417815;20274;2018;B;CENTRE;56.76;49.428;7.332
5417814;20274;2018;B;CENTRE;62.63;49.416;13.214
5417811;20274;2018;B;CENTRE;52.96;49.416;3.544
5417817;20274;2018;B;CENTRE;56.34;49.42;6.92
5417874;20274;2018;B;CENTRE;54.95;47.836;7.114
5417877;20274;2018;B;CENTRE;65.77;47.217;18.553
5417878;20274;2018;B;CENTRE;64.51;46.507;18.003
5417876;20274;2018;B;CENTRE;63.04;47.217;15.823
5417879;20274;2018;B;CENTRE;58.91;46.507;12.403
5417880;20274;2018;B;CENTRE;63.62;47.447;16.173
5417885;20274;2018;B;CENTRE;62.93;46.996;15.934
5417884;20274;2018;B;CENTRE;64.53;46.285;18.245
5417882;20274;2018;B;CENTRE;56.04;46.996;9.044
5417881;20274;2018;B;CENTRE;56.79;46.285;10.505
5417887;20274;2018;B;CENTRE;59.14;46.996;12.144
5417889;20272;2018;B;;64.34;51.545;12.795
5417883;20272;2018;B;;68.64;52.15;16.49
5417865;20272;2018;B;;59.16;52.578;6.582
5417861;20272;2018;B;;55.52;52.387;3.133
5417890;20272;2018;B;;56.74;51.431;5.309
5417895;20272;2018;B;;59.57;51.937;7.633
5417892;20272;2018;B;;63.23;51.785;11.445
5417899;20272;2018;B;;67.42;51.724;15.696
5417893;20272;2018;B;;55.62;51.898;3.722
5417835;20272;2018;B;;55.11;51.898;3.212
5417832;20272;2018;B;;59.72;51.982;7.738
5417831;20272;2018;B;;61.98;51.808;10.172
5417839;20272;2018;B;;58.76;51.926;6.834
5417833;20272;2018;B;;55.87;52.099;3.771
5417607;20272;2018;B;;56.37;50.561;5.809
5417608;20272;2018;B;;54.35;50.388;3.962
5417606;20272;2018;B;;59.53;51.502;8.028
5417609;20272;2018;B;;52.91;51.329;1.581
5417650;20272;2018;B;;65.22;50.166;15.054
5417655;20272;2018;B;;53.03;50.34;2.69
5417654;20272;2018;B;;49.14;50.166;1.026
5417652;20272;2018;B;;66.39;50.34;16.05
5417651;20272;2018;B;;71.92;50.166;21.754
5417065;20263;2018;B;;43.95;51.719;7.769
5417062;20263;2018;B;;42.3;52.578;10.278
5417067;20263;2018;B;;50.54;51.984;1.444
5417068;20263;2018;B;;41.6;51.459;9.859
5417066;20263;2018;B;;46.77;51.642;4.872
5417069;20263;2018;B;;51.38;51.937;0.557
5417063;20263;2018;B;;39.13;51.785;12.655
5417090;20263;2018;B;;56.1;51.898;4.202
5417094;20263;2018;B;;47.77;51.898;4.128
5417092;20263;2018;B;;46.08;51.898;5.818
5417091;20263;2018;B;;47.37;51.982;4.612
5417097;20263;2018;B;;43.51;52.099;8.589
5417098;20263;2018;B;;47.46;52.099;4.639
5417096;20263;2018;B;;52.13;52.099;0.031
5417099;20263;2018;B;;50.64;51.808;1.168
5417030;20263;2018;B;;45.63;50.561;4.931
5417035;20263;2018;B;;51.46;51.502;0.042
5417034;20263;2018;B;;48.17;50.34;2.17
5417915;20296;2018;B;;59.84;51.719;8.121
5417914;20296;2018;B;;61.54;52.15;9.39
5417912;20296;2018;B;;60.96;52.578;8.382
5417918;20296;2018;B;;72.3;51.459;20.841
5417919;20296;2018;B;;63.09;51.937;11.153
5417913;20296;2018;B;;61.21;51.785;9.425
5417970;20296;2018;B;;61.31;51.898;9.412
5417972;20296;2018;B;;62.02;51.898;10.122
5417978;20296;2018;B;;59.76;52.099;7.661
5417976;20296;2018;B;;60.07;52.099;7.971
5417973;20296;2018;B;;59.13;50.561;8.569
5417980;20296;2018;B;;58.59;50.561;8.029
5417985;20296;2018;B;;63.16;51.502;11.658
5417984;20296;2018;B;;56.8;50.34;6.46
5417982;20296;2018;B;;65.34;50.34;15.0
5417981;20296;2018;B;;63.44;50.34;13.1
5417987;20299;2018;B;CENTRE;59.63;49.334;10.296
5417986;20299;2018;B;CENTRE;58.23;50.133;8.097
5417983;20299;2018;B;CENTRE;58.77;49.516;9.254
5417960;20299;2018;B;CENTRE;51.36;48.964;2.396
5417964;20299;2018;B;CENTRE;56.59;49.636;6.954
5417961;20299;2018;B;CENTRE;55.41;49.428;5.982
5417967;20299;2018;B;CENTRE;53.3;49.428;3.872
5417968;20299;2018;B;CENTRE;63.55;49.428;14.122
5417969;20299;2018;B;CENTRE;58.89;49.42;9.47
5417995;20299;2018;B;CENTRE;59.18;48.547;10.633
5417997;20299;2018;B;CENTRE;60.82;48.158;12.662
5417996;20299;2018;B;CENTRE;55.89;46.996;8.894
5417930;20293;2018;B;;62.58;52.15;10.43
5417935;20293;2018;B;;51.22;52.578;1.358
5417931;20293;2018;B;;55.8;51.459;4.341
5417938;20293;2018;B;;55.28;51.937;3.343
5417936;20293;2018;B;;58.15;51.785;6.365
5417933;20293;2018;B;;58.52;51.898;6.622
5417305;20293;2018;B;;66.72;51.898;14.822
5417304;20293;2018;B;;62.67;51.982;10.688
5417307;20293;2018;B;;51.52;52.099;0.579
5417308;20293;2018;B;;63.39;51.808;11.582
5417306;20293;2018;B;;51.51;50.561;0.949
5417309;20293;2018;B;;55.98;50.561;5.419
5417326;20235;2018;B;;57.23;51.719;5.511
5417323;20235;2018;B;;52.82;52.578;0.242
5417315;20235;2018;B;;57.36;51.984;5.376
5417314;20235;2018;B;;51.05;51.459;0.409
5417311;20235;2018;B;;59.45;51.937;7.513
5417318;20235;2018;B;;63.61;51.898;11.712
5417316;20235;2018;B;;57.42;51.898;5.522
5417319;20235;2018;B;;70.18;51.898;18.282
5417313;20235;2018;B;;41.37;51.898;10.528
5417372;20235;2018;B;;55.77;52.099;3.671
5417371;20235;2018;B;;58.62;51.808;6.812
5417379;20235;2018;B;;55.46;50.34;5.12
5418022;20237;2018;B;;55.4;51.719;3.681
5418027;20237;2018;B;;53.72;52.578;1.142
5418028;20237;2018;B;;48.39;52.56;4.17
5418015;20237;2018;B;;56.6;51.785;4.815
5418014;20237;2018;B;;50.46;51.898;1.438
5418011;20237;2018;B;;47.31;51.898;4.588
5418017;20237;2018;B;;51.75;51.898;0.148
5418016;20237;2018;B;;40.43;52.099;11.669
5418013;20237;2018;B;;36.67;52.099;15.429
5418075;20237;2018;B;;48.88;50.561;1.681
5418071;20237;2018;B;;42.36;50.34;7.98
5418078;20237;2018;B;;49.74;50.34;0.6
5417153;20158;2018;B;;52.59;52.15;0.44
5417140;20158;2018;B;;58.71;52.578;6.132
5417142;20158;2018;B;;67.01;51.459;15.551
5417147;20158;2018;B;;65.42;51.937;13.483
5418355;20750;2018;W;;99.98;94.862;5.118
5418354;20750;2018;W;;95.51;97.304;1.794
5418352;20750;2018;W;;95.22;94.608;0.612
5418351;20750;2018;W;;92.15;97.688;5.538
5418358;20750;2018;W;;106.5;98.062;8.438
5418356;20750;2018;W;;100.53;94.336;6.194
5418359;20750;2018;W;;98.49;96.701;1.789
5418344;20750;2018;W;;96.43;96.55;0.12
5418342;20750;2018;W;;80.53;94.23;13.7
5418341;20750;2018;W;;78.88;96.55;17.67
5418346;20750;2018;W;;109.76;94.23;15.53
5418349;20750;2018;W;;112.11;96.55;15.56
5418343;20750;2018;W;;101.39;94.23;7.16
5418320;20750;2018;W;;96.82;96.55;0.27
5418325;20750;2018;W;;101.45;94.234;7.216
5418324;20750;2018;W;;99.59;96.554;3.036
5418322;20750;2018;W;;107.99;94.234;13.756
5418321;20750;2018;W;;105.93;96.554;9.376
5418328;20750;2018;W;;105.92;96.554;9.366
5418326;20750;2018;W;;90.38;94.195;3.815
5418323;20750;2018;W;;99.87;94.234;5.636
5418310;20750;2018;W;;102.94;96.024;6.916
5418315;20750;2018;W;;99.5;94.234;5.266
5418312;20750;2018;W;;94.0;94.336;0.336
5418318;20750;2018;W;;96.96;99.973;3.013
5418319;20750;2018;W;;99.98;97.691;2.289
5418370;20750;2018;W;;110.27;96.125;14.145
5418378;20750;2018;W;;102.04;95.721;6.319
5418376;20750;2018;W;;103.8;93.948;9.852
5418373;20750;2018;W;;100.11;94.234;5.876
5418385;20750;2018;W;;98.09;94.234;3.856
5418382;20750;2018;W;;115.38;93.948;21.432
5418381;20750;2018;W;;105.07;95.738;9.332
5418387;20750;2018;W;;103.29;94.093;9.197
5418386;20750;2018;W;;105.46;94.234;11.226
5416234;20759;2018;W;;113.97;97.304;16.666
5416232;20759;2018;W;;99.84;94.608;5.232
5416231;20759;2018;W;;99.62;97.688;1.932
5416237;20759;2018;W;;106.02;95.777;10.243
5416238;20759;2018;W;;103.83;98.062;5.768
5416233;20759;2018;W;;108.46;94.325;14.135
5416102;20759;2018;W;;100.25;94.23;6.02
5416101;20759;2018;W;;99.94;96.55;3.39
5416107;20759;2018;W;;109.4;94.23;15.17
5416108;20759;2018;W;;112.97;96.55;16.42
5416106;20759;2018;W;;118.74;94.23;24.51
5416103;20759;2018;W;;111.47;94.23;17.24
5416154;20759;2018;W;;107.57;96.554;11.016
5416151;20759;2018;W;;106.79;96.554;10.236
5416157;20759;2018;W;;125.87;94.234;31.636
5416158;20759;2018;W;;124.31;96.554;27.756
5416156;20759;2018;W;;97.74;94.195;3.545
5416159;20759;2018;W;;98.68;96.514;2.166
5416145;20759;2018;W;;114.4;94.234;20.166
5416148;20759;2018;W;;114.23;99.973;14.257
5416146;20759;2018;W;;101.66;94.496;7.164
5416149;20759;2018;W;;101.6;97.691;3.909
5416143;20759;2018;W;;104.2;94.365;9.835
5416120;20759;2018;W;;114.43;96.125;18.305
5416122;20759;2018;W;;104.97;94.172;10.798
5416123;20759;2018;W;;89.78;94.234;4.454
5416115;20759;2018;W;;104.24;94.234;10.006
5416114;20759;2018;W;;99.93;96.554;3.376
5416112;20759;2018;W;;118.25;93.948;24.302
5416111;20759;2018;W;;122.33;95.738;26.592
5416117;20759;2018;W;;105.72;94.093;11.627
5416118;20759;2018;W;;105.53;95.883;9.647
5416116;20759;2018;W;;109.43;94.234;15.196
5416119;20759;2018;W;;114.39;96.024;18.366
5416113;20759;2018;W;;108.27;94.234;14.036
5416804;20744;2018;W;;105.67;97.304;8.366
5416808;20744;2018;W;;109.1;98.062;11.038
5416809;20744;2018;W;;114.24;96.701;17.539
5416803;20744;2018;W;;103.19;94.325;8.865
5416850;20744;2018;W;;106.53;96.768;9.762
5416855;20744;2018;W;;96.43;94.23;2.2
5416852;20744;2018;W;;97.57;94.23;3.34
5416857;20744;2018;W;;106.43;94.23;12.2
5416858;20744;2018;W;;112.34;96.55;15.79
5416840;20744;2018;W;;107.76;96.55;11.21
5416845;20744;2018;W;;108.62;94.234;14.386
5416844;20744;2018;W;;106.62;96.554;10.066
5416841;20744;2018;W;;109.19;96.554;12.636
5416848;20744;2018;W;;114.81;96.554;18.256
5416849;20744;2018;W;;106.14;96.514;9.626
5416843;20744;2018;W;;107.95;94.234;13.716
5416825;20744;2018;W;;102.81;94.234;8.576
5416824;20744;2018;W;;109.67;96.464;13.206
5416821;20744;2018;W;;108.24;96.925;11.315
5416827;20744;2018;W;;104.72;95.223;9.497
5416826;20744;2018;W;;103.38;94.496;8.884
5416829;20744;2018;W;;107.86;97.691;10.169
5416810;20744;2018;W;;107.57;96.125;11.445
5416817;20744;2018;W;;105.67;94.093;11.577
5416819;20744;2018;W;;101.76;95.738;6.022
5416813;20744;2018;W;;93.48;94.234;0.754
5416870;20744;2018;W;;101.29;96.554;4.736
5416875;20744;2018;W;;110.91;94.234;16.676
5416874;20744;2018;W;;105.76;96.554;9.206
5416872;20744;2018;W;;106.91;93.948;12.962
5416871;20744;2018;W;;116.05;95.738;20.312
5416877;20744;2018;W;;108.24;94.093;14.147
5416879;20744;2018;W;;105.76;96.024;9.736
5416873;20744;2018;W;;100.43;94.234;6.196
5480991;20729;2018;W;;114.13;97.304;16.826
5480998;20729;2018;W;;104.6;99.973;4.627
5480996;20729;2018;W;;112.28;94.365;17.915
5480993;20729;2018;W;;112.72;94.172;18.548
5480930;20729;2018;W;;111.29;95.8;15.49
5480934;20729;2018;W;;113.13;95.738;17.392
5480932;20729;2018;W;;104.6;94.093;10.507
5480931;20729;2018;W;;111.76;95.883;15.877
5480938;20729;2018;W;;105.68;96.024;9.656
5480300;20729;2018;W;;112.87;96.554;16.316
5480305;20729;2018;W;;111.21;94.234;16.976
5480304;20729;2018;W;;109.99;96.554;13.436
5480302;20729;2018;W;;98.09;94.325;3.765
5480307;20729;2018;W;;110.85;94.496;16.354
5480308;20729;2018;W;;108.27;97.691;10.579
5480306;20729;2018;W;;111.51;94.969;16.541
5480309;20729;2018;W;;109.39;96.598;12.792
5480351;20729;2018;W;;117.25;96.55;20.7
5480357;20729;2018;W;;110.55;94.336;16.214
5480359;20729;2018;W;;102.8;98.062;4.738
5480353;20729;2018;W;;108.32;94.093;14.227
5480340;20729;2018;W;;115.04;95.721;19.319
5480344;20729;2018;W;;112.03;95.738;16.292
5480342;20729;2018;W;;108.96;94.234;14.726
5480348;20729;2018;W;;110.25;96.464;13.786
5480346;20729;2018;W;;107.77;94.234;13.536
5480343;20729;2018;W;;112.16;94.234;17.926
5480325;20729;2018;W;;112.59;94.234;18.356
5480322;20729;2018;W;;116.96;94.23;22.73
5480321;20729;2018;W;;112.05;96.55;15.5
5480327;20729;2018;W;;107.52;94.23;13.29
5480328;20729;2018;W;;105.16;96.55;8.61
5480326;20729;2018;W;;103.12;94.23;8.89
5480329;20729;2018;W;;106.65;96.55;10.1
5480323;20729;2018;W;;115.8;94.336;21.464
5480312;20723;2018;W;;75.93;94.862;18.932
5480311;20723;2018;W;;73.6;97.304;23.704
5480317;20723;2018;W;;88.61;95.223;6.613
5480318;20723;2018;W;;85.37;99.973;14.603
5480316;20723;2018;W;;85.74;94.365;8.625
5480319;20723;2018;W;;86.45;96.125;9.675
5480313;20723;2018;W;;84.46;94.172;9.712
5480375;20723;2018;W;;84.4;93.948;9.548
5480374;20723;2018;W;;87.2;95.738;8.538
5480377;20723;2018;W;;70.02;94.234;24.214
5480376;20723;2018;W;;80.77;94.234;13.464
5480380;20723;2018;W;;72.34;96.554;24.214
5480382;20723;2018;W;;80.12;94.325;14.205
5480388;20723;2018;W;;78.57;97.691;19.121
5480389;20723;2018;W;;81.13;96.598;15.468
5480360;20723;2018;W;;82.4;96.514;14.114
5480365;20723;2018;W;;79.38;94.23;14.85
5480364;20723;2018;W;;74.98;96.55;21.57
5480361;20723;2018;W;;80.34;96.55;16.21
5480369;20723;2018;W;;89.66;98.062;8.402
5480363;20723;2018;W;;82.28;94.093;11.813
5480390;20723;2018;W;;78.71;95.721;17.011
5480394;20723;2018;W;;88.43;95.738;7.308
5480392;20723;2018;W;;75.77;94.234;18.464
5480397;20723;2018;W;;83.01;94.234;11.224
5480398;20723;2018;W;;81.94;96.464;14.524
5480396;20723;2018;W;;68.48;94.234;25.754
5480399;20723;2018;W;;68.79;96.554;27.764
5480330;20723;2018;W;;69.57;96.554;26.984
5480334;20723;2018;W;;86.24;96.554;10.314
5480332;20723;2018;W;;83.35;94.23;10.88
5480331;20723;2018;W;;81.5;96.55;15.05
5480337;20723;2018;W;;80.83;94.23;13.4
5480338;20723;2018;W;;82.08;96.55;14.47
5480336;20723;2018;W;;85.83;94.23;8.4
5485000;20723;2018;W;;81.14;96.925;15.785
5485004;20723;2018;W;;70.2;97.688;27.488
5485412;20711;2018;W;;84.6;94.862;10.262
5485416;20711;2018;W;;83.71;94.365;10.655
5485419;20711;2018;W;;92.96;96.125;3.165
5485413;20711;2018;W;;91.79;94.172;2.382
5485470;20711;2018;W;;92.39;95.8;3.41
5485475;20711;2018;W;;95.17;93.948;1.222
5485474;20711;2018;W;;89.98;95.738;5.758
5485471;20711;2018;W;;94.07;95.883;1.813
5485477;20711;2018;W;;91.44;94.234;2.794
5485478;20711;2018;W;;92.05;96.024;3.974
5485476;20711;2018;W;;94.41;94.234;0.176
5485479;20711;2018;W;;96.45;96.554;0.104
5485480;20711;2018;W;;88.44;96.554;8.114
5485482;20711;2018;W;;88.13;94.325;6.195
5485481;20711;2018;W;;92.58;96.768;4.188
5485487;20711;2018;W;;90.84;94.496;3.656
5485489;20711;2018;W;;87.16;96.598;9.438
5485460;20711;2018;W;;89.67;96.514;6.844
5485462;20711;2018;W;;89.96;94.23;4.27
5485461;20711;2018;W;;91.13;96.55;5.42
5485468;20711;2018;W;;90.76;96.701;5.941
5485469;20711;2018;W;;92.38;98.062;5.682
5485463;20711;2018;W;;78.21;94.093;15.883
5485494;20711;2018;W;;91.34;95.738;4.398
5485492;20711;2018;W;;92.69;94.234;1.544
5485497;20711;2018;W;;93.38;94.234;0.854
5485496;20711;2018;W;;85.09;94.234;9.144
5485499;20711;2018;W;;88.91;96.554;7.644
5485434;20711;2018;W;;84.93;96.554;11.624
5485432;20711;2018;W;;91.68;94.23;2.55
5485431;20711;2018;W;;92.72;96.55;3.83
5485437;20711;2018;W;;89.54;94.23;4.69
5485439;20711;2018;W;;95.76;96.55;0.79
5485433;20711;2018;W;;91.34;94.336;2.996
5485200;20711;2018;W;;90.26;96.925;6.665
5485205;20711;2018;W;;86.2;94.608;8.408
5485204;20711;2018;W;;84.61;97.688;13.078
5485222;20718;2018;W;;105.78;94.862;10.918
5485227;20718;2018;W;;98.5;95.223;3.277
5485226;20718;2018;W;;117.34;94.365;22.975
5485229;20718;2018;W;;116.77;96.125;20.645
5485223;20718;2018;W;;112.27;94.172;18.098
5485215;20718;2018;W;;111.49;93.948;17.542
5485214;20718;2018;W;;114.63;95.738;18.892
5485212;20718;2018;W;;111.28;94.093;17.187
5485211;20718;2018;W;;110.6;95.883;14.717
5485217;20718;2018;W;;93.11;94.234;1.124
5485218;20718;2018;W;;96.98;96.024;0.956
5485213;20718;2018;W;;101.0;94.234;6.766
5485275;20718;2018;W;;104.99;94.234;10.756
5485274;20718;2018;W;;105.5;96.554;8.946
5485271;20718;2018;W;;102.26;96.768;5.492
5485276;20718;2018;W;;103.97;94.969;9.001
5485279;20718;2018;W;;103.28;96.598;6.682
5485287;20718;2018;W;;115.42;94.336;21.084
5485286;20718;2018;W;;91.48;95.777;4.297
5485260;20718;2018;W;;109.86;95.721;14.139
5485261;20718;2018;W;;107.46;96.024;11.436
5485267;20718;2018;W;;102.86;94.234;8.626
5485266;20718;2018;W;;96.55;94.234;2.316
5485269;20718;2018;W;;98.69;96.554;2.136
5485263;20718;2018;W;;106.07;94.234;11.836
5485295;20718;2018;W;;109.38;94.234;15.146
5485294;20718;2018;W;;110.49;96.554;13.936
5485298;20718;2018;W;;107.75;96.55;11.2
5485293;20718;2018;W;;120.55;94.336;26.214
5485230;20718;2018;W;;113.82;96.925;16.895
5485232;20716;2018;W;;74.05;94.862;20.812
5485231;20716;2018;W;;79.48;97.304;17.824
5485237;20716;2018;W;;93.48;95.223;1.743
5485239;20716;2018;W;;84.62;96.125;11.505
5485100;20716;2018;W;;87.86;95.8;7.94
5485101;20716;2018;W;;84.62;95.883;11.263
5485107;20716;2018;W;;62.62;94.234;31.614
5485108;20716;2018;W;;39.19;96.024;56.834
5485106;20716;2018;W;;83.86;94.234;10.374
5485150;20716;2018;W;;75.38;96.554;21.174
5485154;20716;2018;W;;91.57;96.554;4.984
5485152;20716;2018;W;;93.57;94.325;0.755
5485151;20716;2018;W;;95.29;96.768;1.478
5485157;20716;2018;W;;73.76;94.496;20.736
5485158;20716;2018;W;;73.0;97.691;24.691
5485159;20716;2018;W;;85.76;96.598;10.838
5485145;20716;2018;W;;82.14;94.23;12.09
5485142;20716;2018;W;;86.34;94.23;7.89
5485147;20716;2018;W;;85.76;94.336;8.576
5485148;20716;2018;W;;85.86;96.701;10.841
5485146;20716;2018;W;;91.57;95.777;4.207
5485149;20716;2018;W;;88.43;98.062;9.632
5485143;20716;2018;W;;89.76;94.093;4.333
5485122;20716;2018;W;;75.1;94.234;19.134
5485127;20716;2018;W;;79.67;94.234;14.564
5485128;20716;2018;W;;78.43;96.464;18.034
5485129;20716;2018;W;;79.19;96.554;17.364
5485110;20716;2018;W;;74.72;96.554;21.834
5485117;20716;2018;W;;83.19;94.23;11.04
5485118;20716;2018;W;;86.05;96.55;10.5
5485175;20716;2018;W;;61.29;94.608;33.318
5485672;20762;2018;W;;102.94;94.23;8.71
5485679;20762;2018;W;;96.47;95.883;0.587
5485673;20762;2018;W;;89.17;94.608;5.438
5485680;20762;2018;W;;88.16;97.688;9.528
5485681;20762;2018;W;;103.95;98.062;5.888
5485687;20762;2018;W;;104.26;94.325;9.935
5485688;20762;2018;W;;103.56;96.768;6.792
5485686;20762;2018;W;;94.61;94.862;0.252
5485689;20762;2018;W;;96.17;97.304;1.134
5485665;20762;2018;W;;110.22;94.336;15.884
5485661;20762;2018;W;;84.41;96.55;12.14
5485668;20762;2018;W;;87.98;96.55;8.57
5485666;20762;2018;W;;99.41;94.234;5.176
5485669;20762;2018;W;;100.9;96.464;4.436
5485695;20762;2018;W;;97.24;94.234;3.006
5485694;20762;2018;W;;91.34;96.554;5.214
5485692;20762;2018;W;;105.49;94.234;11.256
5485693;20762;2018;W;;98.38;95.223;3.157
5485635;20762;2018;W;;98.8;94.234;4.566
5485634;20762;2018;W;;89.34;96.554;7.214
5485632;20762;2018;W;;85.73;94.365;8.635
5485631;20762;2018;W;;99.26;96.125;3.135
5485637;20762;2018;W;;103.45;94.234;9.216
5485639;20762;2018;W;;106.05;95.8;10.25
5485633;20762;2018;W;;92.64;93.948;1.308
5485904;20762;2018;W;;89.68;96.514;6.834
5485902;20762;2018;W;;93.14;94.234;1.094
5485906;20762;2018;W;;106.67;94.969;11.701
5485950;20762;2018;W;;104.72;95.721;8.999
5485955;20762;2018;W;;98.89;93.948;4.942
5485954;20762;2018;W;;100.59;95.738;4.852
5485952;20761;2018;W;;125.31;94.23;31.08
5485957;20761;2018;W;;112.42;94.234;18.186
5485958;20761;2018;W;;111.89;96.024;15.866
5485956;20761;2018;W;;110.38;94.093;16.287
5485959;20761;2018;W;;115.18;95.883;19.297
5485941;20761;2018;W;;117.33;98.062;19.268
5485947;20761;2018;W;;113.75;94.325;19.425
5485948;20761;2018;W;;110.71;96.768;13.942
5485920;20761;2018;W;;114.52;96.925;17.595
5485924;20761;2018;W;;122.11;96.701;25.409
5485922;20761;2018;W;;111.76;94.23;17.53
5485926;20761;2018;W;;109.34;94.234;15.106
5485929;20761;2018;W;;108.55;96.464;12.086
5485923;20761;2018;W;;107.0;94.23;12.77
5485915;20761;2018;W;;107.9;94.234;13.666
5485917;20761;2018;W;;115.88;94.234;21.646
5485916;20761;2018;W;;113.18;94.23;18.95
5485919;20761;2018;W;;117.46;96.55;20.91
5485974;20761;2018;W;;105.62;96.554;9.066
5485977;20761;2018;W;;110.92;94.234;16.686
5485978;20761;2018;W;;107.68;96.554;11.126
5485976;20761;2018;W;;109.5;94.172;15.328
5485973;20761;2018;W;;116.56;93.948;22.612
5485980;20761;2018;W;;109.17;95.738;13.432
5485984;20761;2018;W;;108.25;96.514;11.736
5485982;20761;2018;W;;113.27;94.234;19.036
5485981;20761;2018;W;;107.17;96.554;10.616
5485987;20761;2018;W;;114.78;94.496;20.284
5485988;20761;2018;W;;109.12;97.691;11.429
5485960;20761;2018;W;;107.92;95.721;12.199
5484152;20797;2018;W;;75.11;94.23;19.12
5484156;20797;2018;W;;81.44;94.093;12.653
5484159;20797;2018;W;;90.23;95.883;5.653
5484153;20797;2018;W;;77.35;94.608;17.258
5484145;20797;2018;W;;75.09;94.234;19.144
5484144;20797;2018;W;;80.11;96.024;15.914
5484142;20797;2018;W;;74.58;95.777;21.197
5484141;20797;2018;W;;84.05;98.062;14.012
5484148;20797;2018;W;;80.8;96.768;15.968
5484143;20797;2018;W;;85.08;94.336;9.256
5484120;20797;2018;W;;94.39;96.925;2.535
5484121;20797;2018;W;;82.97;96.55;13.58
5484128;20797;2018;W;;95.31;96.55;1.24
5484129;20797;2018;W;;95.76;96.464;0.704
5484123;20797;2018;W;;82.83;94.23;11.4
5484110;20797;2018;W;;85.17;96.55;11.38
5484115;20797;2018;W;;75.03;94.234;19.204
5484111;20797;2018;W;;91.12;96.554;5.434
5484117;20797;2018;W;;85.52;94.234;8.714
5484116;20797;2018;W;;84.71;94.23;9.52
5484113;20797;2018;W;;78.87;95.223;16.353
5484170;20797;2018;W;;87.87;99.973;12.103
5484175;20797;2018;W;;84.57;94.234;9.664
5484171;20797;2018;W;;92.98;96.125;3.145
5484179;20797;2018;W;;91.57;95.8;4.23
5484180;20797;2018;W;;94.5;95.738;1.238
5484185;20797;2018;W;;81.32;94.195;12.875
5484184;20797;2018;W;;88.88;96.514;7.634
5484182;20797;2018;W;;83.98;94.234;10.254
5484181;20797;2018;W;;90.12;96.554;6.434
5484187;20797;2018;W;;85.03;94.496;9.466
5484188;20797;2018;W;;91.04;97.691;6.651
5484189;20797;2018;W;;97.69;96.598;1.092
5484183;20797;2018;W;;78.87;94.093;15.223
5484165;20797;2018;W;;88.76;93.948;5.188
5484164;20797;2018;W;;95.99;95.738;0.252
5484892;20730;2018;W;;94.04;94.23;0.19
5484891;20730;2018;W;;95.77;96.55;0.78
5484897;20730;2018;W;;104.04;94.234;9.806
5484830;20730;2018;W;;92.51;97.688;5.178
5484835;20730;2018;W;;98.11;94.234;3.876
5484837;20730;2018;W;;97.61;94.325;3.285
5484838;20730;2018;W;;102.1;96.768;5.332
5484839;20730;2018;W;;106.89;97.304;9.586
5484605;20730;2018;W;;103.7;94.336;9.364
5484604;20730;2018;W;;105.87;96.701;9.169
5484607;20730;2018;W;;96.47;94.23;2.24
5484608;20730;2018;W;;97.9;96.55;1.35
5484606;20730;2018;W;;109.42;94.234;15.186
5484609;20730;2018;W;;112.68;96.464;16.216
5484603;20730;2018;W;;102.65;94.23;8.42
5484655;20730;2018;W;;103.41;94.234;9.176
5484654;20730;2018;W;;104.12;96.554;7.566
5484651;20730;2018;W;;104.41;96.554;7.856
5484658;20730;2018;W;;111.07;96.554;14.516
5484659;20730;2018;W;;112.48;96.55;15.93
5484645;20730;2018;W;;102.99;94.234;8.756
5484644;20730;2018;W;;105.02;96.554;8.466
5484648;20730;2018;W;;109.26;96.554;12.706
5484646;20730;2018;W;;105.63;94.172;11.458
5484620;20730;2018;W;;104.53;95.738;8.792
5484625;20730;2018;W;;104.31;94.195;10.115
5484627;20730;2018;W;;106.65;94.496;12.154
5484623;20730;2018;W;;106.04;94.093;11.947
5484610;20730;2018;W;;106.69;95.721;10.969
5484615;20730;2018;W;;109.87;93.948;15.922
5484614;20730;2018;W;;114.13;95.738;18.392
5462826;20739;2018;W;;82.3;94.336;12.036
5462810;20739;2018;W;;84.83;96.768;11.938
5462815;20739;2018;W;;72.77;94.23;21.46
5462811;20739;2018;W;;82.64;96.554;13.914
5462817;20739;2018;W;;81.8;94.608;12.808
5462818;20739;2018;W;;80.14;97.688;17.548
5462816;20739;2018;W;;86.03;94.336;8.306
5462870;20739;2018;W;;77.74;96.514;18.774
5462875;20739;2018;W;;75.74;94.23;18.49
5462877;20739;2018;W;;76.15;94.234;18.084
5462878;20739;2018;W;;80.43;96.554;16.124
5462876;20739;2018;W;;81.11;94.23;13.12
5462879;20739;2018;W;;76.7;96.55;19.85
5462873;20739;2018;W;;77.52;94.23;16.71
5462884;20739;2018;W;;87.27;96.554;9.284
5462882;20739;2018;W;;87.95;94.234;6.284
5462887;20739;2018;W;;83.3;94.496;11.196
5462886;20739;2018;W;;84.02;94.969;10.949
5462883;20739;2018;W;;79.49;94.093;14.603
5462865;20739;2018;W;;85.21;94.234;9.024
5462864;20739;2018;W;;83.39;96.554;13.164
5462862;20739;2018;W;;81.09;94.234;13.144
5462861;20739;2018;W;;81.99;96.464;14.474
5462867;20739;2018;W;;81.2;93.948;12.748
5462868;20739;2018;W;;84.96;95.738;10.778
5462866;20739;2018;W;;73.64;95.223;21.583
5462869;20739;2018;W;;76.89;99.973;23.083
5462863;20739;2018;W;;83.33;94.365;11.035
5462890;20739;2018;W;;86.78;96.125;9.345
5462895;20739;2018;W;;89.58;94.172;4.592
5462894;20739;2018;W;;84.53;95.8;11.27
5462892;20739;2018;W;;80.7;93.948;13.248
5462891;20739;2018;W;;81.78;95.738;13.958
5462897;20739;2018;W;;78.33;94.093;15.763
5462898;20739;2018;W;;83.73;95.883;12.153
5462896;20739;2018;W;;86.39;94.234;7.844
5462899;20739;2018;W;;87.86;96.024;8.164
5462893;20739;2018;W;;82.15;94.234;12.084
5462830;20739;2018;W;;77.34;96.024;18.684
5462835;20739;2018;W;;78.8;95.777;16.977
5462834;20739;2018;W;;87.23;98.062;10.832
5462831;20739;2018;W;;84.23;97.304;13.074
5462956;20804;2018;W;;95.82;94.336;1.484
5462959;20804;2018;W;;92.29;96.925;4.635
5462953;20804;2018;W;;68.07;94.325;26.255
5462945;20804;2018;W;;53.03;94.23;41.2
5462942;20804;2018;W;;75.13;94.234;19.104
5462941;20804;2018;W;;74.39;96.554;22.164
5462943;20804;2018;W;;73.29;94.195;20.905
5462921;20804;2018;W;;83.56;96.554;12.994
5462927;20804;2018;W;;76.73;94.234;17.504
5462928;20804;2018;W;;86.98;96.554;9.574
5462929;20804;2018;W;;74.64;96.55;21.91
5462923;20804;2018;W;;60.36;94.23;33.87
5462919;20804;2018;W;;62.77;96.598;33.828
5462972;20804;2018;W;;86.4;94.234;7.834
5462977;20804;2018;W;;78.1;93.948;15.848
5462976;20804;2018;W;;68.8;95.223;26.423
5462979;20804;2018;W;;72.78;99.973;27.193
5462973;20804;2018;W;;64.45;94.365;29.915
5462984;20804;2018;W;;68.19;95.8;27.61
5462982;20804;2018;W;;90.21;93.948;3.738
5462981;20804;2018;W;;88.76;95.738;6.978
5462987;20804;2018;W;;65.19;94.093;28.903
5462960;20804;2018;W;;66.95;96.024;29.074
5462964;20804;2018;W;;58.11;98.062;39.952
5462962;20804;2018;W;;72.74;94.862;22.122
5462961;20804;2018;W;;75.16;97.304;22.144
5462967;20804;2018;W;;81.23;94.23;13.0
5462968;20804;2018;W;;82.61;96.55;13.94
5462326;20801;2018;W;;92.84;94.336;1.496
5462329;20801;2018;W;;85.34;96.925;11.585
5462323;20801;2018;W;;92.8;94.325;1.525
5462312;20801;2018;W;;82.54;94.234;11.694
5462311;20801;2018;W;;75.94;96.554;20.614
5462316;20801;2018;W;;99.68;94.336;5.344
5462319;20801;2018;W;;92.31;96.701;4.391
5462313;20801;2018;W;;89.56;94.195;4.635
5462375;20801;2018;W;;82.43;94.23;11.8
5462378;20801;2018;W;;88.73;96.554;7.824
5462376;20801;2018;W;;94.5;94.23;0.27
5462379;20801;2018;W;;87.88;96.55;8.67
5462373;20801;2018;W;;88.81;94.23;5.42
5462380;20801;2018;W;;84.87;96.55;11.68
5462384;20801;2018;W;;84.28;96.554;12.274
5462381;20801;2018;W;;88.39;96.554;8.164
5462387;20801;2018;W;;93.83;94.496;0.666
5462389;20801;2018;W;;85.14;96.598;11.458
5462383;20801;2018;W;;93.54;94.093;0.553
5462365;20801;2018;W;;92.17;94.234;2.064
5462364;20801;2018;W;;88.26;96.554;8.294
5462362;20801;2018;W;;93.48;94.234;0.754
5462361;20801;2018;W;;85.38;96.464;11.084
5462363;20801;2018;W;;93.76;94.365;0.605
5462395;20801;2018;W;;97.43;94.172;3.258
5462394;20801;2018;W;;89.58;95.8;6.22
5462391;20801;2018;W;;92.98;95.738;2.758
5462397;20801;2018;W;;90.37;94.093;3.723
5462396;20801;2018;W;;103.04;94.234;8.806
5462399;20801;2018;W;;99.7;96.024;3.676
5462393;20801;2018;W;;95.32;94.234;1.086
5462332;20801;2018;W;;99.38;94.862;4.518
5462337;20801;2018;W;;87.66;94.23;6.57
5114601;20809;2018;W;;63.16;94.336;31.176
5114606;20809;2018;W;;51.63;96.768;45.138
5114650;20809;2018;W;;55.7;94.234;38.534
5114655;20809;2018;W;;46.2;96.554;50.354
5114654;20809;2018;W;;64.66;94.608;29.948
5114651;20809;2018;W;;58.28;94.336;36.056
5114656;20809;2018;W;;48.1;96.514;48.414
5114653;20809;2018;W;;48.24;96.55;48.31
5114646;20809;2018;W;;59.77;96.55;36.78
5114620;20809;2018;W;;65.74;94.234;28.494
5114624;20809;2018;W;;56.11;94.496;38.386
5114622;20809;2018;W;;49.87;97.691;47.821
5114626;20809;2018;W;;68.18;95.721;27.541
5114614;20809;2018;W;;58.55;93.948;35.398
5114612;20809;2018;W;;57.19;95.738;38.548
5114617;20809;2018;W;;60.45;99.973;39.523
5114670;20809;2018;W;;59.5;93.948;34.448
5114675;20809;2018;W;;56.79;95.738;38.948
5114672;20809;2018;W;;49.59;95.883;46.293
5114671;20809;2018;W;;65.2;94.234;29.034
5114677;20809;2018;W;;54.07;96.024;41.954
5114679;20809;2018;W;;64.25;95.777;31.527
5114673;20809;2018;W;;59.77;98.062;38.292
5114685;20809;2018;W;;61.53;97.304;35.774
5114684;20809;2018;W;;51.77;94.23;42.46
5461426;20803;2018;W;;103.19;94.336;8.854
5461429;20803;2018;W;;77.38;94.325;16.945
5461417;20803;2018;W;;91.1;94.234;3.134
5461418;20803;2018;W;;81.86;94.234;12.374
5461416;20803;2018;W;;48.53;94.23;45.7
5461413;20803;2018;W;;82.72;94.234;11.514
5461475;20803;2018;W;;75.48;94.496;19.016
5461474;20803;2018;W;;74.72;94.969;20.249
5461478;20803;2018;W;;63.29;93.948;30.658
5461476;20803;2018;W;;60.91;95.223;34.313
5461479;20803;2018;W;;66.62;94.365;27.745
5461473;20803;2018;W;;69.29;94.172;24.882
5461485;20803;2018;W;;65.67;94.093;28.423
5461484;20803;2018;W;;81.38;94.234;12.854
5461481;20803;2018;W;;63.29;95.777;32.487
5461487;20803;2018;W;;63.76;94.862;31.102
5413495;20875;2018;W;;69.59;95.777;26.187
5413494;20875;2018;W;;78.31;95.223;16.913
5413491;20875;2018;W;;69.34;94.172;24.832
5413496;20875;2018;W;;75.49;94.234;18.744
5413432;20875;2018;W;;81.32;94.23;12.91
5413437;20875;2018;W;;71.43;94.325;22.895
5413438;20875;2018;W;;75.31;94.496;19.186
5413436;20875;2018;W;;75.81;94.969;19.159
5413433;20875;2018;W;;81.96;94.093;12.133
5413205;20875;2018;W;;76.91;94.234;17.324
5413202;20875;2018;W;;74.3;94.234;19.934
5413207;20875;2018;W;;74.87;94.862;19.992
5413208;20875;2018;W;;79.48;94.234;14.754
5413206;20875;2018;W;;80.66;94.23;13.57
5413203;20875;2018;W;;62.11;94.23;32.12
5413250;20875;2018;W;;68.66;94.336;25.676
5413255;20874;2018;W;;99.76;95.777;3.983
5413251;20874;2018;W;;88.01;99.973;11.963
5413258;20874;2018;W;;88.03;96.125;8.095
5413259;20874;2018;W;;86.23;95.8;9.57
5413253;20874;2018;W;;102.74;93.948;8.792
5413240;20874;2018;W;;83.56;95.738;12.178
5413244;20874;2018;W;;82.64;95.883;13.243
5413242;20874;2018;W;;103.53;94.234;9.296
5413241;20874;2018;W;;84.43;96.024;11.594
5413248;20874;2018;W;;89.39;96.554;7.164
5413246;20874;2018;W;;111.01;94.234;16.776
5413243;20874;2018;W;;100.07;94.234;5.836
5413225;20874;2018;W;;98.55;94.608;3.942
5413221;20874;2018;W;;84.98;96.514;11.534
5413227;20874;2018;W;;104.3;94.23;10.07
5413226;20874;2018;W;;99.89;94.23;5.66
5413210;20874;2018;W;;78.34;96.768;18.428
5413211;20874;2018;W;;92.85;96.598;3.748
5413275;20874;2018;W;;98.75;94.234;4.516
5413272;20874;2018;W;;100.05;94.234;5.816
5413271;20874;2018;W;;86.93;96.464;9.534
5413278;20874;2018;W;;92.75;96.554;3.804
5413273;20874;2018;W;;99.08;94.862;4.218
5413284;20874;2018;W;;89.83;96.554;6.724
5413282;20874;2018;W;;109.91;94.23;15.68
5413287;20874;2018;W;;104.85;94.23;10.62
5413289;20874;2018;W;;91.23;96.55;5.32
5413283;20874;2018;W;;106.17;94.336;11.834
5413795;20876;2018;W;;86.67;95.777;9.107
5413792;20876;2018;W;;88.52;95.223;6.703
5413791;20876;2018;W;;91.67;99.973;8.303
5413797;20876;2018;W;;78.49;94.365;15.875
5413799;20876;2018;W;;84.89;95.8;10.91
5413793;20876;2018;W;;84.67;93.948;9.278
5413732;20876;2018;W;;91.75;94.234;2.484
5413731;20876;2018;W;;88.7;96.024;7.324
5413738;20876;2018;W;;88.24;96.554;8.314
5413736;20876;2018;W;;87.58;94.234;6.654
5413739;20876;2018;W;;84.02;96.554;12.534
5413733;20876;2018;W;;85.06;94.234;9.174
5413800;20876;2018;W;;90.03;96.554;6.524
5413805;20876;2018;W;;82.71;94.608;11.898
5413807;20876;2018;W;;86.9;94.23;7.33
5413806;20876;2018;W;;81.02;94.23;13.21
5413809;20876;2018;W;;79.43;96.55;17.12
5413850;20876;2018;W;;91.96;96.768;4.808
5413855;20876;2018;W;;86.36;94.496;8.136
5413854;20876;2018;W;;91.02;97.691;6.671
5413857;20876;2018;W;;96.46;94.336;2.124
5413858;20876;2018;W;;91.8;96.701;4.901
5413856;20876;2018;W;;93.39;94.093;0.703
5413859;20876;2018;W;;90.4;95.721;5.321
5413853;20876;2018;W;;85.86;93.948;8.088
5413844;20876;2018;W;;82.21;96.024;13.814
5413846;20876;2018;W;;92.37;94.234;1.864
5413849;20876;2018;W;;92.67;96.554;3.884
5413820;20876;2018;W;;88.12;97.304;9.184
5413825;20876;2018;W;;87.08;94.234;7.154
5413821;20876;2018;W;;88.0;96.55;8.55
5413828;20876;2018;W;;80.89;96.55;15.66
5413826;20876;2018;W;;90.4;94.23;3.83
5413829;20876;2018;W;;83.7;96.55;12.85
5413823;20876;2018;W;;93.36;94.336;0.976
5413810;20876;2018;W;;94.06;96.925;2.865
5413625;20863;2018;W;;85.97;94.608;8.638
5413622;20863;2018;W;;99.68;94.365;5.315
5413626;20863;2018;W;;98.47;94.234;4.236
5413623;20863;2018;W;;104.92;95.777;9.143
5413614;20863;2018;W;;106.65;94.195;12.455
5413617;20863;2018;W;;91.34;94.23;2.89
5413619;20863;2018;W;;93.69;94.969;1.279
5413613;20863;2018;W;;102.37;94.093;8.277
5413677;20863;2018;W;;97.24;94.234;3.006
5413679;20863;2018;W;;88.78;94.23;5.45
5413673;20863;2018;W;;95.38;94.336;1.044
5413680;20863;2018;W;;91.8;94.862;3.062
5413685;20890;2018;W;;107.11;94.608;12.502
5413684;20890;2018;W;;104.19;97.688;6.502
5413682;20890;2018;W;;110.18;95.223;14.957
5413681;20890;2018;W;;103.89;99.973;3.917
5413689;20890;2018;W;;112.09;95.8;16.29
5413660;20890;2018;W;;109.04;95.738;13.302
5413665;20890;2018;W;;111.34;94.093;17.247
5413664;20890;2018;W;;105.44;95.883;9.557
5413662;20890;2018;W;;111.43;94.234;17.196
5413661;20890;2018;W;;108.16;96.024;12.136
5413667;20890;2018;W;;111.69;94.234;17.456
5413669;20890;2018;W;;111.47;98.062;13.408
5413663;20890;2018;W;;110.99;94.234;16.756
5413690;20890;2018;W;;112.94;96.554;16.386
5413695;20890;2018;W;;109.57;94.234;15.336
5413694;20890;2018;W;;106.41;96.554;9.856
5413692;20890;2018;W;;109.52;94.195;15.325
5413698;20890;2018;W;;107.15;97.691;9.459
5413693;20890;2018;W;;114.96;94.23;20.73
5413630;20890;2018;W;;115.0;96.55;18.45
5413635;20890;2018;W;;113.93;94.336;19.594
5413634;20890;2018;W;;115.77;96.701;19.069
5413632;20890;2018;W;;110.55;94.325;16.225
5413631;20890;2018;W;;113.36;96.768;16.592
5413637;20890;2018;W;;112.64;94.969;17.671
5413638;20890;2018;W;;112.33;96.598;15.732
5413639;20890;2018;W;;112.79;95.721;17.069
5413633;20890;2018;W;;111.25;93.948;17.302
5413900;20890;2018;W;;112.63;95.738;16.892
5413905;20890;2018;W;;106.14;94.234;11.906
5413908;20890;2018;W;;110.35;96.554;13.796
5413955;20890;2018;W;;110.38;94.23;16.15
5413954;20890;2018;W;;107.74;96.55;11.19
5413952;20890;2018;W;;109.72;94.23;15.49
5413951;20890;2018;W;;111.98;96.55;15.43
5413956;20890;2018;W;;114.35;94.336;20.014
5413959;20890;2018;W;;111.38;96.925;14.455
5470285;20832;2018;W;;71.1;95.223;24.123
5470284;20832;2018;W;;82.96;94.365;11.405
5470287;20832;2018;W;;76.12;94.093;17.973
5470288;20832;2018;W;;71.84;94.234;22.394
5470286;20832;2018;W;;75.95;94.234;18.284
5470289;20832;2018;W;;76.28;94.496;18.216
5470265;20832;2018;W;;82.06;94.969;12.909
5470264;20832;2018;W;;81.54;94.195;12.655
5470261;20832;2018;W;;70.38;94.23;23.85
5470267;20832;2018;W;;70.64;94.23;23.59
5470268;20832;2018;W;;76.23;93.948;17.718
5470266;20832;2018;W;;58.43;94.336;35.906
5470269;20832;2018;W;;73.16;94.234;21.074
5470263;20832;2018;W;;79.85;94.234;14.384
5470290;20832;2018;W;;62.52;94.608;32.088
5470295;20832;2018;W;;76.03;94.325;18.295
5470291;20832;2018;W;;82.98;94.234;11.254
5470297;20832;2018;W;;66.6;94.23;27.63
5470296;20832;2018;W;;70.81;94.23;23.42
5470230;20832;2018;W;;72.7;95.777;23.077
5470195;20838;2018;W;;114.85;95.223;19.627
5470194;20838;2018;W;;116.32;99.973;16.347
5470191;20838;2018;W;;112.85;96.125;16.725
5470197;20838;2018;W;;115.22;94.172;21.048
5470196;20838;2018;W;;113.97;93.948;20.022
5470130;20838;2018;W;;122.92;95.883;27.037
5470131;20838;2018;W;;114.85;96.554;18.296
5470138;20838;2018;W;;108.66;97.691;10.969
5470136;20838;2018;W;;116.93;94.234;22.696
5470139;20838;2018;W;;119.34;96.554;22.786
5470705;20838;2018;W;;104.78;94.969;9.811
5470704;20838;2018;W;;107.79;96.598;11.192
5470702;20838;2018;W;;105.14;94.195;10.945
5470701;20838;2018;W;;99.92;96.514;3.406
5470707;20838;2018;W;;118.21;94.093;24.117
5470708;20838;2018;W;;114.46;95.721;18.739
5470706;20838;2018;W;;112.81;94.23;18.58
5470703;20838;2018;W;;109.92;94.23;15.69
5470750;20838;2018;W;;113.69;96.55;17.14
5470752;20838;2018;W;;110.2;94.336;15.864
5470758;20838;2018;W;;115.97;96.024;19.946
5470753;20838;2018;W;;108.62;94.608;14.012
5470745;20838;2018;W;;113.67;94.325;19.345
5470744;20838;2018;W;;113.84;96.768;17.072
5470742;20838;2018;W;;115.59;94.234;21.356
5470741;20838;2018;W;;117.26;96.554;20.706
5470746;20838;2018;W;;109.34;94.234;15.106
5470743;20838;2018;W;;112.09;94.23;17.86
5470725;20838;2018;W;;105.35;94.23;11.12
5470722;20838;2018;W;;114.8;94.23;20.57
5470723;20838;2018;W;;118.73;95.777;22.953
5470807;20839;2018;W;;83.88;94.172;10.292
5470808;20839;2018;W;;80.62;95.8;15.18
5470806;20839;2018;W;;88.27;93.948;5.678
5470809;20839;2018;W;;90.51;95.738;5.228
5470855;20839;2018;W;;80.42;94.234;13.814
5470857;20839;2018;W;;86.27;94.496;8.226
5470859;20839;2018;W;;85.11;96.554;11.444
5470840;20839;2018;W;;73.99;96.554;22.564
5470844;20839;2018;W;;87.28;96.598;9.318
5470841;20839;2018;W;;73.71;96.514;22.804
5470847;20839;2018;W;;89.92;94.093;4.173
5470849;20839;2018;W;;76.63;96.55;19.92
5470843;20839;2018;W;;83.12;94.23;11.11
5470825;20839;2018;W;;90.29;93.948;3.658
5470824;20839;2018;W;;84.32;95.738;11.418
5470822;20839;2018;W;;81.05;94.336;13.286
5470827;20839;2018;W;;91.21;94.234;3.024
5470810;20839;2018;W;;74.13;97.688;23.558
5470812;20839;2018;W;;95.2;94.234;0.966
5470817;20839;2018;W;;82.98;94.234;11.254
5470818;20839;2018;W;;83.71;96.554;12.844
5470816;20839;2018;W;;86.95;94.234;7.284
5470819;20839;2018;W;;74.23;96.554;22.324
5470870;20839;2018;W;;85.71;96.55;10.84
5470871;20839;2018;W;;76.98;96.55;19.57
5470877;20839;2018;W;;84.46;94.336;9.876
5470876;20839;2018;W;;81.65;94.862;13.212
5470879;20839;2018;W;;69.26;97.304;28.044
5470873;20839;2018;W;;84.37;95.777;11.407
5470880;20839;2018;W;;75.86;98.062;22.202
5475042;20606;2018;W;;57.92;94.608;36.688
5475047;20606;2018;W;;75.96;95.223;19.263
5475048;20606;2018;W;;66.31;99.973;33.663
5475049;20606;2018;W;;69.34;96.125;26.785
5475020;20606;2018;W;;71.36;95.8;24.44
5475024;20606;2018;W;;65.36;95.738;30.378
5475028;20606;2018;W;;82.08;97.304;15.224
5475029;20606;2018;W;;71.74;96.024;24.284
5475023;20606;2018;W;;80.52;94.234;13.714
5475010;20606;2018;W;;73.21;96.554;23.344
5475014;20606;2018;W;;74.92;96.554;21.634
5475011;20606;2018;W;;77.53;96.554;19.024
5475018;20606;2018;W;;72.8;96.768;23.968
5475016;20606;2018;W;;70.61;94.195;23.585
5475013;20606;2018;W;;78.17;94.496;16.326
5475070;20606;2018;W;;62.86;97.691;34.831
5475075;20606;2018;W;;74.67;94.23;19.56
5475074;20606;2018;W;;66.49;96.55;30.06
5475076;20606;2018;W;;75.34;94.093;18.753
5475079;20606;2018;W;;65.59;95.721;30.131
5475073;20606;2018;W;;63.65;94.336;30.686
5475080;20606;2018;W;;64.98;96.701;31.721
5475085;20606;2018;W;;75.33;93.948;18.618
5475082;20606;2018;W;;83.25;94.234;10.984
5475081;20606;2018;W;;75.89;96.024;20.134
5475087;20606;2018;W;;74.11;94.234;20.124
5475088;20606;2018;W;;77.92;96.464;18.544
5475083;20606;2018;W;;76.8;94.234;17.434
5475065;20606;2018;W;;71.12;94.234;23.114
5475061;20606;2018;W;;71.81;96.55;24.74
5475095;20603;2018;W;;72.39;94.862;22.472
5475092;20603;2018;W;;65.33;94.496;29.166
5475097;20603;2018;W;;60.29;94.608;34.318
5475096;20603;2018;W;;71.49;95.777;24.287
5475093;20603;2018;W;;58.58;94.365;35.785
5475030;20603;2018;W;;59.74;94.172;34.432
5475035;20603;2018;W;;69.45;93.948;24.498
5475031;20603;2018;W;;60.49;94.234;33.744
5475037;20603;2018;W;;75.44;94.234;18.794
5475038;20603;2018;W;;61.95;94.234;32.284
5475036;20603;2018;W;;63.95;94.234;30.284
5475033;20603;2018;W;;66.87;94.234;27.364
5475500;20603;2018;W;;76.19;94.234;18.044
5475505;20603;2018;W;;65.57;94.234;28.664
5475502;20603;2018;W;;66.08;94.234;28.154
5475508;20603;2018;W;;68.2;94.23;26.03
5475509;20603;2018;W;;77.7;94.336;16.636
5475503;20603;2018;W;;79.94;94.23;14.29
5475485;20652;2018;W;;107.91;94.862;13.048
5475484;20652;2018;W;;110.38;97.304;13.076
5475482;20652;2018;W;;105.75;94.325;11.425
5475488;20652;2018;W;;97.14;97.691;0.551
5475460;20652;2018;W;;101.46;97.688;3.772
5475465;20652;2018;W;;105.97;94.093;11.877
5475464;20652;2018;W;;144.33;95.721;48.609
5475461;20652;2018;W;;99.55;98.062;1.488
5475468;20652;2018;W;;95.45;99.973;4.523
5475469;20652;2018;W;;105.26;96.125;9.135
5475463;20652;2018;W;;107.42;94.172;13.248
5475495;20652;2018;W;;108.86;93.948;14.912
5475497;20652;2018;W;;104.81;94.093;10.717
5475498;20652;2018;W;;103.22;95.883;7.337
5475496;20652;2018;W;;103.85;94.234;9.616
5475499;20652;2018;W;;98.37;96.024;2.346
5475430;20652;2018;W;;108.41;96.024;12.386
5475432;20652;2018;W;;106.79;94.234;12.556
5475438;20652;2018;W;;99.15;96.554;2.596
5475436;20652;2018;W;;105.48;94.234;11.246
5475439;20652;2018;W;;107.36;96.554;10.806
5475200;20652;2018;W;;109.31;96.554;12.756
5475205;20652;2018;W;;101.13;94.234;6.896
5475204;20652;2018;W;;102.74;96.554;6.186
5475207;20652;2018;W;;103.72;94.234;9.486
5475208;20652;2018;W;;101.02;96.554;4.466
5475209;20652;2018;W;;103.56;96.55;7.01
5475203;20652;2018;W;;105.73;94.23;11.5
5475250;20652;2018;W;;103.71;96.55;7.16
5475255;20652;2018;W;;98.43;94.23;4.2
5475254;20652;2018;W;;93.76;96.55;2.79
5475251;20652;2018;W;;109.83;96.55;13.28
5475258;20652;2018;W;;107.42;96.701;10.719
5475256;20652;2018;W;;112.17;94.23;17.94
5475253;20652;2018;W;;111.01;94.336;16.674
5475240;20652;2018;W;;109.33;96.925;12.405
5475115;20656;2018;W;;72.85;94.862;22.012
5475112;20656;2018;W;;62.74;94.608;31.868
5475117;20656;2018;W;;77.31;94.365;17.055
5475118;20656;2018;W;;71.56;95.777;24.217
5475119;20656;2018;W;;70.53;94.496;23.966
5475113;20656;2018;W;;75.02;94.969;19.949
5475170;20656;2018;W;;75.77;94.093;18.323
5475175;20656;2018;W;;79.94;93.948;14.008
5475177;20656;2018;W;;76.14;94.234;18.094
5475179;20656;2018;W;;75.03;94.234;19.204
5475184;20656;2018;W;;73.64;94.23;20.59
5475181;20656;2018;W;;73.38;94.234;20.854
5475187;20656;2018;W;;62.06;94.336;32.276
5475188;20656;2018;W;;73.91;94.234;20.324
5475189;20656;2018;W;;72.3;94.23;21.93
5475160;20656;2018;W;;61.89;94.336;32.446
5475165;20659;2018;W;;86.89;94.862;7.972
5475164;20659;2018;W;;102.74;97.304;5.436
5475166;20659;2018;W;;99.57;95.223;4.347
5475169;20659;2018;W;;97.2;99.973;2.773
5475163;20659;2018;W;;91.69;94.365;2.675
5475190;20659;2018;W;;100.37;96.125;4.245
5475194;20659;2018;W;;99.81;98.062;1.748
5475192;20659;2018;W;;93.91;94.172;0.262
5475191;20659;2018;W;;96.5;95.8;0.7
5475197;20659;2018;W;;98.09;94.496;3.594
5475199;20659;2018;W;;102.3;96.598;5.702
5475193;20659;2018;W;;97.64;94.093;3.547
5475136;20659;2018;W;;103.36;94.093;9.267
5475133;20659;2018;W;;105.31;94.234;11.076
5475702;20659;2018;W;;96.34;94.234;2.106
5475701;20659;2018;W;;91.16;96.024;4.864
5475707;20659;2018;W;;94.3;94.234;0.066
5475708;20659;2018;W;;94.65;96.554;1.904
5475706;20659;2018;W;;103.64;94.234;9.406
5475709;20659;2018;W;;106.56;96.554;10.006
5475755;20659;2018;W;;90.88;94.23;3.35
5475752;20659;2018;W;;98.99;94.23;4.76
5475751;20659;2018;W;;92.75;96.55;3.8
5475758;20659;2018;W;;101.28;96.55;4.73
5475756;20659;2018;W;;100.27;94.234;6.036
5475740;20659;2018;W;;103.07;96.925;6.145
5475744;20659;2018;W;;98.84;96.554;2.286
5475742;20659;2018;W;;92.64;94.195;1.555
5475746;20659;2018;W;;96.82;94.23;2.59
5475895;20644;2018;W;;88.64;94.862;6.222
5475894;20644;2018;W;;95.44;97.304;1.864
5475893;20644;2018;W;;88.66;94.365;5.705
5475830;20644;2018;W;;80.88;96.125;15.245
5475834;20644;2018;W;;91.71;98.062;6.352
5475832;20644;2018;W;;89.68;94.172;4.492
5475837;20644;2018;W;;84.89;94.496;9.606
5475605;20644;2018;W;;85.35;93.948;8.598
5475604;20644;2018;W;;91.47;95.738;4.268
5475608;20644;2018;W;;83.64;96.024;12.384
5475606;20644;2018;W;;87.24;94.093;6.853
5475609;20644;2018;W;;86.36;95.883;9.523
5475603;20644;2018;W;;87.5;94.234;6.734
5475654;20644;2018;W;;79.57;96.554;16.984
5475652;20644;2018;W;;85.75;94.234;8.484
5475651;20644;2018;W;;88.14;96.024;7.884
5475657;20644;2018;W;;83.64;94.234;10.594
5475653;20644;2018;W;;78.75;94.234;15.484
5475640;20644;2018;W;;76.62;96.554;19.934
5475644;20644;2018;W;;80.0;96.55;16.55
5475641;20644;2018;W;;96.56;96.55;0.01
5475647;20644;2018;W;;90.02;94.23;4.21
5475624;20644;2018;W;;82.0;96.554;14.554
5475627;20644;2018;W;;90.05;94.23;4.18
5475629;20644;2018;W;;92.44;96.55;4.11
5475623;20644;2018;W;;94.65;94.336;0.314
5475610;20644;2018;W;;90.11;96.701;6.591
5475615;20642;2018;W;;90.06;94.862;4.802
5475614;20642;2018;W;;92.49;97.304;4.814
5475612;20642;2018;W;;87.02;94.325;7.305
5475617;20642;2018;W;;79.9;94.608;14.708
5475618;20642;2018;W;;80.2;97.688;17.488
5475619;20642;2018;W;;92.55;99.973;7.423
5475670;20642;2018;W;;82.15;96.125;13.975
5475672;20642;2018;W;;87.36;94.172;6.812
5475676;20642;2018;W;;88.86;94.969;6.109
5475680;20642;2018;W;;85.03;95.721;10.691
5475684;20642;2018;W;;87.43;95.738;8.308
5475682;20642;2018;W;;86.2;93.948;7.748
5475687;20642;2018;W;;88.62;94.234;5.614
5475688;20642;2018;W;;86.08;96.024;9.944
5475686;20642;2018;W;;89.61;94.093;4.483
5475683;20642;2018;W;;86.39;94.234;7.844
5475660;20642;2018;W;;86.93;96.464;9.534
5475665;20642;2018;W;;76.92;94.234;17.314
5475668;20642;2018;W;;78.93;96.554;17.624
5475666;20642;2018;W;;83.99;94.234;10.244
5475690;20642;2018;W;;74.58;96.554;21.974
5475692;20642;2018;W;;84.42;94.23;9.81
5475691;20642;2018;W;;88.21;96.55;8.34
5475698;20642;2018;W;;90.39;96.55;6.16
5475693;20642;2018;W;;92.06;94.336;2.276
5475630;20642;2018;W;;86.84;96.925;10.085
5475635;20642;2018;W;;73.11;94.234;21.124
5475634;20642;2018;W;;75.11;96.554;21.444
5475900;20642;2018;W;;80.2;96.701;16.501
5474586;20622;2018;W;;69.39;94.234;24.844
5474583;20622;2018;W;;62.74;94.608;31.868
5474560;20622;2018;W;;63.36;94.234;30.874
5474561;20622;2018;W;;73.12;94.234;21.114
5474568;20622;2018;W;;74.45;94.23;19.78
5474563;20622;2018;W;;65.02;93.948;28.928
5474590;20622;2018;W;;71.78;94.23;22.45
5474594;20622;2018;W;;68.18;94.093;25.913
5474591;20622;2018;W;;74.98;94.234;19.254
5474597;20622;2018;W;;68.73;94.234;25.504
5474598;20622;2018;W;;69.61;94.234;24.624
5474596;20622;2018;W;;74.87;94.195;19.325
5474593;20622;2018;W;;79.08;94.23;15.15
5474184;20623;2018;W;;88.53;97.304;8.774
5474182;20623;2018;W;;82.43;95.777;13.347
5474181;20623;2018;W;;83.36;98.062;14.702
5474188;20623;2018;W;;81.2;97.691;16.491
5474186;20623;2018;W;;82.92;94.969;12.049
5474183;20623;2018;W;;77.98;94.093;16.113
5474164;20623;2018;W;;86.74;95.738;8.998
5474162;20623;2018;W;;82.17;94.234;12.064
5474167;20623;2018;W;;83.95;94.234;10.284
5474166;20623;2018;W;;72.18;94.608;22.428
5474195;20623;2018;W;;83.87;94.234;10.364
5474194;20623;2018;W;;84.59;96.554;11.964
5474192;20623;2018;W;;84.0;94.325;10.325
5474197;20623;2018;W;;82.08;95.223;13.143
5474198;20623;2018;W;;83.4;99.973;16.573
5474196;20623;2018;W;;80.33;94.234;13.904
5474193;20623;2018;W;;82.77;94.365;11.595
5474130;20623;2018;W;;87.39;96.125;8.735
5474134;20623;2018;W;;85.42;96.55;11.13
5474132;20623;2018;W;;85.96;94.172;8.212
5474131;20623;2018;W;;85.75;95.8;10.05
5474137;20623;2018;W;;81.0;94.23;13.23
5474138;20623;2018;W;;85.28;96.55;11.27
5474133;20623;2018;W;;80.0;94.23;14.23
5474700;20623;2018;W;;82.58;96.55;13.97
5474702;20623;2018;W;;80.75;94.093;13.343
5474701;20623;2018;W;;81.24;95.883;14.643
5474706;20623;2018;W;;83.99;94.234;10.244
5474750;20623;2018;W;;82.87;96.554;13.684
5474755;20623;2018;W;;85.31;94.234;8.924
5474754;20623;2018;W;;86.86;96.554;9.694
5474752;20623;2018;W;;80.34;94.195;13.855
5474751;20623;2018;W;;86.15;96.514;10.364
5474757;20623;2018;W;;78.39;94.23;15.84
5474758;20623;2018;W;;85.39;96.55;11.16
5474753;20623;2018;W;;80.05;94.336;14.286
5474740;20623;2018;W;;84.39;96.701;12.311
5474992;20613;2018;W;;80.42;94.496;14.076
5474998;20613;2018;W;;72.28;94.325;22.045
5474993;20613;2018;W;;71.01;94.365;23.355
5474934;20613;2018;W;;70.27;93.948;23.678
5474937;20613;2018;W;;73.49;94.234;20.744
5474938;20613;2018;W;;76.3;94.234;17.934
5474939;20613;2018;W;;77.92;94.234;16.314
5474300;20613;2018;W;;73.2;94.234;21.034
5474301;20613;2018;W;;64.81;94.23;29.42
5474306;20613;2018;W;;63.47;94.23;30.76
5474303;20613;2018;W;;67.52;94.23;26.71
5472082;20672;2018;W;;90.8;94.608;3.808
5472081;20672;2018;W;;81.4;97.688;16.288
5472087;20672;2018;W;;98.21;94.496;3.714
5472089;20672;2018;W;;95.31;96.598;1.288
5472083;20672;2018;W;;103.45;94.093;9.357
5472065;20672;2018;W;;92.64;94.325;1.685
5472064;20672;2018;W;;95.86;96.768;0.908
5472061;20672;2018;W;;101.85;97.304;4.546
5472067;20672;2018;W;;104.46;95.223;9.237
5472068;20672;2018;W;;93.3;99.973;6.673
5472066;20672;2018;W;;99.4;94.365;5.035
5472069;20672;2018;W;;94.7;96.125;1.425
5472094;20672;2018;W;;94.36;95.738;1.378
5472097;20672;2018;W;;100.95;94.234;6.716
5472098;20672;2018;W;;101.04;96.024;5.016
5472096;20672;2018;W;;92.75;94.093;1.343
5472093;20672;2018;W;;96.8;94.234;2.566
5472035;20672;2018;W;;101.71;94.234;7.476
5472032;20672;2018;W;;99.7;94.234;5.466
5472031;20672;2018;W;;92.49;96.554;4.064
5472037;20672;2018;W;;95.64;94.234;1.406
5472036;20672;2018;W;;91.82;94.234;2.414
5472500;20672;2018;W;;96.98;96.554;0.426
5472504;20672;2018;W;;103.65;96.554;7.096
5472502;20672;2018;W;;104.13;94.195;9.935
5472507;20672;2018;W;;101.4;94.23;7.17
5472508;20672;2018;W;;92.36;96.55;4.19
5472506;20672;2018;W;;103.53;94.23;9.3
5472509;20672;2018;W;;97.95;96.55;1.4
5472503;20672;2018;W;;106.63;94.234;12.396
5472550;20672;2018;W;;96.76;96.554;0.206
5472555;20672;2018;W;;105.47;94.336;11.134
5472554;20672;2018;W;;100.44;96.701;3.739
5472557;20672;2018;W;;106.07;94.23;11.84
5472556;20672;2018;W;;99.85;94.23;5.62
5472544;20671;2018;W;;91.19;98.062;6.872
5472542;20671;2018;W;;84.81;94.608;9.798
5472547;20671;2018;W;;94.3;94.496;0.196
5472548;20671;2018;W;;92.85;97.691;4.841
5472546;20671;2018;W;;90.33;94.969;4.639
5472549;20671;2018;W;;82.92;96.598;13.678
5472520;20671;2018;W;;87.79;95.721;7.931
5472522;20671;2018;W;;85.95;94.862;8.912
5472527;20671;2018;W;;95.93;95.223;0.707
5472510;20671;2018;W;;88.45;95.8;7.35
5472518;20671;2018;W;;91.3;96.024;4.724
5472516;20671;2018;W;;89.3;94.093;4.793
5472519;20671;2018;W;;89.08;95.883;6.803
5472570;20671;2018;W;;89.1;96.464;7.364
5472574;20671;2018;W;;86.06;96.024;9.964
5472572;20671;2018;W;;90.14;94.234;4.094
5472571;20671;2018;W;;88.1;96.554;8.454
5472576;20671;2018;W;;85.86;94.234;8.374
5472579;20671;2018;W;;84.34;96.554;12.214
5472585;20671;2018;W;;91.49;94.234;2.744
5472582;20671;2018;W;;88.29;94.195;5.905
5472587;20671;2018;W;;91.56;94.23;2.67
5472583;20671;2018;W;;83.03;94.234;11.204
5472560;20671;2018;W;;85.48;96.554;11.074
5472565;20671;2018;W;;81.65;94.336;12.686
5472564;20671;2018;W;;84.57;96.701;12.131
5472561;20671;2018;W;;85.22;96.55;11.33
5472567;20671;2018;W;;81.5;94.23;12.73
5472568;20671;2018;W;;86.71;96.55;9.84
5472566;20671;2018;W;;82.9;94.23;11.33
5472563;20671;2018;W;;84.72;94.336;9.616
5472590;20671;2018;W;;89.21;96.925;7.715
5472195;20684;2018;W;;93.34;95.777;2.437
5472194;20684;2018;W;;80.59;98.062;17.472
5472192;20684;2018;W;;94.59;94.23;0.36
5472196;20684;2018;W;;87.66;94.336;6.676
5472199;20684;2018;W;;87.39;96.701;9.311
5472130;20684;2018;W;;82.31;97.688;15.378
5472134;20684;2018;W;;79.43;97.691;18.261
5472131;20684;2018;W;;93.95;96.598;2.648
5472137;20684;2018;W;;95.44;94.093;1.347
5472136;20684;2018;W;;82.39;94.325;11.935
5472139;20684;2018;W;;79.63;96.768;17.138
5472708;20684;2018;W;;80.77;96.464;15.694
5472706;20684;2018;W;;90.93;94.234;3.304
5472703;20684;2018;W;;85.59;94.234;8.644
5472755;20684;2018;W;;86.54;94.234;7.694
5472754;20684;2018;W;;90.64;96.554;5.914
5472757;20684;2018;W;;93.32;94.23;0.91
5472753;20684;2018;W;;88.51;94.862;6.352
5472740;20684;2018;W;;83.97;97.304;13.334
5472742;20684;2018;W;;90.57;94.365;3.795
5472748;20684;2018;W;;83.62;95.8;12.18
5472749;20684;2018;W;;90.46;95.738;5.278
5472743;20684;2018;W;;100.42;94.093;6.327
5472725;20684;2018;W;;91.38;94.234;2.854
5472727;20684;2018;W;;90.11;94.234;4.124
5472726;20684;2018;W;;96.73;94.234;2.496
5472729;20684;2018;W;;86.25;96.554;10.304
5472723;20684;2018;W;;92.41;94.195;1.785
5472710;20684;2018;W;;95.02;96.514;1.494
5472714;20682;2018;W;;73.67;98.062;24.392
5472712;20682;2018;W;;73.75;94.23;20.48
5472711;20682;2018;W;;72.09;96.55;24.46
5472717;20682;2018;W;;70.28;94.23;23.95
5472775;20682;2018;W;;74.71;94.496;19.786
5472774;20682;2018;W;;71.56;97.691;26.131
5472771;20682;2018;W;;72.02;96.598;24.578
5472778;20682;2018;W;;67.71;95.721;28.011
5472776;20682;2018;W;;74.92;94.325;19.405
5472773;20682;2018;W;;68.87;94.23;25.36
5472784;20682;2018;W;;75.52;95.738;20.218
5472782;20682;2018;W;;74.12;94.234;20.114
5472788;20682;2018;W;;69.5;96.464;26.964
5472783;20682;2018;W;;73.28;94.234;20.954
5472760;20682;2018;W;;69.65;96.554;26.904
5472768;20682;2018;W;;72.92;96.55;23.63
5472798;20682;2018;W;;63.43;95.8;32.37
5472799;20682;2018;W;;63.59;95.738;32.148
5472793;20682;2018;W;;73.36;94.093;20.733
5472735;20682;2018;W;;72.89;94.234;21.344
5472734;20682;2018;W;;70.58;96.024;25.444
5472732;20682;2018;W;;71.4;94.234;22.834
5472731;20682;2018;W;;70.55;96.554;26.004
5472738;20682;2018;W;;72.7;96.554;23.854
5472733;20682;2018;W;;70.53;94.195;23.665
5472800;20682;2018;W;;75.15;96.514;21.364
5472804;20687;2018;W;;59.39;94.172;34.782
5472808;20687;2018;W;;68.78;95.777;26.997
5472855;20687;2018;W;;71.73;94.23;22.5
5472851;20687;2018;W;;73.42;94.234;20.814
5472856;20687;2018;W;;75.57;94.336;18.766
5472859;20687;2018;W;;73.93;94.23;20.3
5472853;20687;2018;W;;56.85;94.093;37.243
5472845;20687;2018;W;;68.36;94.093;25.733
5472841;20687;2018;W;;66.52;94.234;27.714
5472848;20687;2018;W;;65.51;94.234;28.724
5472846;20687;2018;W;;60.77;94.234;33.464
5472849;20687;2018;W;;59.5;94.234;34.734
5472820;20687;2018;W;;73.73;95.223;21.493
5472694;20683;2018;W;;107.85;97.304;10.546
5472692;20683;2018;W;;98.54;94.172;4.368
5472697;20683;2018;W;;102.34;94.496;7.844
5472698;20683;2018;W;;99.44;97.691;1.749
5472696;20683;2018;W;;91.71;94.608;2.898
5472630;20683;2018;W;;104.61;96.554;8.056
5472635;20683;2018;W;;109.07;95.777;13.293
5472638;20683;2018;W;;97.21;96.125;1.085
5472636;20683;2018;W;;107.28;94.234;13.046
5472633;20683;2018;W;;105.95;93.948;12.002
5472900;20683;2018;W;;98.25;95.738;2.512
5472904;20683;2018;W;;105.5;96.55;8.95
5472901;20683;2018;W;;98.32;96.598;1.722
5472907;20683;2018;W;;101.55;94.336;7.214
5472950;20683;2018;W;;101.27;96.55;4.72
5472955;20683;2018;W;;96.9;94.325;2.575
5472954;20683;2018;W;;86.15;96.768;10.618
5472952;20683;2018;W;;106.84;94.336;12.504
5472951;20683;2018;W;;102.41;96.925;5.485
5472958;20683;2018;W;;98.02;96.55;1.47
5472956;20683;2018;W;;89.19;94.093;4.903
5472959;20683;2018;W;;94.6;95.721;1.121
5472945;20683;2018;W;;90.03;94.093;4.063
5472944;20683;2018;W;;94.96;95.883;0.923
5472941;20683;2018;W;;96.94;96.55;0.39
5472947;20683;2018;W;;97.39;94.234;3.156
5472948;20683;2018;W;;92.91;96.554;3.644
5472949;20683;2018;W;;102.7;96.024;6.676
5472920;20683;2018;W;;100.97;96.514;4.456
5472925;20683;2018;W;;91.77;94.234;2.464
5472922;20683;2018;W;;81.73;94.234;12.504
5472921;20683;2018;W;;97.87;96.464;1.406
5472926;20683;2018;W;;100.82;94.23;6.59
5472923;20683;2018;W;;105.02;95.223;9.797
5471162;20668;2018;W;;109.04;94.862;14.178
5471167;20668;2018;W;;106.96;94.608;12.352
5471168;20668;2018;W;;102.79;97.688;5.102
5471166;20668;2018;W;;112.42;94.325;18.095
5471169;20668;2018;W;;109.19;96.768;12.422
5471190;20668;2018;W;;108.73;98.062;10.668
5471195;20668;2018;W;;102.37;94.234;8.136
5471194;20668;2018;W;;106.41;96.554;9.856
5471192;20668;2018;W;;103.12;94.234;8.886
5471191;20668;2018;W;;111.56;96.554;15.006
5471197;20668;2018;W;;105.25;94.234;11.016
5471198;20668;2018;W;;108.78;96.464;12.316
5471196;20668;2018;W;;113.77;94.234;19.536
5471193;20668;2018;W;;110.99;94.234;16.756
5471132;20668;2018;W;;111.98;94.23;17.75
5471131;20668;2018;W;;108.05;96.55;11.5
5471136;20668;2018;W;;108.16;94.234;13.926
5471139;20668;2018;W;;105.29;96.554;8.736
5471133;20668;2018;W;;110.49;94.336;16.154
5471702;20668;2018;W;;103.45;94.23;9.22
5471708;20668;2018;W;;103.51;96.55;6.96
5471703;20668;2018;W;;100.0;95.223;4.777
5471755;20668;2018;W;;110.75;94.336;16.414
5471752;20668;2018;W;;110.29;94.365;15.925
5471751;20668;2018;W;;109.23;96.125;13.105
5471758;20668;2018;W;;107.75;95.8;11.95
5471759;20668;2018;W;;81.58;95.738;14.158
5471740;20668;2018;W;;108.62;97.691;10.929
5471744;20668;2018;W;;104.59;95.883;8.707
5471742;20668;2018;W;;103.12;94.969;8.151
5471741;20668;2018;W;;100.95;96.598;4.352
5471748;20668;2018;W;;107.0;96.024;10.976
5471743;20668;2018;W;;110.53;93.948;16.582
5471720;20668;2018;W;;108.34;95.738;12.602
5471725;20668;2018;W;;105.6;94.234;11.366
5471872;20663;2018;W;;81.73;94.862;13.132
5471877;20663;2018;W;;66.64;94.608;27.968
5471885;20663;2018;W;;75.75;94.234;18.484
5471884;20663;2018;W;;78.7;96.554;17.854
5471882;20663;2018;W;;77.67;94.234;16.564
5471888;20663;2018;W;;78.05;96.464;18.414
5471886;20663;2018;W;;79.49;94.234;14.744
5471864;20663;2018;W;;82.8;96.514;13.714
5471862;20663;2018;W;;85.59;94.23;8.64
5471867;20663;2018;W;;78.2;94.23;16.03
5471866;20663;2018;W;;74.99;94.234;19.244
5471869;20663;2018;W;;76.11;96.554;20.444
5471891;20663;2018;W;;80.3;96.55;16.25
5471897;20663;2018;W;;73.9;94.23;20.33
5471830;20663;2018;W;;77.56;99.973;22.413
5471835;20663;2018;W;;79.7;94.336;14.636
5471837;20663;2018;W;;75.03;94.172;19.142
5471836;20663;2018;W;;80.58;93.948;13.368
5471839;20663;2018;W;;79.93;95.738;15.808
5471600;20663;2018;W;;84.7;97.691;12.991
5471605;20663;2018;W;;76.17;94.093;17.923
5471602;20663;2018;W;;85.42;94.969;9.549
5471650;20663;2018;W;;82.55;95.738;13.188
5471654;20663;2018;W;;79.78;96.024;16.244
5471618;20694;2018;W;;100.57;96.768;3.802
5471619;20694;2018;W;;93.69;96.925;3.235
5471613;20694;2018;W;;92.33;94.608;2.278
5471674;20694;2018;W;;95.92;96.55;0.63
5471672;20694;2018;W;;97.0;95.223;1.777
5471671;20694;2018;W;;88.4;99.973;11.573
5471677;20694;2018;W;;91.41;94.336;2.926
5471678;20694;2018;W;;87.13;96.701;9.571
5471679;20694;2018;W;;83.25;96.125;12.875
5471673;20694;2018;W;;96.23;94.172;2.058
5471680;20694;2018;W;;94.0;95.8;1.8
5471684;20694;2018;W;;93.45;96.55;3.1
5471687;20694;2018;W;;92.39;95.777;3.387
5471665;20694;2018;W;;96.16;94.234;1.926
5471664;20694;2018;W;;93.69;96.024;2.334
5471667;20694;2018;W;;90.99;94.969;3.979
5471668;20694;2018;W;;86.36;96.598;10.238
5471666;20694;2018;W;;100.42;94.234;6.186
5471695;20694;2018;W;;101.85;94.234;7.616
5471694;20694;2018;W;;100.0;96.554;3.446
5471692;20694;2018;W;;91.65;94.195;2.545
5471691;20694;2018;W;;91.08;96.514;5.434
5471697;20694;2018;W;;100.44;94.23;6.21
5471698;20694;2018;W;;101.21;96.55;4.66
5471696;20694;2018;W;;99.98;93.948;6.032
5471693;20694;2018;W;;92.63;94.234;1.604
5471630;20694;2018;W;;92.26;96.024;3.764
5471631;20694;2018;W;;100.16;96.554;3.606
5471637;20694;2018;W;;94.39;94.234;0.156
5471638;20694;2018;W;;86.56;96.554;9.994
5471633;20694;2018;W;;94.56;94.23;0.33
5471900;20694;2018;W;;92.06;96.55;4.49
5477858;20634;2018;W;;56.72;95.738;39.018
5477856;20634;2018;W;;54.72;94.093;39.373
5477859;20634;2018;W;;66.14;95.883;29.743
5477853;20634;2018;W;;68.72;94.234;25.514
5477840;20634;2018;W;;73.86;96.024;22.164
5477844;20634;2018;W;;63.86;96.554;32.694
5477841;20634;2018;W;;69.48;96.554;27.074
5477847;20634;2018;W;;48.43;93.948;45.518
5477848;20634;2018;W;;58.24;95.738;37.498
5477843;20634;2018;W;;65.38;94.234;28.854
5477822;20634;2018;W;;64.81;94.195;29.385
5477821;20634;2018;W;;75.67;96.514;20.844
5477826;20634;2018;W;;60.91;94.23;33.32
5477829;20634;2018;W;;50.24;96.55;46.31
5477810;20634;2018;W;;59.67;96.554;36.884
5477815;20634;2018;W;;72.53;94.23;21.7
5477811;20634;2018;W;;42.91;96.701;53.791
5477817;20634;2018;W;;73.86;94.234;20.374
5477818;20634;2018;W;;69.76;96.554;26.794
5477816;20634;2018;W;;52.34;95.223;42.883
5477819;20634;2018;W;;80.53;99.973;19.443
5477813;20634;2018;W;;51.1;94.23;43.13
5477870;20634;2018;W;;61.29;96.55;35.26
5477875;20634;2018;W;;63.0;94.365;31.365
5477872;20634;2018;W;;68.81;94.172;25.362
5477871;20634;2018;W;;68.53;95.8;27.27
5477877;20634;2018;W;;75.19;94.325;19.135
5477873;20634;2018;W;;47.86;94.608;46.748
5477885;20634;2018;W;;86.05;94.23;8.18
5477884;20634;2018;W;;63.38;96.55;33.17
5477882;20634;2018;W;;57.67;94.336;36.666
5477881;20634;2018;W;;55.19;96.925;41.735
5477888;20634;2018;W;;85.19;97.691;12.501
5477886;20634;2018;W;;58.81;94.969;36.159
5477889;20634;2018;W;;67.29;96.598;29.308
5477883;20634;2018;W;;77.0;94.093;17.093
5477860;20634;2018;W;;55.67;95.721;40.051
5477864;20634;2018;W;;58.72;98.062;39.342
5477867;20632;2018;W;;88.34;93.948;5.608
5477869;20632;2018;W;;93.19;95.883;2.693
5477863;20632;2018;W;;83.67;94.234;10.564
5477895;20632;2018;W;;82.62;94.234;11.614
5477894;20632;2018;W;;94.24;96.554;2.314
5477892;20632;2018;W;;87.76;94.234;6.474
5477898;20632;2018;W;;84.05;95.738;11.688
5477899;20632;2018;W;;101.67;96.024;5.646
5477830;20632;2018;W;;94.62;96.554;1.934
5477835;20632;2018;W;;83.67;94.234;10.564
5477832;20632;2018;W;;96.14;94.195;1.945
5477831;20632;2018;W;;106.34;96.514;9.826
5477837;20632;2018;W;;95.0;94.234;0.766
5477838;20632;2018;W;;95.86;96.554;0.694
5477836;20632;2018;W;;81.1;94.23;13.13
5477833;20632;2018;W;;86.72;94.234;7.514
5477604;20632;2018;W;;98.14;96.55;1.59
5477601;20632;2018;W;;105.0;96.701;8.299
5477606;20632;2018;W;;67.86;95.223;27.363
5477603;20632;2018;W;;87.76;94.23;6.47
5477650;20632;2018;W;;95.95;96.55;0.6
5477655;20632;2018;W;;72.14;94.365;22.225
5477654;20632;2018;W;;87.1;96.125;9.025
5477659;20632;2018;W;;90.34;96.55;6.21
5477653;20632;2018;W;;92.53;94.608;2.078
5477640;20632;2018;W;;94.24;97.688;3.448
5477645;20632;2018;W;;94.53;94.23;0.3
5477644;20632;2018;W;;97.57;96.55;1.02
5477641;20632;2018;W;;102.72;96.925;5.795
5477647;20632;2018;W;;77.48;94.496;17.016
5477646;20632;2018;W;;85.76;94.969;9.209
5477643;20632;2018;W;;82.14;94.093;11.953
5477625;20632;2018;W;;85.19;95.777;10.587
5477622;20632;2018;W;;97.1;94.862;2.238
5477621;20632;2018;W;;89.0;97.304;8.304
5114747;20904;2018;W;;36.03;96.024;59.994
5114748;20904;2018;W;;48.64;95.223;46.583
5114746;20904;2018;W;;49.59;99.973;50.383
5114749;20904;2018;W;;45.12;94.365;49.245
5114720;20904;2018;W;;43.22;94.172;50.952
5114721;20904;2018;W;;44.85;94.093;49.243
5114728;20904;2018;W;;40.5;94.325;53.825
5114718;20904;2018;W;;52.58;94.234;41.654
5114716;20904;2018;W;;53.94;96.554;42.614
5114719;20904;2018;W;;45.52;94.496;48.976
5114713;20904;2018;W;;43.35;97.691;54.341
5114770;20904;2018;W;;46.61;94.969;48.359
5114774;20904;2018;W;;47.15;94.234;47.084
5114772;20904;2018;W;;49.46;96.554;47.094
5114777;20904;2018;W;;45.93;95.721;49.791
5114778;20904;2018;W;;41.59;93.948;52.358
5114776;20904;2018;W;;45.12;95.738;50.618
5114779;20904;2018;W;;38.74;94.23;55.49
5114785;20904;2018;W;;46.88;96.925;50.045
5114782;20904;2018;W;;50.82;96.024;45.204
5114781;20904;2018;W;;37.79;95.777;57.987
5114787;20904;2018;W;;43.76;98.062;54.302
5114788;20904;2018;W;;36.57;94.234;57.664
5114786;20904;2018;W;;35.21;96.554;61.344
5114783;20904;2018;W;;41.45;96.55;55.1
5114760;20904;2018;W;;36.84;94.23;57.39
5114765;20904;2018;W;;40.1;96.55;56.45
5114764;20904;2018;W;;44.98;94.234;49.254
5114761;20904;2018;W;;50.0;94.608;44.608
5114767;20904;2018;W;;47.29;97.688;50.398
5114768;20904;2018;W;;45.12;94.195;49.075
5114766;20904;2018;W;;42.27;96.514;54.244
5114769;20904;2018;W;;46.2;94.23;48.03
5114763;20904;2018;W;;46.2;96.55;50.35
5114790;20904;2018;W;;38.2;94.336;56.136
5114795;20904;2018;W;;45.66;96.701;51.041
5114794;20904;2018;W;;45.52;94.23;48.71
5419152;20947;2018;W;;80.72;94.496;13.776
5419151;20947;2018;W;;88.14;94.969;6.829
5419157;20947;2018;W;;87.19;94.093;6.903
5419158;20947;2018;W;;79.19;93.948;14.758
5419156;20947;2018;W;;66.43;94.234;27.804
5419159;20947;2018;W;;83.76;94.234;10.474
5419153;20947;2018;W;;55.29;94.234;38.944
5419140;20947;2018;W;;76.53;94.234;17.704
5419145;20947;2018;W;;68.05;94.234;26.184
5419144;20947;2018;W;;63.38;94.23;30.85
5419147;20947;2018;W;;72.91;94.336;21.426
5419149;20947;2018;W;;72.81;95.223;22.413
5419143;20947;2018;W;;59.1;94.365;35.265
5419120;20947;2018;W;;83.1;94.172;11.072
5419125;20947;2018;W;;81.57;93.948;12.378
5419122;20947;2018;W;;89.95;94.234;4.284
5419121;20947;2018;W;;71.29;94.234;22.944
5419127;20947;2018;W;;78.24;94.234;15.994
5419128;20947;2018;W;;74.81;94.234;19.424
5419123;20947;2018;W;;81.76;94.23;12.47
5419110;20947;2018;W;;51.29;94.336;43.046
5419784;20943;2018;W;;89.56;94.608;5.048
5419787;20943;2018;W;;57.94;94.496;36.556
5419786;20943;2018;W;;54.65;94.969;40.319
5419789;20943;2018;W;;92.06;94.365;2.305
5419783;20943;2018;W;;89.67;94.093;4.423
5419765;20943;2018;W;;85.0;93.948;8.948
5419764;20943;2018;W;;82.39;93.948;11.558
5419761;20943;2018;W;;99.37;94.234;5.136
5419767;20943;2018;W;;71.41;94.234;22.824
5419768;20943;2018;W;;84.0;94.234;10.234
5419763;20943;2018;W;;94.74;94.234;0.506
5419790;20943;2018;W;;97.28;94.234;3.046
5419794;20943;2018;W;;96.82;94.23;2.59
5419792;20943;2018;W;;84.37;94.23;9.86
5419791;20943;2018;W;;89.98;94.336;4.356
5419797;20943;2018;W;;94.39;94.234;0.156
5419798;20943;2018;W;;90.53;94.234;3.704
5419796;20943;2018;W;;90.68;94.23;3.55
5419799;20943;2018;W;;100.66;94.23;6.43
5419734;20920;2018;W;;105.7;97.304;8.396
5419731;20920;2018;W;;111.38;97.688;13.692
5419736;20920;2018;W;;109.83;95.777;14.053
5419739;20920;2018;W;;112.57;98.062;14.508
5419733;20920;2018;W;;110.9;94.496;16.404
5419805;20920;2018;W;;113.2;95.223;17.977
5419804;20920;2018;W;;111.45;99.973;11.477
5419801;20920;2018;W;;103.49;96.598;6.892
5419807;20920;2018;W;;113.53;94.365;19.165
5419808;20920;2018;W;;113.42;96.125;17.295
5419855;20920;2018;W;;119.7;93.948;25.752
5419854;20920;2018;W;;121.65;95.738;25.912
5419852;20920;2018;W;;104.74;93.948;10.792
5419857;20920;2018;W;;108.69;94.093;14.597
5419859;20920;2018;W;;108.93;96.024;12.906
5419853;20920;2018;W;;107.9;94.234;13.666
5419844;20920;2018;W;;100.14;96.464;3.676
5419842;20920;2018;W;;109.45;94.234;15.216
5419841;20920;2018;W;;106.84;96.554;10.286
5419848;20920;2018;W;;106.45;96.554;9.896
5419846;20920;2018;W;;111.21;94.234;16.976
5419820;20920;2018;W;;115.99;96.554;19.436
5419824;20920;2018;W;;111.62;96.514;15.106
5419822;20920;2018;W;;106.58;94.23;12.35
5419821;20920;2018;W;;109.02;96.55;12.47
5419827;20920;2018;W;;100.81;94.23;6.58
5419810;20920;2018;W;;100.02;96.554;3.466
5419812;20920;2018;W;;108.95;94.23;14.72
5419817;20920;2018;W;;110.14;94.23;15.91
5419816;20920;2018;W;;116.78;94.23;22.55
5419813;20920;2018;W;;116.47;94.336;22.134
5419615;20922;2018;W;;106.36;94.862;11.498
5419614;20922;2018;W;;102.82;97.304;5.516
5419611;20922;2018;W;;101.54;97.688;3.852
5419617;20922;2018;W;;104.24;94.325;9.915
5419619;20922;2018;W;;98.11;98.062;0.048
5419670;20922;2018;W;;95.61;97.691;2.081
5419677;20922;2018;W;;105.77;94.365;11.405
5419678;20922;2018;W;;99.64;96.125;3.515
5419676;20922;2018;W;;115.31;94.093;21.217
5419679;20922;2018;W;;106.24;95.721;10.519
5419680;20922;2018;W;;96.3;95.8;0.5
5419684;20922;2018;W;;111.66;95.738;15.922
5419682;20922;2018;W;;98.0;93.948;4.052
5419687;20922;2018;W;;101.76;94.093;7.667
5419688;20922;2018;W;;102.46;95.883;6.577
5419689;20922;2018;W;;99.76;96.024;3.736
5419683;20922;2018;W;;98.82;94.234;4.586
5419665;20922;2018;W;;100.35;94.234;6.116
5419662;20922;2018;W;;105.53;94.234;11.296
5419661;20922;2018;W;;103.77;96.554;7.216
5419668;20922;2018;W;;108.6;96.554;12.046
5419666;20922;2018;W;;103.17;94.234;8.936
5419663;20922;2018;W;;99.06;94.234;4.826
5419690;20922;2018;W;;102.83;96.554;6.276
5419695;20922;2018;W;;95.39;94.195;1.195
5419691;20922;2018;W;;93.3;96.55;3.25
5419697;20922;2018;W;;94.1;94.23;0.13
5419696;20922;2018;W;;94.12;94.336;0.216
5419699;20922;2018;W;;91.18;96.701;5.521
5419693;20922;2018;W;;111.78;94.234;17.546
5419630;20922;2018;W;;108.96;96.554;12.406
5419635;20922;2018;W;;103.53;94.234;9.296
5419632;20922;2018;W;;111.08;94.23;16.85
5419631;20922;2018;W;;105.53;96.55;8.98
5419636;20922;2018;W;;101.42;94.23;7.19
5472385;20975;2018;W;;58.96;95.223;36.263
5472384;20975;2018;W;;72.51;99.973;27.463
5472382;20975;2018;W;;54.58;94.496;39.916
5472381;20975;2018;W;;80.83;97.691;16.861
5472387;20975;2018;W;;58.69;94.365;35.675
5472388;20975;2018;W;;73.29;96.125;22.835
5472360;20975;2018;W;;68.59;95.8;27.21
5472361;20975;2018;W;;68.76;95.738;26.978
5472367;20975;2018;W;;68.86;93.948;25.088
5472368;20975;2018;W;;63.36;95.738;32.378
5472366;20975;2018;W;;64.59;94.093;29.503
5472395;20975;2018;W;;63.79;94.234;30.444
5472394;20975;2018;W;;75.49;96.024;20.534
5472392;20975;2018;W;;58.19;94.234;36.044
5472397;20975;2018;W;;66.45;94.234;27.784
5472398;20975;2018;W;;80.0;96.554;16.554
5472399;20975;2018;W;;82.45;96.554;14.104
5472335;20975;2018;W;;65.2;94.234;29.034
5472338;20975;2018;W;;74.83;96.554;21.724
5471000;20975;2018;W;;77.15;96.55;19.4
5471005;20975;2018;W;;70.65;94.23;23.58
5471004;20975;2018;W;;72.15;96.55;24.4
5471007;20975;2018;W;;81.22;94.23;13.01
5471006;20975;2018;W;;71.41;94.23;22.82
5471009;20975;2018;W;;72.48;96.55;24.07
5471050;20975;2018;W;;66.36;96.701;30.341
5471052;20975;2018;W;;74.11;94.608;20.498
5471051;20975;2018;W;;79.12;97.688;18.568
5471057;20975;2018;W;;75.65;95.777;20.127
5471058;20975;2018;W;;79.34;98.062;18.722
5471059;20975;2018;W;;70.42;97.304;26.884
5471040;20975;2018;W;;91.51;96.768;5.258
5471045;20975;2018;W;;75.65;96.951;21.301
5471047;20975;2018;W;;77.66;95.846;18.186
5471046;20975;2018;W;;75.26;95.846;20.586
5471049;20975;2018;W;;74.6;98.262;23.662
5471020;20975;2018;W;;78.05;98.262;20.212
5471025;20975;2018;W;;78.72;95.846;17.126
5471024;20975;2018;W;;68.01;97.83;29.82
5471022;20975;2018;W;;80.15;95.22;15.07
5471027;20975;2018;W;;76.26;95.22;18.96
5471023;20975;2018;W;;80.08;95.488;15.408
5471012;20975;2018;W;;72.27;95.765;23.495
5471019;20975;2018;W;;93.94;98.385;4.445
5471013;20975;2018;W;;78.5;95.275;16.775
5471075;20975;2018;W;;76.36;95.6;19.24
5471074;20975;2018;W;;70.87;98.561;27.691
5471072;20975;2018;W;;90.4;95.6;5.2
5471078;20975;2018;W;;74.64;99.207;24.567
5479077;20982;2018;W;;85.63;95.223;9.593
5479076;20982;2018;W;;84.38;94.496;10.116
5479079;20982;2018;W;;79.83;97.691;17.861
5479073;20982;2018;W;;79.12;94.365;15.245
5479080;20982;2018;W;;83.49;96.125;12.635
5479084;20982;2018;W;;75.63;96.598;20.968
5479082;20982;2018;W;;80.1;94.172;14.072
5479086;20982;2018;W;;84.74;93.948;9.208
5479089;20982;2018;W;;81.26;95.738;14.478
5479060;20982;2018;W;;82.87;95.738;12.868
5479065;20982;2018;W;;82.15;94.093;11.943
5479064;20982;2018;W;;83.58;95.883;12.303
5479067;20982;2018;W;;83.31;94.234;10.924
5479063;20982;2018;W;;81.7;94.234;12.534
5479098;20982;2018;W;;81.7;96.554;14.854
5479096;20982;2018;W;;82.69;94.234;11.544
5479093;20982;2018;W;;86.17;94.234;8.064
5479030;20982;2018;W;;89.83;96.554;6.724
5479035;20982;2018;W;;76.97;94.195;17.225
5479032;20982;2018;W;;76.08;94.23;18.15
5479031;20982;2018;W;;77.33;96.55;19.22
5479038;20982;2018;W;;76.7;96.55;19.85
5479036;20982;2018;W;;81.17;94.23;13.06
5479033;20982;2018;W;;80.63;94.23;13.6
5479505;20982;2018;W;;80.37;94.23;13.86
5479507;20982;2018;W;;79.74;94.336;14.596
5479506;20982;2018;W;;84.65;94.608;9.958
5479550;20982;2018;W;;80.9;98.062;17.162
5479554;20982;2018;W;;74.92;97.304;22.384
5479552;20982;2018;W;;80.81;94.325;13.515
5479551;20982;2018;W;;80.54;96.768;16.228
5479557;20982;2018;W;;75.28;96.951;21.671
5479558;20982;2018;W;;76.79;99.089;22.299
5479540;20982;2018;W;;81.62;98.242;16.622
5479545;20982;2018;W;;89.74;95.846;6.106
5479544;20982;2018;W;;80.63;98.262;17.632
5479542;20982;2018;W;;81.26;95.846;14.586
5479547;20982;2018;W;;79.56;95.846;16.286
5479546;20982;2018;W;;90.01;95.22;5.21
5479520;20982;2018;W;;83.49;97.011;13.521
5479525;20982;2018;W;;84.03;97.737;13.707
5479527;20982;2018;W;;82.6;95.952;13.352
5479523;20982;2018;W;;83.85;97.716;13.866
5479510;20982;2018;W;;84.38;98.973;14.593
5479515;20982;2018;W;;84.03;96.645;12.615
5479514;20982;2018;W;;85.1;98.385;13.285
5479517;20982;2018;W;;82.24;95.6;13.36
5479518;20982;2018;W;;82.6;98.561;15.961
5479519;20982;2018;W;;80.54;98.561;18.021
5479513;20982;2018;W;;91.88;96.639;4.759
5479923;20964;2018;W;;96.02;95.223;0.797
5479910;20964;2018;W;;97.39;99.973;2.583
5479911;20964;2018;W;;93.76;96.125;2.365
5479918;20964;2018;W;;96.62;96.598;0.022
5479916;20964;2018;W;;92.77;94.172;1.402
5479913;20964;2018;W;;90.75;94.093;3.343
5479974;20964;2018;W;;94.48;95.738;1.258
5479972;20964;2018;W;;87.92;93.948;6.028
5479977;20964;2018;W;;89.76;94.093;4.333
5479978;20964;2018;W;;93.8;95.883;2.083
5479973;20964;2018;W;;92.21;94.234;2.024
5479982;20964;2018;W;;89.57;94.234;4.664
5479981;20964;2018;W;;95.75;96.554;0.804
5479987;20964;2018;W;;88.28;94.234;5.954
5479988;20964;2018;W;;92.4;96.554;4.154
5479986;20964;2018;W;;91.08;94.234;3.154
5479989;20964;2018;W;;91.08;96.554;5.474
5479983;20964;2018;W;;93.71;94.234;0.524
5479962;20964;2018;W;;90.29;94.234;3.944
5479961;20964;2018;W;;98.21;96.554;1.656
5479967;20964;2018;W;;85.35;94.195;8.845
5479968;20964;2018;W;;87.09;96.514;9.424
5479966;20964;2018;W;;87.69;94.23;6.54
5479969;20964;2018;W;;96.51;96.55;0.04
5479963;20964;2018;W;;88.74;94.23;5.49
5479995;20964;2018;W;;90.06;94.23;4.17
5479992;20964;2018;W;;95.42;94.23;1.19
5479991;20964;2018;W;;96.51;96.55;0.04
5479997;20964;2018;W;;91.12;94.23;3.11
5479998;20964;2018;W;;88.74;96.55;7.81
5479996;20964;2018;W;;85.49;94.336;8.846
5479999;20964;2018;W;;92.33;96.701;4.371
5479993;20964;2018;W;;91.9;94.336;2.436
5479935;20964;2018;W;;89.14;94.608;5.468
5479934;20964;2018;W;;90.29;97.688;7.398
5479937;20964;2018;W;;94.76;94.862;0.102
5479938;20964;2018;W;;92.95;97.304;4.354
5479936;20964;2018;W;;93.38;94.325;0.945
5479939;20964;2018;W;;93.88;96.768;2.888
5479933;20964;2018;W;;89.6;96.951;7.351
5479300;20964;2018;W;;92.77;99.089;6.319
5479304;20964;2018;W;;89.93;98.242;8.312
5479302;20964;2018;W;;87.43;95.846;8.416
5479307;20964;2018;W;;85.32;95.846;10.526
5479306;20964;2018;W;;81.78;95.846;14.066
5479350;20964;2018;W;;98.37;97.83;0.54
5479355;20964;2018;W;;94.02;95.22;1.2
5479354;20964;2018;W;;95.85;97.011;1.161
5479352;20964;2018;W;;91.9;95.22;3.32
5479356;20964;2018;W;;90.16;95.488;5.328
5479353;20964;2018;W;;82.29;95.952;13.662
5479340;20964;2018;W;;85.95;99.245;13.295
5479345;20964;2018;W;;87.3;95.765;8.465
5479342;20964;2018;W;;84.1;97.716;13.616
5479347;20964;2018;W;;88.08;96.645;8.565
5479348;20964;2018;W;;90.13;98.385;8.255
5479346;20964;2018;W;;87.9;95.275;7.375
5479349;20964;2018;W;;97.04;98.235;1.195
5479325;20964;2018;W;;89.6;95.6;6.0
5479324;20964;2018;W;;96.02;98.561;2.541
5479322;20964;2018;W;;87.32;96.639;9.319
5479328;20964;2018;W;;88.32;97.816;9.496
5473617;20993;2018;W;;99.14;95.223;3.917
5473616;20993;2018;W;;94.67;94.172;0.498
5473613;20993;2018;W;;96.11;94.093;2.017
5473675;20993;2018;W;;95.81;94.325;1.485
5473674;20993;2018;W;;93.0;94.234;1.234
5473672;20993;2018;W;;96.33;94.234;2.096
5473678;20993;2018;W;;95.52;94.234;1.286
5473676;20993;2018;W;;92.88;94.969;2.089
5473679;20993;2018;W;;108.46;94.195;14.265
5473685;20993;2018;W;;105.97;94.23;11.74
5473684;20993;2018;W;;105.46;94.336;11.124
5473682;20993;2018;W;;93.93;93.948;0.018
5473686;20993;2018;W;;96.67;94.234;2.436
5473683;20993;2018;W;;100.05;94.23;5.82
5473660;20993;2018;W;;107.08;94.23;12.85
5473664;20993;2018;W;;103.65;94.336;9.314
5489652;20936;2018;W;;94.22;95.777;1.557
5489651;20936;2018;W;;91.96;94.325;2.365
5489658;20936;2018;W;;95.42;94.365;1.055
5489656;20936;2018;W;;99.37;94.172;5.198
5489653;20936;2018;W;;107.86;94.093;13.767
5489640;20936;2018;W;;99.24;94.234;5.006
5489642;20936;2018;W;;99.03;94.234;4.796
5489646;20936;2018;W;;105.21;94.23;10.98
5489625;20936;2018;W;;96.47;93.948;2.522
5489624;20936;2018;W;;99.06;94.234;4.826
5489622;20936;2018;W;;105.72;94.234;11.486
5489623;20936;2018;W;;100.98;94.23;6.75
5489610;20936;2018;W;;97.64;94.336;3.304
5483777;20355;2018;W;;91.62;94.172;2.552
5483778;20355;2018;W;;90.94;93.948;3.008
5483776;20355;2018;W;;102.82;94.093;8.727
5483773;20355;2018;W;;95.73;94.234;1.496
5483785;20355;2018;W;;88.15;94.093;5.943
5483781;20355;2018;W;;97.83;94.195;3.635
5483788;20355;2018;W;;94.05;94.23;0.18
5483789;20355;2018;W;;97.31;94.336;2.974
5483783;20355;2018;W;;95.96;94.234;1.726
5483767;20355;2018;W;;98.42;94.23;4.19
5483768;20355;2018;W;;93.84;94.336;0.496
5483766;20355;2018;W;;103.85;94.862;8.988
5483769;20355;2018;W;;99.85;95.777;4.073
5483763;20355;2018;W;;94.4;94.608;0.208
5460972;20353;2018;W;;109.72;94.496;15.224
5460971;20353;2018;W;;106.92;95.223;11.697
5460976;20353;2018;W;;117.44;94.172;23.268
5460979;20353;2018;W;;112.41;94.093;18.317
5460980;20353;2018;W;;108.18;94.234;13.946
5460981;20353;2018;W;;111.05;94.234;16.816
5460987;20353;2018;W;;107.69;94.234;13.456
5460960;20353;2018;W;;111.1;94.23;16.87
5460964;20353;2018;W;;110.43;94.234;16.196
5460961;20353;2018;W;;98.49;94.195;4.295
5460967;20353;2018;W;;99.05;94.336;4.714
5460966;20353;2018;W;;110.54;94.23;16.31
5460995;20353;2018;W;;106.9;94.325;12.575
5483214;20316;2018;W;;82.84;94.093;11.253
5483211;20316;2018;W;;90.93;94.234;3.304
5483218;20316;2018;W;;93.83;94.234;0.404
5483216;20316;2018;W;;79.78;94.234;14.454
5483219;20316;2018;W;;99.21;94.234;4.976
5483213;20316;2018;W;;92.32;94.23;1.91
5483270;20316;2018;W;;86.86;94.23;7.37
5483275;20316;2018;W;;85.44;94.23;8.79
5483278;20316;2018;W;;95.26;94.093;1.167
5483280;20316;2018;W;;85.18;94.234;9.054
5483284;20316;2018;W;;91.67;94.23;2.56
5483282;20316;2018;W;;96.49;94.23;2.26
5483288;20316;2018;W;;96.26;94.365;1.895
5483289;20316;2018;W;;95.6;94.608;0.992
5483283;20316;2018;W;;91.73;94.862;3.132
5483185;20313;2018;W;;92.27;94.496;2.226
5483184;20313;2018;W;;81.72;95.223;13.503
5483187;20313;2018;W;;80.6;94.365;13.765
5483188;20313;2018;W;;94.0;93.948;0.052
5483189;20313;2018;W;;83.64;94.234;10.594
5483165;20313;2018;W;;93.86;94.234;0.374
5483161;20313;2018;W;;82.22;93.948;11.728
5483167;20313;2018;W;;94.86;94.23;0.63
5483168;20313;2018;W;;93.05;94.23;1.18
5483166;20313;2018;W;;92.38;94.093;1.713
5483169;20313;2018;W;;102.18;94.336;7.844
5483190;20313;2018;W;;89.49;94.234;4.744
5483195;20313;2018;W;;99.42;94.234;5.186
5483194;20313;2018;W;;102.21;94.234;7.976
5483191;20313;2018;W;;102.04;94.23;7.81
5483197;20313;2018;W;;90.81;94.23;3.42
5483196;20313;2018;W;;94.98;94.608;0.372
5483199;20313;2018;W;;95.49;94.862;0.628
5483193;20313;2018;W;;83.89;94.325;10.435
5483130;20313;2018;W;;95.12;95.777;0.657
5465542;20382;2018;W;;94.22;95.223;1.003
5465541;20382;2018;W;;91.82;94.496;2.676
5465548;20382;2018;W;;100.85;94.365;6.485
5465546;20382;2018;W;;104.16;94.093;10.067
5465543;20382;2018;W;;100.96;93.948;7.012
5465525;20382;2018;W;;105.97;94.234;11.736
5465521;20382;2018;W;;111.7;94.234;17.466
5465527;20382;2018;W;;110.14;94.234;15.906
5465526;20382;2018;W;;108.2;94.234;13.966
5465523;20382;2018;W;;110.1;94.234;15.866
5465510;20382;2018;W;;111.7;94.195;17.505
5465515;20382;2018;W;;109.94;94.23;15.71
5465514;20382;2018;W;;109.23;94.234;14.996
5465513;20382;2018;W;;102.08;94.862;7.218
5465575;20382;2018;W;;99.18;94.608;4.572
5465627;20387;2018;W;;106.8;94.496;12.304
5465626;20387;2018;W;;107.4;94.093;13.307
5465629;20387;2018;W;;103.88;93.948;9.932
5465610;20387;2018;W;;95.96;94.608;1.352
5465615;20387;2018;W;;106.52;94.234;12.286
5465617;20387;2018;W;;101.45;95.223;6.227
5465670;20387;2018;W;;107.6;94.172;13.428
5465675;20387;2018;W;;94.71;94.23;0.48
5465674;20387;2018;W;;95.07;94.336;0.734
5465672;20387;2018;W;;108.88;93.948;14.932
5465671;20387;2018;W;;104.41;94.093;10.317
5465680;20387;2018;W;;99.17;94.23;4.94
5465684;20387;2018;W;;93.06;94.336;1.276
5464823;20386;2018;W;;103.5;95.223;8.277
5464812;20386;2018;W;;103.64;94.496;9.144
5464818;20386;2018;W;;100.22;94.093;6.127
5464816;20386;2018;W;;97.69;93.948;3.742
5464813;20386;2018;W;;92.6;94.234;1.634
5464875;20386;2018;W;;104.19;94.234;9.956
5464872;20386;2018;W;;88.55;94.234;5.684
5464877;20386;2018;W;;99.55;94.234;5.316
5464878;20386;2018;W;;95.46;94.23;1.23
5464879;20386;2018;W;;108.42;94.23;14.19
5464873;20386;2018;W;;92.29;94.234;1.944
5464885;20386;2018;W;;116.78;94.336;22.444
5464884;20386;2018;W;;93.47;94.234;0.764
5464881;20386;2018;W;;103.75;94.23;9.52
5464888;20386;2018;W;;106.12;94.336;11.784
5483055;20395;2018;W;;97.7;95.223;2.477
5483052;20395;2018;W;;95.93;94.172;1.758
5483057;20395;2018;W;;99.56;94.093;5.467
5483058;20395;2018;W;;102.91;94.234;8.676
5483059;20395;2018;W;;106.2;94.234;11.966
5483040;20395;2018;W;;95.66;94.195;1.465
5483045;20395;2018;W;;102.85;94.23;8.62
5483042;20395;2018;W;;108.13;94.336;13.794
5483047;20395;2018;W;;105.54;94.969;10.571
5483048;20395;2018;W;;105.19;94.093;11.097
5483046;20395;2018;W;;98.28;93.948;4.332
5483049;20395;2018;W;;108.65;94.234;14.416
5483025;20395;2018;W;;90.64;94.234;3.594
5483024;20395;2018;W;;95.07;94.234;0.836
5483022;20395;2018;W;;100.78;94.23;6.55
5483027;20395;2018;W;;98.09;94.23;3.86
5483028;20395;2018;W;;93.91;94.336;0.426
5483026;20395;2018;W;;101.74;94.862;6.878
5483029;20395;2018;W;;91.32;94.608;3.288
5483023;20395;2018;W;;93.54;95.777;2.237
5483010;20395;2018;W;;98.92;94.325;4.595
5464577;25007;2018;W;;92.13;95.777;3.647
5464578;25007;2018;W;;96.92;94.608;2.312
5464576;25007;2018;W;;104.09;94.234;9.856
5464579;25007;2018;W;;95.19;94.23;0.96
5464573;25007;2018;W;;95.06;94.23;0.83
5464580;25007;2018;W;;102.36;94.336;8.024
5464584;25007;2018;W;;96.46;94.23;2.23
5464582;25007;2018;W;;101.85;94.496;7.354
5464581;25007;2018;W;;96.05;94.969;1.081
5464587;25007;2018;W;;108.42;94.093;14.327
5464589;25007;2018;W;;101.79;94.862;6.928
5464583;25007;2018;W;;103.68;94.234;9.446
5464564;25007;2018;W;;101.57;94.234;7.336
5464562;25007;2018;W;;97.98;94.23;3.75
5464567;25007;2018;W;;103.48;94.336;9.144
5464568;25007;2018;W;;95.22;94.23;0.99
5464569;25007;2018;W;;97.64;94.365;3.275
5464563;25007;2018;W;;106.2;94.172;12.028
5464595;25007;2018;W;;96.23;94.093;2.137
5464594;25007;2018;W;;103.94;94.234;9.706
5464591;25007;2018;W;;96.93;94.234;2.696
5464889;25006;2018;W;;109.39;95.223;14.167
5464883;25006;2018;W;;100.85;94.365;6.485
5464864;25006;2018;W;;101.79;94.496;7.294
5464861;25006;2018;W;;100.24;94.969;5.271
5464867;25006;2018;W;;115.61;94.093;21.517
5464869;25006;2018;W;;114.54;94.234;20.306
5464895;25006;2018;W;;92.67;94.234;1.564
5464897;25006;2018;W;;107.56;94.234;13.326
5464898;25006;2018;W;;105.28;94.234;11.046
5464896;25006;2018;W;;100.47;94.23;6.24
5464899;25006;2018;W;;95.87;94.23;1.64
5464893;25006;2018;W;;103.33;94.23;9.1
5464832;25006;2018;W;;107.84;94.23;13.61
5464831;25006;2018;W;;106.11;94.23;11.88
5464838;25006;2018;W;;106.27;95.777;10.493
5473377;25055;2018;W;;91.49;95.223;3.733
5473378;25055;2018;W;;97.29;94.365;2.925
5473376;25055;2018;W;;89.48;94.608;5.128
5473373;25055;2018;W;;91.5;93.948;2.448
5473380;25055;2018;W;;90.72;94.093;3.373
5473382;25055;2018;W;;89.83;94.234;4.404
5473386;25055;2018;W;;93.31;94.23;0.92
5473389;25055;2018;W;;89.32;94.23;4.91
5473383;25055;2018;W;;90.65;94.336;3.686
5473360;25055;2018;W;;95.6;94.496;1.104
5473368;25055;2018;W;;87.9;94.234;6.334
5473390;25055;2018;W;;86.74;94.23;7.49
5473395;25055;2018;W;;95.5;94.23;1.27
5473394;25055;2018;W;;98.06;94.336;3.724
5483585;25042;2018;W;;101.16;95.223;5.937
5483584;25042;2018;W;;89.2;94.496;5.296
5483588;25042;2018;W;;104.64;94.093;10.547
5483586;25042;2018;W;;103.4;93.948;9.452
5483589;25042;2018;W;;93.08;94.234;1.154
5483565;25042;2018;W;;100.7;94.093;6.607
5483561;25042;2018;W;;93.82;94.234;0.414
5483568;25042;2018;W;;100.39;94.234;6.156
5483566;25042;2018;W;;101.09;94.234;6.856
5483569;25042;2018;W;;95.45;94.234;1.216
5483563;25042;2018;W;;91.29;94.23;2.94
5483595;25042;2018;W;;96.0;94.23;1.77
5483594;25042;2018;W;;103.72;94.23;9.49
5483596;25042;2018;W;;98.35;94.608;3.742
5483599;25042;2018;W;;93.4;94.325;0.925
5483593;25042;2018;W;;94.01;95.777;1.767
5483530;25042;2018;W;;96.74;94.862;1.878
5483494;25047;2018;W;;99.57;94.969;4.601
5483492;25047;2018;W;;91.57;95.223;3.653
5483498;25047;2018;W;;93.41;93.948;0.538
5483496;25047;2018;W;;96.27;94.234;2.036
5483430;25047;2018;W;;93.23;94.172;0.942
5483435;25047;2018;W;;89.44;94.234;4.794
5483434;25047;2018;W;;92.77;93.948;1.178
5483437;25047;2018;W;;85.37;94.234;8.864
5483436;25047;2018;W;;97.94;94.23;3.71
5483439;25047;2018;W;;92.79;94.234;1.444
5483200;25047;2018;W;;94.1;94.23;0.13
5483202;25047;2018;W;;93.31;94.195;0.885
5483201;25047;2018;W;;104.71;94.23;10.48
5483208;25047;2018;W;;97.15;94.336;2.814
5483250;25047;2018;W;;82.52;94.325;11.805
5483744;25043;2018;W;;96.5;95.223;1.277
5483742;25043;2018;W;;97.41;94.365;3.045
5483746;25043;2018;W;;93.31;93.948;0.638
5483749;25043;2018;W;;80.33;94.234;13.904
5483743;25043;2018;W;;97.3;94.234;3.066
5483720;25043;2018;W;;100.26;94.234;6.026
5483724;25043;2018;W;;102.15;94.234;7.916
5483722;25043;2018;W;;92.86;93.948;1.088
5483721;25043;2018;W;;101.67;94.23;7.44
5483727;25043;2018;W;;92.91;94.093;1.183
5483726;25043;2018;W;;88.97;94.23;5.26
5483710;25043;2018;W;;96.28;94.234;2.046
5483715;25043;2018;W;;95.72;94.234;1.486
5483712;25043;2018;W;;96.65;94.195;2.455
5483717;25043;2018;W;;89.15;94.23;5.08
5483718;25043;2018;W;;102.87;94.336;8.534
5483716;25043;2018;W;;94.11;94.325;0.215
5483719;25043;2018;W;;91.86;94.862;3.002
5483713;25043;2018;W;;92.08;94.608;2.528
5483770;25043;2018;W;;92.65;95.777;3.127
5460942;25026;2018;W;;91.83;94.496;2.666
5460941;25026;2018;W;;90.29;95.223;4.933
5460948;25026;2018;W;;93.84;94.365;0.525
5460949;25026;2018;W;;99.02;94.172;4.848
5460943;25026;2018;W;;95.12;93.948;1.172
5460922;25026;2018;W;;96.44;93.948;2.492
5460921;25026;2018;W;;92.82;94.234;1.414
5460926;25026;2018;W;;99.0;94.234;4.766
5460910;25026;2018;W;;93.91;94.234;0.324
5460912;25026;2018;W;;95.06;94.23;0.83
5460911;25026;2018;W;;92.34;94.336;1.996
5460918;25026;2018;W;;91.28;94.23;2.95
5460916;25026;2018;W;;94.64;94.23;0.41
5460919;25026;2018;W;;103.7;94.336;9.364
5460913;25026;2018;W;;104.52;94.862;9.658
5460970;25026;2018;W;;96.0;95.777;0.223
5460975;25026;2018;W;;96.0;94.608;1.392
5460974;25026;2018;W;;91.79;94.325;2.535
5465290;25012;2018;W;;103.29;94.862;8.428
5465295;25012;2018;W;;96.0;94.325;1.675
5465297;25012;2018;W;;109.66;94.365;15.295
5465298;25012;2018;W;;109.23;94.172;15.058
5465296;25012;2018;W;;108.45;93.948;14.502
5465293;25012;2018;W;;108.28;94.093;14.187
5465234;25012;2018;W;;106.57;94.234;12.336
5465232;25012;2018;W;;108.16;94.234;13.926
5465238;25012;2018;W;;108.61;94.234;14.376
5465239;25012;2018;W;;106.17;94.23;11.94
5465233;25012;2018;W;;108.51;94.234;14.276
5465100;25012;2018;W;;109.73;94.23;15.5
5465104;25012;2018;W;;108.95;94.336;14.614
5465102;25012;2018;W;;105.27;94.234;11.036
5465101;25012;2018;W;;107.46;94.234;13.226
5465108;25012;2018;W;;103.46;94.23;9.23
5484372;25070;2018;W;;93.78;94.608;0.828
5484377;25070;2018;W;;98.64;94.862;3.778
5484378;25070;2018;W;;98.51;97.304;1.206
5484376;25070;2018;W;;92.55;94.325;1.775
5484379;25070;2018;W;;98.84;96.768;2.072
5484385;25070;2018;W;;97.94;94.234;3.706
5484384;25070;2018;W;;98.45;96.554;1.896
5484382;25070;2018;W;;96.14;94.336;1.804
5484388;25070;2018;W;;101.63;96.554;5.076
5484389;25070;2018;W;;97.48;96.554;0.926
5484383;25070;2018;W;;97.68;94.234;3.446
5484361;25070;2018;W;;97.44;96.464;0.976
5484368;25070;2018;W;;101.58;96.024;5.556
5484366;25070;2018;W;;99.67;94.496;5.174
5484395;25070;2018;W;;104.12;94.969;9.151
5484392;25070;2018;W;;85.77;95.223;9.453
5484391;25070;2018;W;;95.59;99.973;4.383
5484397;25070;2018;W;;90.24;94.093;3.853
5484398;25070;2018;W;;98.21;95.721;2.489
5484399;25070;2018;W;;101.74;95.738;6.002
5484393;25070;2018;W;;102.37;94.234;8.136
5484335;25070;2018;W;;93.64;94.365;0.725
5484332;25070;2018;W;;91.82;94.172;2.352
5484331;25070;2018;W;;105.71;95.8;9.91
5484337;25070;2018;W;;91.74;93.948;2.208
5484338;25070;2018;W;;105.66;95.738;9.922
5484336;25070;2018;W;;90.92;94.093;3.173
5484339;25070;2018;W;;107.07;95.883;11.187
5484333;25070;2018;W;;89.98;94.195;4.215
5482000;25070;2018;W;;85.11;96.514;11.404
5482005;25070;2018;W;;95.42;94.23;1.19
5482004;25070;2018;W;;100.88;96.55;4.33
5482001;25070;2018;W;;74.96;96.55;21.59
5482007;25070;2018;W;;93.58;94.23;0.65
5482006;25070;2018;W;;82.3;94.23;11.93
5482009;25070;2018;W;;84.02;96.55;12.53
5482050;25070;2018;W;;93.25;96.55;3.3
5482055;25070;2018;W;;84.61;94.336;9.726
5482068;25072;2018;W;;104.55;97.304;7.246
5482069;25072;2018;W;;105.08;96.768;8.312
5482063;25072;2018;W;;103.95;95.777;8.173
5482090;25072;2018;W;;98.91;98.062;0.848
5482095;25072;2018;W;;111.06;94.234;16.826
5482094;25072;2018;W;;103.48;96.554;6.926
5482092;25072;2018;W;;101.09;94.336;6.754
5482097;25072;2018;W;;102.03;94.234;7.796
5482098;25072;2018;W;;98.66;96.554;2.106
5482093;25072;2018;W;;106.39;94.234;12.156
5482030;25072;2018;W;;102.84;96.554;6.286
5482034;25072;2018;W;;101.35;96.554;4.796
5482037;25072;2018;W;;116.71;94.234;22.476
5482038;25072;2018;W;;107.65;96.024;11.626
5482036;25072;2018;W;;89.54;94.496;4.956
5482033;25072;2018;W;;99.1;94.234;4.866
5482500;25072;2018;W;;96.91;96.554;0.356
5482504;25072;2018;W;;98.46;96.598;1.862
5482502;25072;2018;W;;94.1;95.223;1.123
5482501;25072;2018;W;;98.49;99.973;1.483
5482508;25072;2018;W;;93.0;95.721;2.721
5482506;25072;2018;W;;116.35;93.948;22.402
5482509;25072;2018;W;;113.8;95.738;18.062
5482550;25072;2018;W;;104.3;96.024;8.276
5482551;25072;2018;W;;95.32;95.8;0.48
5482557;25072;2018;W;;92.66;93.948;1.288
5482556;25072;2018;W;;108.59;94.093;14.497
5482559;25072;2018;W;;106.46;95.883;10.577
5482545;25072;2018;W;;100.25;94.23;6.02
5482544;25072;2018;W;;106.73;96.55;10.18
5482542;25072;2018;W;;95.07;94.23;0.84
5482541;25072;2018;W;;96.57;96.55;0.02
5482547;25072;2018;W;;103.67;94.23;9.44
5482546;25072;2018;W;;94.62;94.23;0.39
5482520;25072;2018;W;;100.04;96.55;3.49
5482532;25077;2018;W;;71.38;94.608;23.228
5482531;25077;2018;W;;78.81;94.862;16.052
5482537;25077;2018;W;;95.1;94.325;0.775
5482536;25077;2018;W;;89.86;94.234;4.374
5482400;25077;2018;W;;73.38;94.234;20.854
5482405;25077;2018;W;;71.57;94.234;22.664
5482407;25077;2018;W;;85.1;94.496;9.396
5482408;25077;2018;W;;82.14;94.234;12.094
5482406;25077;2018;W;;101.67;94.969;6.701
5482409;25077;2018;W;;84.72;95.223;10.503
5482403;25077;2018;W;;91.38;94.093;2.713
5482455;25077;2018;W;;62.34;94.234;31.894
5482454;25077;2018;W;;91.0;94.365;3.365
5482452;25077;2018;W;;82.53;94.172;11.642
5482451;25077;2018;W;;76.62;93.948;17.328
5482458;25077;2018;W;;81.38;94.195;12.815
5482453;25077;2018;W;;67.0;94.23;27.23
5482445;25077;2018;W;;79.67;94.23;14.56
5482492;25079;2018;W;;56.45;94.23;37.78
5482491;25079;2018;W;;62.59;94.23;31.64
5482497;25079;2018;W;;62.04;94.093;32.053
5482498;25079;2018;W;;69.19;94.234;25.044
5482496;25079;2018;W;;51.43;94.195;42.765
5482435;25079;2018;W;;61.89;94.365;32.475
5482432;25079;2018;W;;70.38;94.336;23.956
5482436;25079;2018;W;;76.54;95.777;19.237
5482433;25079;2018;W;;73.53;94.234;20.704
5482205;25079;2018;W;;65.92;95.223;29.303
5482202;25079;2018;W;;74.5;94.234;19.734
5482207;25079;2018;W;;55.31;94.496;39.186
5482208;25079;2018;W;;58.32;94.172;35.852
5482255;25079;2018;W;;60.86;94.23;33.37
5482251;25073;2018;W;;101.56;96.55;5.01
5482257;25073;2018;W;;90.11;94.23;4.12
5482256;25073;2018;W;;102.35;94.093;8.257
5482253;25073;2018;W;;105.88;94.234;11.646
5482244;25073;2018;W;;94.5;96.514;2.014
5482242;25073;2018;W;;96.63;94.234;2.396
5482241;25073;2018;W;;92.52;96.024;3.504
5482248;25073;2018;W;;105.84;96.55;9.29
5482243;25073;2018;W;;92.98;94.365;1.385
5482222;25073;2018;W;;99.89;94.336;5.554
5482227;25073;2018;W;;95.71;94.608;1.102
5482228;25073;2018;W;;94.54;97.688;3.148
5482226;25073;2018;W;;97.2;94.336;2.864
5482229;25073;2018;W;;98.07;96.701;1.369
5482223;25073;2018;W;;101.82;94.23;7.59
5482210;25073;2018;W;;102.55;96.55;6.0
5482215;25073;2018;W;;92.33;95.777;3.447
5482211;25073;2018;W;;92.24;96.554;4.314
5482217;25073;2018;W;;108.09;94.234;13.856
5482218;25073;2018;W;;105.81;96.554;9.256
5482216;25073;2018;W;;95.51;94.234;1.276
5482213;25073;2018;W;;100.31;95.223;5.087
5482275;25073;2018;W;;96.93;94.234;2.696
5482271;25073;2018;W;;106.21;96.554;9.656
5482277;25073;2018;W;;91.52;94.234;2.714
5482279;25073;2018;W;;94.91;97.691;2.781
5482280;25073;2018;W;;113.53;95.8;17.73
5482285;25073;2018;W;;95.48;94.862;0.618
5482284;25073;2018;W;;97.96;97.304;0.656
5482282;25073;2018;W;;97.04;94.325;2.715
5482281;25073;2018;W;;101.58;96.768;4.812
5482287;25073;2018;W;;103.77;94.234;9.536
5482288;25073;2018;W;;101.12;96.554;4.566
5482289;25073;2018;W;;94.63;95.738;1.108
5482283;25073;2018;W;;100.22;94.23;5.99
5482260;25073;2018;W;;106.52;96.55;9.97
5482265;25073;2018;W;;100.27;93.948;6.322
5482264;25073;2018;W;;98.67;95.738;2.932
5482772;25081;2018;W;;75.57;94.23;18.66
5482771;25081;2018;W;;77.19;94.23;17.04
5482778;25081;2018;W;;90.34;94.234;3.894
5482779;25081;2018;W;;71.86;94.234;22.374
5482773;25081;2018;W;;80.34;94.23;13.89
5482780;25081;2018;W;;65.86;94.093;28.233
5482784;25081;2018;W;;71.76;94.969;23.209
5482782;25081;2018;W;;79.67;94.336;14.666
5482787;25081;2018;W;;69.57;94.336;24.766
5482788;25081;2018;W;;95.29;94.23;1.06
5482783;25081;2018;W;;90.91;94.234;3.324
5482760;25081;2018;W;;79.29;94.234;14.944
5482765;25081;2018;W;;73.76;95.223;21.463
5482762;25081;2018;W;;99.19;94.234;4.956
5482768;25081;2018;W;;90.14;94.172;4.032
5482769;25081;2018;W;;96.24;94.325;1.915
5482794;25081;2018;W;;64.81;93.948;29.138
5482632;25060;2018;W;;74.05;94.23;20.18
5482631;25060;2018;W;;81.0;94.234;13.234
5482638;25060;2018;W;;55.0;94.23;39.23
5482639;25060;2018;W;;76.53;94.234;17.704
5482900;25060;2018;W;;59.38;94.325;34.945
5482904;25060;2018;W;;45.38;94.234;48.854
5482902;25060;2018;W;;50.53;94.608;44.078
5482907;25060;2018;W;;71.0;94.23;23.23
5482908;25060;2018;W;;68.05;94.23;26.18
5482950;25060;2018;W;;57.76;95.777;38.017
5482955;25060;2018;W;;59.38;94.969;35.589
5482954;25060;2018;W;;69.38;94.093;24.713
5482951;25060;2018;W;;60.43;94.336;33.906
5482957;25060;2018;W;;77.76;93.948;16.188
5482958;25060;2018;W;;70.81;94.234;23.424
5482956;25060;2018;W;;65.67;94.234;28.564
5482953;25060;2018;W;;53.76;94.172;40.412
5488795;25544;2018;W;;96.69;95.223;1.467
5488794;25544;2018;W;;91.52;99.973;8.453
5488792;25544;2018;W;;85.14;94.496;9.356
5488791;25544;2018;W;;81.32;97.691;16.371
5488798;25544;2018;W;;103.05;96.598;6.452
5488796;25544;2018;W;;93.55;94.608;1.058
5488730;25544;2018;W;;94.17;98.062;3.892
5488735;25544;2018;W;;101.84;94.336;7.504
5488732;25544;2018;W;;106.25;94.365;11.885
5488731;25544;2018;W;;104.76;96.125;8.635
5488738;25544;2018;W;;75.93;96.768;20.838
5488736;25544;2018;W;;85.13;94.093;8.963
5488739;25544;2018;W;;86.84;95.721;8.881
5488800;25544;2018;W;;98.6;97.304;1.296
5488805;25544;2018;W;;99.21;94.172;5.038
5488801;25544;2018;W;;98.27;95.738;2.532
5488806;25544;2018;W;;93.34;94.234;0.894
5488809;25544;2018;W;;99.13;96.024;3.106
5488855;25544;2018;W;;103.86;94.234;9.626
5488852;25544;2018;W;;101.19;94.234;6.956
5488851;25544;2018;W;;97.11;96.554;0.556
5488857;25544;2018;W;;92.68;94.195;1.515
5488840;25544;2018;W;;87.96;96.55;8.59
5488844;25544;2018;W;;100.44;96.701;3.739
5488846;25544;2018;W;;97.96;94.234;3.726
5488849;25544;2018;W;;95.48;96.464;0.984
5488820;25544;2018;W;;93.88;96.554;2.674
5488824;25544;2018;W;;99.54;96.554;2.986
5488821;25544;2018;W;;79.8;96.554;16.754
5488823;25544;2018;W;;95.46;94.23;1.23
5488815;25542;2018;W;;112.22;95.223;16.997
5488811;25542;2018;W;;107.52;97.691;9.829
5488817;25542;2018;W;;111.91;94.969;16.941
5488816;25542;2018;W;;108.43;94.608;13.822
5488819;25542;2018;W;;113.49;97.688;15.802
5488813;25542;2018;W;;112.64;95.777;16.863
5488872;25542;2018;W;;108.78;94.365;14.415
5488871;25542;2018;W;;113.75;96.125;17.625
5488877;25542;2018;W;;115.24;94.325;20.915
5488878;25542;2018;W;;119.63;96.768;22.862
5488879;25542;2018;W;;111.85;95.721;16.129
5488873;25542;2018;W;;117.96;94.862;23.098
5488880;25542;2018;W;;115.97;97.304;18.666
5488885;25542;2018;W;;103.51;94.172;9.338
5488884;25542;2018;W;;100.31;95.8;4.51
5488881;25542;2018;W;;102.06;95.738;6.322
5488887;25542;2018;W;;110.81;94.093;16.717
5488888;25542;2018;W;;110.79;95.883;14.907
5488886;25542;2018;W;;112.55;94.234;18.316
5488864;25542;2018;W;;107.75;96.554;11.196
5488862;25542;2018;W;;110.66;94.234;16.426
5488868;25542;2018;W;;106.52;96.514;10.006
5488866;25542;2018;W;;109.13;94.23;14.9
5488869;25542;2018;W;;115.79;96.55;19.24
5488863;25542;2018;W;;104.59;94.23;10.36
5488895;25542;2018;W;;107.28;94.336;12.944
5488894;25542;2018;W;;112.39;96.701;15.689
5488892;25542;2018;W;;119.54;93.948;25.592
5488891;25542;2018;W;;114.83;95.738;19.092
5488898;25542;2018;W;;112.99;96.024;16.966
5488835;25542;2018;W;;108.6;94.234;14.366
5488834;25542;2018;W;;110.33;96.554;13.776
5488832;25542;2018;W;;105.57;94.234;11.336
5488837;25542;2018;W;;107.83;94.23;13.6
5486481;25526;2018;W;;62.91;95.738;32.828
5486487;25526;2018;W;;58.05;94.234;36.184
5486488;25526;2018;W;;69.29;96.554;27.264
5486486;25526;2018;W;;64.24;94.234;29.994
5486460;25526;2018;W;;58.91;95.8;36.89
5486464;25526;2018;W;;66.81;96.024;29.214
5486467;25526;2018;W;;49.76;94.969;45.209
5486468;25526;2018;W;;58.34;96.598;38.258
5486490;25526;2018;W;;70.81;96.554;25.744
5486492;25526;2018;W;;59.19;94.093;34.903
5486498;25526;2018;W;;55.57;96.464;40.894
5486496;25526;2018;W;;70.62;95.223;24.603
5486499;25526;2018;W;;58.05;99.973;41.923
5486430;25526;2018;W;;54.72;96.024;41.304
5486437;25529;2018;W;;82.34;94.234;11.894
5486439;25529;2018;W;;85.95;96.554;10.604
5486433;25529;2018;W;;99.29;94.172;5.118
5486200;25529;2018;W;;92.34;95.8;3.46
5486205;25529;2018;W;;84.34;94.234;9.894
5486204;25529;2018;W;;84.24;96.024;11.784
5486202;25529;2018;W;;87.67;94.496;6.826
5486201;25529;2018;W;;87.38;97.691;10.311
5486207;25529;2018;W;;94.81;94.969;0.159
5486209;25529;2018;W;;93.19;95.883;2.693
5486203;25529;2018;W;;90.14;94.234;4.094
5486250;25529;2018;W;;95.19;96.554;1.364
5486254;25529;2018;W;;82.43;95.738;13.308
5486257;25529;2018;W;;92.53;94.234;1.704
5486253;25529;2018;W;;90.34;94.234;3.894
5486240;25529;2018;W;;88.43;96.024;7.594
5486784;25511;2018;W;;94.98;95.721;0.741
5486782;25511;2018;W;;102.67;94.365;8.305
5486781;25511;2018;W;;102.81;96.125;6.685
5486788;25511;2018;W;;95.91;97.691;1.781
5486760;25511;2018;W;;91.95;99.973;8.023
5486765;25511;2018;W;;95.3;95.488;0.188
5486764;25511;2018;W;;93.62;99.828;6.208
5486767;25511;2018;W;;76.95;93.948;16.998
5486795;25511;2018;W;;96.18;94.336;1.844
5486794;25511;2018;W;;99.77;96.925;2.845
5486792;25511;2018;W;;94.08;95.777;1.697
5486791;25511;2018;W;;98.35;98.062;0.288
5486798;25511;2018;W;;90.17;99.089;8.919
5486793;25511;2018;W;;87.89;94.234;6.344
5486735;25511;2018;W;;75.67;94.234;18.564
5486732;25511;2018;W;;106.92;94.093;12.827
5486731;25511;2018;W;;105.13;95.883;9.247
5486737;25511;2018;W;;93.02;94.234;1.214
5486738;25511;2018;W;;94.94;96.024;1.084
5486804;25511;2018;W;;97.75;96.554;1.196
5486807;25511;2018;W;;96.3;94.234;2.066
5486850;25511;2018;W;;91.94;96.55;4.61
5486855;25511;2018;W;;96.68;94.23;2.45
5486854;25511;2018;W;;98.33;96.55;1.78
5486852;25511;2018;W;;98.1;94.234;3.866
5486857;25511;2018;W;;91.92;94.195;2.275
5486856;25511;2018;W;;99.49;94.862;4.628
5486859;25511;2018;W;;94.67;97.304;2.634
5486853;25511;2018;W;;97.88;95.846;2.034
5486840;25511;2018;W;;106.47;98.242;8.228
5486845;25511;2018;W;;96.48;94.23;2.25
5486844;25511;2018;W;;100.32;96.55;3.77
5486842;25511;2018;W;;98.18;94.23;3.95
5486841;25511;2018;W;;96.7;96.55;0.15
5486847;25511;2018;W;;80.76;95.846;15.086
5486848;25511;2018;W;;89.48;98.262;8.782
5486849;25511;2018;W;;99.65;97.011;2.639
5486843;25511;2018;W;;87.81;97.737;9.927
5486820;25511;2018;W;;92.65;101.508;8.858
5486824;25511;2018;W;;100.29;96.701;3.589
5486822;25511;2018;W;;96.48;95.846;0.634
5486828;25511;2018;W;;88.73;98.262;9.532
5486829;25511;2018;W;;103.29;97.83;5.46
5486823;25511;2018;W;;93.56;95.22;1.66
5486815;25517;2018;W;;82.96;94.093;11.133
5486812;25517;2018;W;;93.98;94.365;0.385
5486818;25517;2018;W;;82.15;97.691;15.541
5486870;25517;2018;W;;82.1;99.973;17.873
5486875;25517;2018;W;;88.67;95.488;6.818
5486874;25517;2018;W;;84.26;99.828;15.568
5486871;25517;2018;W;;77.86;96.768;18.908
5486877;25517;2018;W;;78.39;93.948;15.558
5486873;25517;2018;W;;83.87;94.172;10.302
5486885;25517;2018;W;;84.7;94.336;9.636
5486884;25517;2018;W;;82.83;96.925;14.095
5486882;25517;2018;W;;88.36;95.777;7.417
5486887;25517;2018;W;;80.07;96.951;16.881
5486883;25517;2018;W;;85.7;94.234;8.534
5486865;25517;2018;W;;74.41;94.234;19.824
5486864;25517;2018;W;;72.49;96.464;23.974
5486862;25517;2018;W;;93.14;94.093;0.953
5486867;25517;2018;W;;85.65;94.234;8.584
5486868;25517;2018;W;;86.58;96.024;9.444
5486869;25517;2018;W;;86.66;96.554;9.894
5486863;25517;2018;W;;80.36;94.234;13.874
5486895;25517;2018;W;;83.36;94.234;10.874
5486892;25517;2018;W;;79.52;94.234;14.714
5486891;25517;2018;W;;72.2;96.554;24.354
5486897;25517;2018;W;;76.32;94.234;17.914
5486899;25517;2018;W;;78.84;96.55;17.71
5486830;25517;2018;W;;78.03;96.55;18.52
5486835;25517;2018;W;;92.94;94.23;1.29
5486834;25517;2018;W;;86.62;96.55;9.93
5486832;25517;2018;W;;72.74;94.234;21.494
5486831;25517;2018;W;;73.62;96.554;22.934
5486837;25517;2018;W;;79.87;94.195;14.325
5486836;25517;2018;W;;90.61;94.862;4.252
5486839;25517;2018;W;;88.2;97.304;9.104
5486833;25517;2018;W;;92.03;95.846;3.816
5486600;25517;2018;W;;89.44;98.242;8.802
5486605;25517;2018;W;;93.06;94.23;1.17
5486607;25517;2018;W;;80.64;95.846;15.206
5486608;25517;2018;W;;77.46;98.262;20.802
5486609;25517;2018;W;;81.59;97.011;15.421
5486655;25517;2018;W;;88.82;94.336;5.516
5486651;25517;2018;W;;83.84;98.242;14.402
5486657;25517;2018;W;;65.26;95.846;30.586
5486658;25517;2018;W;;66.52;98.262;31.742
5486640;25517;2018;W;;83.64;97.011;13.371
5486904;25519;2018;W;;71.21;99.973;28.763
5486902;25519;2018;W;;75.91;94.969;19.059
5486901;25519;2018;W;;85.56;96.598;11.038
5486907;25519;2018;W;;78.56;94.365;15.805
5486909;25519;2018;W;;80.6;95.738;15.138
5486950;25519;2018;W;;78.78;96.554;17.774
5486955;25519;2018;W;;77.48;94.23;16.75
5486954;25519;2018;W;;77.07;96.55;19.48
5486952;25519;2018;W;;81.81;94.336;12.526
5486951;25519;2018;W;;81.03;96.701;15.671
5486957;25519;2018;W;;53.79;94.496;40.706
5486958;25519;2018;W;;60.38;97.691;37.311
5486956;25519;2018;W;;64.16;94.172;30.012
5486959;25519;2018;W;;66.8;95.8;29.0
5486944;25519;2018;W;;69.79;96.55;26.76
5486942;25519;2018;W;;72.41;94.234;21.824
5486947;25519;2018;W;;75.34;94.234;18.894
5486948;25519;2018;W;;76.38;96.024;19.644
5486946;25519;2018;W;;73.26;94.862;21.602
5486949;25519;2018;W;;78.26;97.304;19.044
5486920;25519;2018;W;;85.7;96.514;10.814
5486925;25519;2018;W;;81.18;94.234;13.054
5486927;25519;2018;W;;79.15;94.093;14.943
5486928;25519;2018;W;;88.56;95.721;7.161
5486926;25519;2018;W;;73.97;94.234;20.264
5486923;25519;2018;W;;76.89;94.234;17.344
5486914;25519;2018;W;;87.88;96.55;8.67
5486912;25519;2018;W;;80.91;94.336;13.426
5486911;25519;2018;W;;80.35;96.925;16.575
5486916;25519;2018;W;;84.19;94.234;10.044
5486919;25519;2018;W;;85.31;96.554;11.244
5486970;25519;2018;W;;75.69;96.55;20.86
5486975;25519;2018;W;;72.72;94.093;21.373
5486974;25519;2018;W;;79.41;95.883;16.473
5486971;25519;2018;W;;97.64;96.768;0.872
5486977;25519;2018;W;;75.19;94.23;19.04
5486976;25519;2018;W;;62.77;96.951;34.181
5486979;25519;2018;W;;65.46;99.089;33.629
5486973;25519;2018;W;;77.14;94.608;17.468
5486985;25519;2018;W;;80.96;93.948;12.988
5486984;25519;2018;W;;81.66;95.738;14.078
5486981;25519;2018;W;;87.03;98.062;11.032
5489097;25571;2018;W;;55.95;94.496;38.546
5489093;25571;2018;W;;51.57;94.172;42.602
5489030;25571;2018;W;;49.1;95.8;46.7
5489034;25571;2018;W;;65.19;96.554;31.364
5489031;25571;2018;W;;62.24;99.973;37.733
5489037;25571;2018;W;;66.24;94.234;27.994
5489036;25571;2018;W;;47.38;94.23;46.85
5489039;25571;2018;W;;42.72;96.55;53.83
5489033;25571;2018;W;;62.34;93.948;31.608
5489500;25571;2018;W;;62.72;95.738;33.018
5489505;25571;2018;W;;56.62;94.195;37.575
5489504;25571;2018;W;;59.95;96.514;36.564
5489506;25571;2018;W;;49.67;94.234;44.564
5489509;25571;2018;W;;47.29;96.554;49.264
5489550;25571;2018;W;;63.0;95.883;32.883
5489555;25571;2018;W;;54.24;94.234;39.994
5489554;25571;2018;W;;54.24;96.024;41.784
5489552;25571;2018;W;;52.24;94.969;42.729
5489557;25571;2018;W;;59.76;94.093;34.333
5489558;25571;2018;W;;63.67;95.721;32.051
5489540;25571;2018;W;;63.57;97.688;34.118
5489545;25571;2018;W;;41.1;94.234;53.134
5489542;25571;2018;W;;58.62;94.862;36.242
5489541;25571;2018;W;;59.86;97.304;37.444
5489520;25571;2018;W;;59.57;97.011;37.441
5489524;25571;2018;W;;59.38;98.242;38.862
5489528;25571;2018;W;;52.53;95.738;43.208
5489526;25571;2018;W;;78.14;94.23;16.09
5489523;25571;2018;W;;56.72;94.23;37.51
5489518;25571;2018;W;;62.24;96.024;33.784
5489516;25571;2018;W;;55.67;94.336;38.666
5489519;25571;2018;W;;57.76;96.701;38.941
5489570;25571;2018;W;;57.0;97.83;40.83
5489574;25571;2018;W;;58.62;98.062;39.442
5489572;25571;2018;W;;63.38;94.325;30.945
5489577;25571;2018;W;;47.86;95.846;47.986
5489578;25571;2018;W;;45.57;98.242;52.672
5483355;25583;2018;W;;93.13;95.223;2.093
5483354;25583;2018;W;;92.11;94.496;2.386
5483358;25583;2018;W;;93.09;94.093;1.003
5483356;25583;2018;W;;102.19;93.948;8.242
5483345;25583;2018;W;;100.27;94.234;6.036
5483344;25583;2018;W;;89.98;94.234;4.254
5483342;25583;2018;W;;97.5;94.234;3.266
5483341;25583;2018;W;;96.51;94.234;2.276
5483349;25583;2018;W;;95.55;94.234;1.316
5483343;25583;2018;W;;106.86;94.195;12.665
5483325;25583;2018;W;;98.57;94.23;4.34
5483324;25583;2018;W;;103.88;94.23;9.65
5483322;25583;2018;W;;101.03;94.23;6.8
5483327;25583;2018;W;;105.12;94.336;10.784
5483328;25583;2018;W;;95.08;94.336;0.744
5483310;25583;2018;W;;108.65;94.325;14.325
5483315;25565;2018;W;;106.41;95.223;11.187
5483312;25565;2018;W;;99.58;94.496;5.084
5483311;25565;2018;W;;98.18;97.691;0.489
5483317;25565;2018;W;;110.21;94.365;15.845
5483319;25565;2018;W;;100.5;96.598;3.902
5483313;25565;2018;W;;111.94;94.172;17.768
5483375;25565;2018;W;;106.64;94.093;12.547
5483374;25565;2018;W;;98.1;95.721;2.379
5483372;25565;2018;W;;105.63;93.948;11.682
5483371;25565;2018;W;;94.46;95.738;1.278
5483378;25565;2018;W;;107.33;95.738;11.592
5483376;25565;2018;W;;113.49;94.093;19.397
5483382;25565;2018;W;;105.9;94.234;11.666
5483387;25565;2018;W;;109.05;94.234;14.816
5483388;25565;2018;W;;103.5;96.024;7.476
5483386;25565;2018;W;;108.8;94.234;14.566
5483383;25565;2018;W;;115.63;94.234;21.396
5483365;25565;2018;W;;111.91;94.234;17.676
5483364;25565;2018;W;;106.8;96.554;10.246
5483362;25565;2018;W;;100.49;94.234;6.256
5483367;25565;2018;W;;104.99;94.234;10.756
5483363;25565;2018;W;;112.7;94.23;18.47
5257477;25451;2018;W;;82.14;94.862;12.722
5257476;25451;2018;W;;81.85;94.608;12.758
5257479;25451;2018;W;;74.79;95.223;20.433
5257473;25451;2018;W;;75.71;94.496;18.786
5257480;25451;2018;W;;72.05;94.969;22.919
5257485;25451;2018;W;;78.18;94.365;16.185
5257484;25451;2018;W;;80.64;94.093;13.453
5257481;25451;2018;W;;71.43;93.948;22.518
5257488;25451;2018;W;;77.37;94.234;16.864
5257486;25451;2018;W;;76.62;93.948;17.328
5257489;25451;2018;W;;81.48;94.093;12.613
5257483;25451;2018;W;;79.68;94.234;14.554
5257462;25451;2018;W;;81.48;94.234;12.754
5257467;25451;2018;W;;81.48;94.23;12.75
5257495;25451;2018;W;;83.26;94.23;10.97
5257492;25451;2018;W;;83.56;94.325;10.765
5257491;25451;2018;W;;73.72;94.336;20.616
5251347;25459;2018;W;;87.5;94.862;7.362
5251348;25459;2018;W;;71.89;95.223;23.333
5251346;25459;2018;W;;84.86;94.608;9.748
5251343;25459;2018;W;;82.41;94.496;12.086
5251324;25459;2018;W;;79.0;93.948;14.948
5251322;25459;2018;W;;74.16;94.234;20.074
5251321;25459;2018;W;;73.62;94.234;20.614
5251329;25459;2018;W;;73.88;93.948;20.068
5251315;25459;2018;W;;79.74;94.23;14.49
5251312;25459;2018;W;;76.22;94.093;17.873
5251311;25459;2018;W;;78.28;95.777;17.497
5251317;25459;2018;W;;79.04;94.234;15.194
5251370;25459;2018;W;;62.94;94.23;31.29
5251374;25459;2018;W;;78.48;94.336;15.856
5251372;25459;2018;W;;88.64;94.325;5.685
5257059;25422;2018;W;;68.71;94.172;25.462
5257053;25422;2018;W;;66.35;93.948;27.598
5257040;25422;2018;W;;83.03;94.093;11.063
5257044;25422;2018;W;;76.27;94.234;17.964
5257046;25422;2018;W;;72.47;94.23;21.76
5257049;25422;2018;W;;76.1;95.777;19.677
5257043;25422;2018;W;;84.18;94.23;10.05
5257024;25422;2018;W;;73.88;94.969;21.089
5257028;25422;2018;W;;69.6;94.234;24.634
5257023;25422;2018;W;;60.77;94.234;33.464
5257010;25422;2018;W;;59.03;94.23;35.2
5257015;25422;2018;W;;74.5;94.23;19.73
5257012;25422;2018;W;;72.88;94.336;21.456
5257018;25429;2018;W;;73.96;95.777;21.817
5257070;25429;2018;W;;76.97;94.365;17.395
5257075;25429;2018;W;;72.23;94.969;22.739
5257074;25429;2018;W;;60.88;94.172;33.292
5257072;25429;2018;W;;67.29;93.948;26.658
5257071;25429;2018;W;;65.57;94.093;28.523
5257077;25429;2018;W;;72.99;94.093;21.103
5257080;25429;2018;W;;75.26;94.234;18.974
5257084;25429;2018;W;;64.97;94.234;29.264
5257088;25429;2018;W;;74.04;94.195;20.155
5257086;25429;2018;W;;61.97;94.23;32.26
5257083;25429;2018;W;;53.95;94.336;40.386
5257065;25429;2018;W;;71.79;94.23;22.44
5257061;25429;2018;W;;72.18;94.336;22.156
5257627;25410;2018;W;;86.54;94.862;8.322
5257626;25410;2018;W;;87.79;94.608;6.818
5257629;25410;2018;W;;75.45;95.223;19.773
5257612;25410;2018;W;;82.62;93.948;11.328
5257611;25410;2018;W;;80.19;94.093;13.903
5257617;25410;2018;W;;83.28;94.093;10.813
5257618;25410;2018;W;;70.33;93.948;23.618
5257616;25410;2018;W;;74.78;94.234;19.454
5257675;25410;2018;W;;83.65;94.234;10.584
5257672;25410;2018;W;;77.17;94.234;17.064
5257671;25410;2018;W;;86.38;94.234;7.854
5257679;25410;2018;W;;72.57;94.23;21.66
5257673;25410;2018;W;;66.29;94.336;28.046
5257682;25410;2018;W;;86.74;94.325;7.585
5465572;25494;2018;W;;82.31;95.223;12.913
5465571;25494;2018;W;;84.82;99.973;15.153
5465577;25494;2018;W;;62.85;94.496;31.646
5465578;25494;2018;W;;74.03;97.691;23.661
5465576;25494;2018;W;;74.69;94.365;19.675
5465585;25494;2018;W;;81.65;94.172;12.522
5465581;25494;2018;W;;68.84;95.721;26.881
5465587;25494;2018;W;;77.13;93.948;16.818
5465588;25494;2018;W;;73.23;95.738;22.508
5465586;25494;2018;W;;73.12;93.948;20.828
5465589;25494;2018;W;;73.23;95.738;22.508
5465583;25494;2018;W;;61.23;94.093;32.863
5465564;25494;2018;W;;73.63;96.024;22.394
5465561;25494;2018;W;;72.04;96.024;23.984
5465566;25494;2018;W;;63.29;94.234;30.944
5465569;25494;2018;W;;68.72;96.554;27.834
5465563;25494;2018;W;;76.15;94.234;18.084
5465592;25494;2018;W;;74.89;94.234;19.344
5465593;25494;2018;W;;77.72;94.195;16.475
5465534;25494;2018;W;;80.98;96.55;15.57
5465532;25494;2018;W;;80.62;94.23;13.61
5465531;25494;2018;W;;73.36;96.55;23.19
5465536;25494;2018;W;;60.32;94.23;33.91
5465539;25494;2018;W;;70.9;96.55;25.65
5465533;25494;2018;W;;93.58;94.23;0.65
5465400;25494;2018;W;;73.36;96.55;23.19
5465402;25494;2018;W;;72.7;94.336;21.636
5465401;25494;2018;W;;82.13;96.925;14.795
5465408;25494;2018;W;;68.35;97.688;29.338
5465409;25494;2018;W;;73.42;98.062;24.642
5465403;25494;2018;W;;79.0;94.862;15.862
5465450;25494;2018;W;;72.53;97.304;24.774
5465451;25494;2018;W;;72.7;99.089;26.389
5465458;25494;2018;W;;79.49;98.242;18.752
5465456;25494;2018;W;;88.37;95.846;7.476
5465453;25494;2018;W;;87.49;95.846;8.356
5465444;25494;2018;W;;74.18;98.262;24.082
5465420;25494;2018;W;;71.78;101.508;29.728
5465425;25494;2018;W;;69.52;95.488;25.968
5465424;25494;2018;W;;89.97;99.828;9.858
5465421;25494;2018;W;;81.64;99.245;17.605
5465427;25494;2018;W;;78.7;95.765;17.065
5465426;25494;2018;W;;78.98;97.716;18.736
5465429;25494;2018;W;;69.38;98.973;29.593
5465423;25494;2018;W;;74.96;96.645;21.685
5465411;25494;2018;W;;96.89;98.561;1.671
5465417;25494;2018;W;;98.39;95.6;2.79
5465418;25494;2018;W;;73.23;98.561;25.331
5465419;25494;2018;W;;81.55;99.207;17.657
5465413;25494;2018;W;;85.51;96.302;10.792
5465470;25494;2018;W;;84.75;97.816;13.066
5465827;25499;2018;W;;111.42;95.223;16.197
5465828;25499;2018;W;;107.42;99.973;7.447
5465826;25499;2018;W;;100.48;94.496;5.984
5465829;25499;2018;W;;102.48;97.691;4.789
5465823;25499;2018;W;;101.18;94.365;6.815
5465810;25499;2018;W;;104.71;96.125;8.585
5465814;25499;2018;W;;104.71;96.598;8.112
5465812;25499;2018;W;;96.95;94.172;2.778
5465811;25499;2018;W;;98.71;95.8;2.91
5465817;25499;2018;W;;99.42;94.093;5.327
5465818;25499;2018;W;;98.83;95.721;3.109
5465816;25499;2018;W;;102.24;93.948;8.292
5465813;25499;2018;W;;103.89;93.948;9.942
5465870;25499;2018;W;;106.83;95.738;11.092
5465875;25499;2018;W;;105.53;94.093;11.437
5465872;25499;2018;W;;100.36;94.234;6.126
5465877;25499;2018;W;;98.48;94.234;4.246
5465878;25499;2018;W;;96.59;96.024;0.566
5465876;25499;2018;W;;111.06;94.234;16.826
5465882;25499;2018;W;;105.06;94.234;10.826
5465881;25499;2018;W;;107.42;96.554;10.866
5465888;25499;2018;W;;108.48;96.554;11.926
5465889;25499;2018;W;;104.48;96.554;7.926
5465883;25499;2018;W;;112.36;94.234;18.126
5465865;25499;2018;W;;101.89;94.195;7.695
5465864;25499;2018;W;;105.42;96.514;8.906
5465862;25499;2018;W;;97.06;94.23;2.83
5465861;25499;2018;W;;102.0;96.55;5.45
5465867;25499;2018;W;;110.24;94.23;16.01
5465868;25499;2018;W;;107.18;96.55;10.63
5465869;25499;2018;W;;112.24;96.55;15.69
5465890;25499;2018;W;;106.71;96.55;10.16
5465895;25499;2018;W;;112.71;94.23;18.48
5465894;25499;2018;W;;108.36;96.55;11.81
5465892;25499;2018;W;;111.89;94.336;17.554
5465891;25499;2018;W;;112.71;96.701;16.009
5465898;25499;2018;W;;115.89;96.925;18.965
5465896;25499;2018;W;;115.06;94.608;20.452
5465899;25499;2018;W;;113.18;97.688;15.492
5465893;25499;2018;W;;115.65;95.777;19.873
5465835;25499;2018;W;;108.95;94.862;14.088
5465832;25499;2018;W;;110.71;94.325;16.385
5465831;25499;2018;W;;106.95;96.768;10.182
5465837;25499;2018;W;;112.36;96.951;15.409
5465836;25499;2018;W;;109.06;95.846;13.214
5465839;25499;2018;W;;107.65;98.242;9.408
5465605;25499;2018;W;;108.71;95.846;12.864
5465604;25499;2018;W;;108.48;98.262;10.218
5465602;25499;2018;W;;120.83;95.846;24.984
5465601;25499;2018;W;;116.95;98.262;18.688
5465607;25499;2018;W;;114.95;95.846;19.104
5465608;25499;2018;W;;111.77;97.83;13.94
5465609;25499;2018;W;;113.77;97.011;16.759
5465654;25499;2018;W;;112.0;101.508;10.492
5465652;25499;2018;W;;114.36;95.488;18.872
5465657;25499;2018;W;;84.0;95.952;11.952
5465658;25499;2018;W;;86.71;99.245;12.535
5465659;25499;2018;W;;89.18;99.245;10.065
5465640;25499;2018;W;;90.95;98.973;8.023
5465645;25499;2018;W;;104.36;96.645;7.715
5465641;25499;2018;W;;109.06;98.235;10.825
5465647;25499;2018;W;;115.89;95.6;20.29
5465646;25499;2018;W;;105.77;95.6;10.17
5465649;25499;2018;W;;102.59;98.561;4.029
5465643;25499;2018;W;;100.0;96.639;3.361
5465620;25499;2018;W;;95.77;99.207;3.437
5465624;25499;2018;W;;105.06;97.816;7.244
5464163;25201;2018;W;;94.29;95.223;0.933
5464190;25201;2018;W;;88.84;99.973;11.133
5464195;25201;2018;W;;77.81;94.496;16.686
5464199;25201;2018;W;;79.83;95.8;15.97
5464193;25201;2018;W;;95.96;94.093;1.867
5464135;25201;2018;W;;89.58;93.948;4.368
5464132;25201;2018;W;;84.12;93.948;9.828
5464131;25201;2018;W;;90.62;95.738;5.118
5464139;25201;2018;W;;99.93;96.024;3.906
5464133;25201;2018;W;;80.14;94.234;14.094
5464700;25201;2018;W;;80.28;96.024;15.744
5464705;25201;2018;W;;89.59;94.234;4.644
5464704;25201;2018;W;;94.25;96.464;2.214
5464702;25201;2018;W;;84.73;94.234;9.504
5464701;25201;2018;W;;88.0;96.554;8.554
5464707;25201;2018;W;;89.67;94.234;4.564
5464709;25201;2018;W;;96.29;96.554;0.264
5464703;25201;2018;W;;92.09;94.234;2.144
5464754;25201;2018;W;;74.46;96.554;22.094
5464751;25201;2018;W;;88.85;96.554;7.704
5464757;25201;2018;W;;88.25;94.195;5.945
5464753;25201;2018;W;;87.19;94.23;7.04
5464740;25201;2018;W;;86.84;96.55;9.71
5464742;25201;2018;W;;94.02;94.23;0.21
5464746;25201;2018;W;;80.94;94.336;13.396
5464724;25201;2018;W;;82.08;97.688;15.608
5464722;25201;2018;W;;91.69;95.777;4.087
5464721;25201;2018;W;;86.17;98.062;11.892
5464727;25201;2018;W;;93.16;94.862;1.702
5464726;25201;2018;W;;92.33;94.325;1.995
5464729;25201;2018;W;;91.18;96.768;5.588
5464723;25201;2018;W;;89.92;96.951;7.031
5464710;25201;2018;W;;87.27;99.089;11.819
5464711;25201;2018;W;;92.42;98.242;5.822
5464718;25201;2018;W;;90.21;98.262;8.052
5464770;25201;2018;W;;95.84;97.83;1.99
5464774;25201;2018;W;;84.88;97.011;12.131
5464772;25201;2018;W;;93.22;95.22;2.0
5464777;25201;2018;W;;90.48;97.737;7.257
5464778;25201;2018;W;;85.36;101.508;16.148
5464779;25201;2018;W;;98.01;99.828;1.818
5464773;25201;2018;W;;96.3;95.952;0.348
5464787;25201;2018;W;;91.65;96.645;4.995
5464786;25201;2018;W;;88.57;95.275;6.705
5464789;25201;2018;W;;89.82;98.235;8.415
5464764;25201;2018;W;;93.68;98.561;4.881
5464762;25201;2018;W;;85.03;96.639;11.609
5464761;25201;2018;W;;83.44;99.207;15.767
5467641;25271;2018;W;;105.96;94.862;11.098
5467647;25271;2018;W;;103.88;94.234;9.646
5467649;25271;2018;W;;98.15;94.365;3.785
5467643;25271;2018;W;;101.21;94.496;6.714
5467620;25271;2018;W;;101.75;94.195;7.555
5467625;25271;2018;W;;106.93;94.234;12.696
5467624;25271;2018;W;;101.23;94.23;7.0
5467621;25271;2018;W;;103.86;94.234;9.626
5467627;25271;2018;W;;95.54;94.234;1.306
5467628;25271;2018;W;;101.56;94.234;7.326
5467623;25271;2018;W;;87.95;94.23;6.28
5467610;25271;2018;W;;90.28;94.093;3.813
5467615;25271;2018;W;;103.67;94.234;9.436
5467612;25271;2018;W;;109.56;94.093;15.467
5467611;25271;2018;W;;103.88;95.777;8.103
5467618;25271;2018;W;;100.35;94.234;6.116
5467616;25271;2018;W;;99.7;94.325;5.375
5467675;25271;2018;W;;99.92;94.172;5.748
5467674;25278;2018;W;;99.36;94.234;5.126
5467672;25278;2018;W;;108.46;94.195;14.265
5467679;25278;2018;W;;105.32;94.23;11.09
5467673;25278;2018;W;;100.41;94.234;6.176
5467680;25278;2018;W;;103.39;94.093;9.297
5467685;25278;2018;W;;101.81;94.862;6.948
5467684;25278;2018;W;;96.54;94.608;1.932
5467682;25278;2018;W;;100.36;94.234;6.126
5467687;25278;2018;W;;75.46;94.365;18.905
5467683;25278;2018;W;;113.8;94.23;19.57
5467660;25278;2018;W;;91.6;94.969;3.369
5467665;25278;2018;W;;104.24;94.23;10.01
5467661;25278;2018;W;;105.3;94.336;10.964
5467667;25278;2018;W;;103.95;94.234;9.716
5467668;25278;2018;W;;101.83;94.234;7.596
5467666;25278;2018;W;;103.24;94.234;9.006
5468727;25173;2018;B;;57.78;52.56;5.22
5468728;25173;2018;B;;62.84;51.984;10.856
5468729;25173;2018;B;;64.92;51.642;13.278
5468723;25173;2018;B;;58.63;51.937;6.693
5468715;25173;2018;B;;68.32;51.898;16.422
5468714;25173;2018;B;;67.6;51.898;15.702
5468712;25173;2018;B;;62.74;51.898;10.842
5468717;25173;2018;B;;57.88;51.982;5.898
5468716;25173;2018;B;;50.92;52.099;1.179
5468719;25173;2018;B;;63.15;52.099;11.051
5468713;25173;2018;B;;68.0;51.808;16.192
5468770;25173;2018;B;;60.31;50.561;9.749
5468775;25173;2018;B;;61.76;50.561;11.199
5468772;25173;2018;B;;71.43;50.34;21.09
5468960;25162;2018;B;;63.25;52.578;10.672
5468964;25162;2018;B;;60.58;51.984;8.596
5468961;25162;2018;B;;57.06;51.642;5.418
5468967;25162;2018;B;;58.24;51.937;6.303
5468966;25162;2018;B;;55.21;51.898;3.312
5468969;25162;2018;B;;57.75;51.898;5.852
5468963;25162;2018;B;;53.51;51.898;1.612
5468990;25162;2018;B;;48.78;51.898;3.118
5468995;25162;2018;B;;49.18;51.982;2.802
5468994;25162;2018;B;;47.72;52.099;4.379
5468992;25162;2018;B;;47.24;52.099;4.859
5468997;25162;2018;B;;43.82;51.808;7.988
5468998;25162;2018;B;;50.52;50.561;0.041
5468996;25162;2018;B;;39.49;50.561;11.071
5468930;25162;2018;B;;30.28;50.34;20.06
5468334;25169;2018;B;;67.87;51.984;15.886
5468332;25169;2018;B;;64.0;51.459;12.541
5468331;25169;2018;B;;60.62;51.642;8.978
5468339;25169;2018;B;;54.1;51.898;2.202
5466000;25169;2018;B;;50.45;51.898;1.448
5466005;25169;2018;B;;55.43;51.982;3.448
5466004;25169;2018;B;;49.29;52.099;2.809
5466001;25169;2018;B;;52.3;52.099;0.201
5466007;25169;2018;B;;43.44;51.808;8.368
5466009;25169;2018;B;;45.11;51.502;6.392
5466050;25169;2018;B;;47.73;50.34;2.61
5466055;25169;2018;B;;40.11;50.34;10.23
5466054;25163;2018;B;CENTRE;60.54;49.334;11.206
5466051;25163;2018;B;CENTRE;60.17;50.133;10.037
5466056;25163;2018;B;CENTRE;52.5;48.964;3.536
5466045;25163;2018;B;CENTRE;55.02;49.428;5.592
5466041;25163;2018;B;CENTRE;60.61;49.428;11.182
5466047;25163;2018;B;CENTRE;59.95;49.42;10.53
5466048;25163;2018;B;CENTRE;56.87;49.272;7.598
5466046;25163;2018;B;CENTRE;55.46;49.272;6.188
5466020;25163;2018;B;CENTRE;48.35;47.217;1.133
5466025;25163;2018;B;CENTRE;49.08;47.217;1.863
5466022;25163;2018;B;CENTRE;50.08;46.996;3.084
5466021;25163;2018;B;CENTRE;49.51;46.996;2.514
5466028;25190;2018;B;;64.32;51.719;12.601
5466026;25190;2018;B;;58.76;52.15;6.61
5466029;25190;2018;B;;62.71;52.578;10.132
5466023;25190;2018;B;;61.26;52.56;8.7
5466010;25190;2018;B;;56.99;51.984;5.006
5466016;25190;2018;B;;59.61;51.898;7.712
5466013;25190;2018;B;;47.75;51.982;4.232
5466074;25190;2018;B;;58.81;52.099;6.711
5466072;25190;2018;B;;59.98;51.808;8.172
5466071;25190;2018;B;;55.6;50.561;5.039
5466076;25190;2018;B;;53.77;50.34;3.43
5466073;25190;2018;B;;59.52;50.34;9.18
5466624;25701;2018;T;MIDI-PYRÉNÉES;70.9;62.453;8.447
5466622;25701;2018;T;MIDI-PYRÉNÉES;67.62;57.92;9.7
5466627;25701;2018;T;MIDI-PYRÉNÉES;82.57;60.158;22.412
5466628;25701;2018;T;MIDI-PYRÉNÉES;77.84;55.053;22.787
5466626;25701;2018;T;MIDI-PYRÉNÉES;74.31;60.361;13.949
5466623;25701;2018;T;MIDI-PYRÉNÉES;80.32;54.192;26.128
5466614;25701;2018;T;MIDI-PYRÉNÉES;74.91;56.034;18.876
5466611;25701;2018;T;MIDI-PYRÉNÉES;79.68;59.944;19.736
5466618;25701;2018;T;MIDI-PYRÉNÉES;86.26;62.157;24.103
5466616;25701;2018;T;MIDI-PYRÉNÉES;68.24;60.118;8.122
5466678;25701;2018;T;MIDI-PYRÉNÉES;83.26;59.98;23.28
5466676;25701;2018;T;MIDI-PYRÉNÉES;80.02;54.91;25.11
5466673;25701;2018;T;MIDI-PYRÉNÉES;82.29;60.326;21.964
5466680;25701;2018;T;MIDI-PYRÉNÉES;81.92;55.256;26.664
5466685;25701;2018;T;MIDI-PYRÉNÉES;68.84;60.598;8.242
5466684;25701;2018;T;MIDI-PYRÉNÉES;80.83;60.326;20.504
5466682;25701;2018;T;MIDI-PYRÉNÉES;84.76;55.256;29.504
5466681;25701;2018;T;MIDI-PYRÉNÉES;75.29;60.598;14.692
5466687;25701;2018;T;MIDI-PYRÉNÉES;82.13;61.435;20.695
5466686;25701;2018;T;MIDI-PYRÉNÉES;82.16;60.175;21.985
5466689;25701;2018;T;MIDI-PYRÉNÉES;82.96;61.435;21.525
5466683;25701;2018;T;MIDI-PYRÉNÉES;82.41;54.833;27.577
5466660;25701;2018;T;MIDI-PYRÉNÉES;83.47;60.175;23.295
5466664;25701;2018;T;MIDI-PYRÉNÉES;69.27;54.833;14.437
5466662;25701;2018;T;MIDI-PYRÉNÉES;65.5;60.175;5.325
5466667;25701;2018;T;MIDI-PYRÉNÉES;84.56;55.076;29.484
5466668;25701;2018;T;MIDI-PYRÉNÉES;75.24;60.418;14.822
5466666;25701;2018;T;MIDI-PYRÉNÉES;79.92;61.435;18.485
5466663;25701;2018;T;MIDI-PYRÉNÉES;68.22;60.418;7.802
5466690;25701;2018;T;MIDI-PYRÉNÉES;86.11;61.435;24.675
5466692;25701;2018;T;MIDI-PYRÉNÉES;82.33;61.901;20.429
5466691;25701;2018;T;MIDI-PYRÉNÉES;74.55;54.901;19.649
5466693;25701;2018;T;MIDI-PYRÉNÉES;81.3;61.705;19.595
5466630;25701;2018;T;MIDI-PYRÉNÉES;80.76;54.861;25.899
5466633;25701;2018;T;MIDI-PYRÉNÉES;81.04;54.861;26.179
5466904;25701;2018;T;MIDI-PYRÉNÉES;78.04;55.185;22.855
5466907;25701;2018;T;MIDI-PYRÉNÉES;70.42;55.231;15.189
5466908;25701;2018;T;MIDI-PYRÉNÉES;68.84;60.573;8.267
5466950;25701;2018;T;MIDI-PYRÉNÉES;49.22;60.917;11.697
5466951;25701;2018;T;MIDI-PYRÉNÉES;70.49;56.368;14.122
5466958;25701;2018;T;MIDI-PYRÉNÉES;66.4;59.011;7.389
5466959;25701;2018;T;MIDI-PYRÉNÉES;63.58;60.2;3.38
5466953;25701;2018;T;MIDI-PYRÉNÉES;69.68;58.755;10.925
5466945;25701;2018;T;MIDI-PYRÉNÉES;66.55;59.944;6.606
5466944;25701;2018;T;MIDI-PYRÉNÉES;66.14;58.762;7.378
5466942;25701;2018;T;MIDI-PYRÉNÉES;73.76;54.608;19.152
5466941;25701;2018;T;MIDI-PYRÉNÉES;60.77;59.951;0.819
5466948;25701;2018;T;MIDI-PYRÉNÉES;74.29;54.201;20.089
5466946;25701;2018;T;MIDI-PYRÉNÉES;79.83;59.543;20.287
5466949;25701;2018;T;MIDI-PYRÉNÉES;64.2;57.99;6.21
5466943;25701;2018;T;MIDI-PYRÉNÉES;71.88;53.837;18.043
5466920;25701;2018;T;MIDI-PYRÉNÉES;76.93;59.179;17.751
5466925;25701;2018;T;MIDI-PYRÉNÉES;67.62;57.54;10.08
5466924;25701;2018;T;MIDI-PYRÉNÉES;81.17;53.407;27.763
5466922;25701;2018;T;MIDI-PYRÉNÉES;77.14;58.749;18.391
5466927;25701;2018;T;MIDI-PYRÉNÉES;73.7;53.407;20.293
5469082;25706;2018;T;MIDI-PYRÉNÉES;52.84;54.192;1.352
5469081;25706;2018;T;MIDI-PYRÉNÉES;60.26;60.251;0.009
5469087;25706;2018;T;MIDI-PYRÉNÉES;59.05;61.068;2.018
5469086;25706;2018;T;MIDI-PYRÉNÉES;61.93;62.733;0.803
5469060;25706;2018;T;MIDI-PYRÉNÉES;67.09;62.157;4.933
5469064;25706;2018;T;MIDI-PYRÉNÉES;71.46;55.083;16.377
5469066;25706;2018;T;MIDI-PYRÉNÉES;66.1;59.777;6.323
5469069;25706;2018;T;MIDI-PYRÉNÉES;59.3;54.578;4.722
5469090;25706;2018;T;MIDI-PYRÉNÉES;71.68;59.98;11.7
5469095;25706;2018;T;MIDI-PYRÉNÉES;67.13;54.91;12.22
5469094;25706;2018;T;MIDI-PYRÉNÉES;81.81;60.632;21.178
5469092;25706;2018;T;MIDI-PYRÉNÉES;63.9;60.326;3.574
5469098;25706;2018;T;MIDI-PYRÉNÉES;70.02;60.326;9.694
5469096;25706;2018;T;MIDI-PYRÉNÉES;64.58;55.256;9.324
5469030;25706;2018;T;MIDI-PYRÉNÉES;78.1;54.833;23.267
5469035;25706;2018;T;MIDI-PYRÉNÉES;65.56;60.175;5.385
5469032;25706;2018;T;MIDI-PYRÉNÉES;66.46;54.833;11.627
5469031;25706;2018;T;MIDI-PYRÉNÉES;70.25;60.175;10.075
5469037;25706;2018;T;MIDI-PYRÉNÉES;51.97;61.435;9.465
5469036;25706;2018;T;MIDI-PYRÉNÉES;58.76;60.175;1.415
5469039;25706;2018;T;MIDI-PYRÉNÉES;59.15;61.435;2.285
5469033;25706;2018;T;MIDI-PYRÉNÉES;67.36;55.076;12.284
5469505;25706;2018;T;MIDI-PYRÉNÉES;72.2;61.435;10.765
5469502;25706;2018;T;MIDI-PYRÉNÉES;81.03;60.418;20.612
5469507;25706;2018;T;MIDI-PYRÉNÉES;52.29;55.076;2.786
5469508;25706;2018;T;MIDI-PYRÉNÉES;57.06;60.418;3.358
5469503;25706;2018;T;MIDI-PYRÉNÉES;69.97;60.243;9.727
5469550;25706;2018;T;MIDI-PYRÉNÉES;72.7;61.57;11.13
5469554;25706;2018;T;MIDI-PYRÉNÉES;75.9;60.204;15.696
5469551;25706;2018;T;MIDI-PYRÉNÉES;56.65;54.861;1.789
5469558;25706;2018;T;MIDI-PYRÉNÉES;73.59;60.384;13.206
5469556;25706;2018;T;MIDI-PYRÉNÉES;76.69;54.861;21.829
5469559;25706;2018;T;MIDI-PYRÉNÉES;77.02;60.204;16.816
5469545;25706;2018;T;MIDI-PYRÉNÉES;75.21;60.204;15.006
5469544;25706;2018;T;MIDI-PYRÉNÉES;76.66;60.22;16.44
5469542;25706;2018;T;MIDI-PYRÉNÉES;72.75;54.861;17.889
5469541;25706;2018;T;MIDI-PYRÉNÉES;69.67;60.204;9.466
5469547;25706;2018;T;MIDI-PYRÉNÉES;72.45;60.22;12.23
5469549;25706;2018;T;MIDI-PYRÉNÉES;68.84;60.22;8.62
5469524;25706;2018;T;MIDI-PYRÉNÉES;52.18;55.231;3.051
5469521;25706;2018;T;MIDI-PYRÉNÉES;60.81;60.917;0.107
5469527;25706;2018;T;MIDI-PYRÉNÉES;61.2;56.589;4.611
5469529;25706;2018;T;MIDI-PYRÉNÉES;54.62;56.368;1.748
5469510;25706;2018;T;MIDI-PYRÉNÉES;75.51;59.011;16.499
5469514;25706;2018;T;MIDI-PYRÉNÉES;69.91;60.2;9.71
5469512;25706;2018;T;MIDI-PYRÉNÉES;61.71;58.755;2.955
5469518;25706;2018;T;MIDI-PYRÉNÉES;75.49;58.762;16.728
5469519;25706;2018;T;MIDI-PYRÉNÉES;80.06;59.951;20.109
5469513;25706;2018;T;MIDI-PYRÉNÉES;58.96;58.354;0.606
5469571;25706;2018;T;MIDI-PYRÉNÉES;66.63;59.179;7.451
5469578;25706;2018;T;MIDI-PYRÉNÉES;68.36;53.407;14.953
5469573;25706;2018;T;MIDI-PYRÉNÉES;62.19;53.407;8.783
5469580;25706;2018;T;MIDI-PYRÉNÉES;59.12;58.749;0.371
5469601;25752;2018;T;;90.29;87.087;3.203
5469607;25752;2018;T;;97.71;88.568;9.142
5469608;25752;2018;T;;108.58;91.534;17.046
5469606;25752;2018;T;;56.26;84.792;28.532
5469603;25752;2018;T;;57.19;88.666;31.476
5469650;25752;2018;T;;100.93;84.058;16.872
5469654;25752;2018;T;;103.19;89.352;13.838
5469652;25752;2018;T;;94.4;85.291;9.109
5469651;25752;2018;T;;87.01;86.154;0.856
5469657;25752;2018;T;;79.89;91.216;11.326
5469653;25752;2018;T;;85.86;84.636;1.224
5469640;25752;2018;T;;90.28;85.498;4.782
5469645;25752;2018;T;;84.43;89.375;4.945
5469644;25752;2018;T;;89.37;84.406;4.964
5469642;25752;2018;T;;91.82;85.3;6.52
5469641;25752;2018;T;;74.38;88.09;13.71
5469643;25752;2018;T;;83.52;85.661;2.141
5469620;25752;2018;T;;75.65;88.707;13.057
5469625;25752;2018;T;;92.93;84.777;8.153
5469621;25752;2018;T;;66.44;84.777;18.337
5469623;25752;2018;T;;95.38;88.813;6.567
5469610;25752;2018;T;;88.31;84.777;3.533
5469612;25752;2018;T;;64.61;84.777;20.167
5469618;25752;2018;T;;97.92;84.777;13.143
5469616;25752;2018;T;;93.53;86.185;7.345
5469613;25752;2018;T;;93.09;84.777;8.313
5469675;25752;2018;T;;90.91;89.056;1.854
5469672;25752;2018;T;;93.09;86.185;6.905
5469677;25752;2018;T;;93.99;84.777;9.213
5469673;25752;2018;T;;89.11;85.97;3.14
5469685;25752;2018;T;;81.58;84.609;3.029
5469682;25752;2018;T;;72.93;88.841;15.911
5469681;25752;2018;T;;90.79;84.609;6.181
5469688;25752;2018;T;;102.34;88.841;13.499
5469686;25752;2018;T;;73.03;84.609;11.579
5469689;25752;2018;T;;72.9;85.97;13.07
5469664;25752;2018;T;;75.25;88.841;13.591
5469661;25752;2018;T;;89.34;85.97;3.37
5469667;25752;2018;T;;88.24;88.841;0.601
5469668;25752;2018;T;;100.01;84.609;15.401
5469669;25752;2018;T;;94.96;88.887;6.073
5469690;25752;2018;T;;79.15;86.092;6.942
5469695;25752;2018;T;;72.04;88.428;16.388
5469694;25752;2018;T;;62.79;85.874;23.084
5469692;25752;2018;T;;60.71;87.45;26.74
5469691;25752;2018;T;;57.42;89.182;31.762
5469698;25752;2018;T;;75.95;87.23;11.28
5469696;25752;2018;T;;78.85;87.217;8.367
5469699;25752;2018;T;;83.67;84.471;0.801
5469630;25752;2018;T;;91.13;88.181;2.949
5469632;25752;2018;T;;90.02;88.565;1.455
5469631;25752;2018;T;;85.81;84.436;1.374
5469637;25752;2018;T;;88.3;86.237;2.063
5469638;25752;2018;T;;93.36;89.071;4.289
5469636;25752;2018;T;;85.12;83.268;1.852
5469639;25752;2018;T;;86.31;85.213;1.097
5469633;25752;2018;T;;84.27;88.047;3.777
5469900;25752;2018;T;;77.21;82.596;5.386
5469904;25752;2018;T;;91.18;87.376;3.804
5469902;25752;2018;T;;71.73;81.343;9.613
5469901;25752;2018;T;;82.54;83.307;0.767
5469907;25752;2018;T;;75.85;86.142;10.292
5469903;25752;2018;T;;91.35;81.343;10.007
5469951;25751;2018;T;LIMOUSIN;83.4;85.377;1.977
5469957;25751;2018;T;LIMOUSIN;89.02;76.424;12.596
5469958;25751;2018;T;LIMOUSIN;84.55;75.26;9.29
5469956;25751;2018;T;LIMOUSIN;81.11;82.51;1.4
5469942;25751;2018;T;LIMOUSIN;87.07;84.678;2.392
5469947;25751;2018;T;LIMOUSIN;98.3;75.502;22.798
5469948;25751;2018;T;LIMOUSIN;92.46;84.306;8.154
5469946;25751;2018;T;LIMOUSIN;87.34;76.517;10.823
5469943;25751;2018;T;LIMOUSIN;95.62;83.785;11.835
5469922;25751;2018;T;LIMOUSIN;80.78;76.436;4.344
5469921;25751;2018;T;LIMOUSIN;83.96;75.374;8.586
5469927;25751;2018;T;LIMOUSIN;90.92;82.649;8.271
5469923;25751;2018;T;LIMOUSIN;83.7;76.851;6.849
5469910;25751;2018;T;LIMOUSIN;90.36;75.919;14.441
5469915;25751;2018;T;LIMOUSIN;82.57;83.204;0.634
5469914;25751;2018;T;LIMOUSIN;94.49;76.851;17.639
5469917;25751;2018;T;LIMOUSIN;92.27;76.851;15.419
5469916;25751;2018;T;LIMOUSIN;92.87;83.204;9.666
5469919;25751;2018;T;LIMOUSIN;94.1;76.851;17.249
5469913;25751;2018;T;LIMOUSIN;97.97;75.919;22.051
5469970;25751;2018;T;LIMOUSIN;89.0;83.204;5.796
5469975;25751;2018;T;LIMOUSIN;84.3;76.851;7.449
5469972;25751;2018;T;LIMOUSIN;85.98;83.204;2.776
5469971;25751;2018;T;LIMOUSIN;83.07;76.851;6.219
5469977;25751;2018;T;LIMOUSIN;89.09;76.163;12.927
5469973;25751;2018;T;LIMOUSIN;100.54;83.447;17.093
5469980;25751;2018;T;LIMOUSIN;101.2;76.851;24.349
5469985;25751;2018;T;LIMOUSIN;103.63;76.163;27.467
5469988;25751;2018;T;LIMOUSIN;91.8;76.521;15.279
5469986;25751;2018;T;LIMOUSIN;83.33;75.948;7.382
5469989;25751;2018;T;LIMOUSIN;89.43;83.232;6.198
5469983;25751;2018;T;LIMOUSIN;93.26;76.316;16.944
5469960;25751;2018;T;LIMOUSIN;91.85;75.608;16.242
5469965;25751;2018;T;LIMOUSIN;91.36;82.893;8.467
5469964;25751;2018;T;LIMOUSIN;84.4;76.316;8.084
5469961;25751;2018;T;LIMOUSIN;93.27;82.893;10.377
5469968;25751;2018;T;LIMOUSIN;95.35;75.608;19.742
5469966;25751;2018;T;LIMOUSIN;92.56;82.893;9.667
5469963;25751;2018;T;LIMOUSIN;102.53;75.608;26.922
5469995;25751;2018;T;LIMOUSIN;83.78;76.152;7.628
5469992;25751;2018;T;LIMOUSIN;77.67;83.217;5.547
5469997;25751;2018;T;LIMOUSIN;96.63;76.649;19.981
5469999;25751;2018;T;LIMOUSIN;78.76;76.649;2.111
5469930;25751;2018;T;LIMOUSIN;76.47;78.088;1.618
5469931;25751;2018;T;LIMOUSIN;81.39;77.786;3.604
5469937;25751;2018;T;LIMOUSIN;87.3;82.723;4.577
5469938;25751;2018;T;LIMOUSIN;76.42;77.474;1.054
5469939;25751;2018;T;LIMOUSIN;85.59;84.476;1.114
5469305;25751;2018;T;LIMOUSIN;87.03;83.172;3.858
5469302;25751;2018;T;LIMOUSIN;79.97;75.981;3.989
5469307;25751;2018;T;LIMOUSIN;83.67;76.603;7.067
5469309;25751;2018;T;LIMOUSIN;79.47;76.603;2.867
5469303;25751;2018;T;LIMOUSIN;84.72;76.32;8.4
5469355;25751;2018;T;LIMOUSIN;85.46;76.627;8.833
5469354;25751;2018;T;LIMOUSIN;89.26;76.364;12.896
5469351;25751;2018;T;LIMOUSIN;76.03;76.279;0.249
5469357;25751;2018;T;LIMOUSIN;79.37;76.016;3.354
5469358;25751;2018;T;LIMOUSIN;80.05;83.301;3.251
5469356;25751;2018;T;LIMOUSIN;76.2;76.279;0.079
5463418;25759;2018;T;;61.03;91.534;30.504
5463419;25759;2018;T;;50.81;85.508;34.698
5463470;25759;2018;T;;56.81;84.058;27.248
5463474;25759;2018;T;;60.88;89.352;28.472
5463471;25759;2018;T;;54.51;86.154;31.644
5463484;25759;2018;T;;62.25;84.406;22.156
5463487;25759;2018;T;;46.15;84.406;38.256
5463488;25759;2018;T;;47.57;85.3;37.73
5463486;25759;2018;T;;63.17;88.09;24.92
5463483;25759;2018;T;;57.6;85.661;28.061
5463460;25759;2018;T;;64.15;88.707;24.557
5463465;25759;2018;T;;63.36;84.777;21.417
5463461;25759;2018;T;;43.16;84.777;41.617
5463466;25759;2018;T;;54.36;84.777;30.417
5463469;25759;2018;T;;51.2;85.942;34.742
5463463;25759;2018;T;;61.37;88.813;27.443
5463495;25759;2018;T;;46.43;85.942;39.512
5463494;25759;2018;T;;43.49;88.813;45.323
5463497;25759;2018;T;;55.65;88.813;33.163
5463493;25759;2018;T;;59.25;84.777;25.527
5463430;25759;2018;T;;57.07;86.185;29.115
5463434;25759;2018;T;;63.24;84.777;21.537
5463432;25759;2018;T;;61.32;86.185;24.865
5463431;25759;2018;T;;64.75;89.056;24.306
5463438;25759;2018;T;;57.13;86.01;28.88
5463436;25759;2018;T;;58.35;88.881;30.531
5463439;25759;2018;T;;57.92;84.475;26.555
5463433;25759;2018;T;;56.35;85.97;29.62
5463205;25759;2018;T;;56.01;84.609;28.599
5463204;25759;2018;T;;41.21;85.97;44.76
5463202;25759;2018;T;;71.95;88.841;16.891
5463207;25759;2018;T;;49.33;85.97;36.64
5463208;25759;2018;T;;62.12;88.841;26.721
5463250;25759;2018;T;;61.65;84.609;22.959
5463254;25759;2018;T;;66.47;88.841;22.371
5463252;25759;2018;T;;54.99;84.609;29.619
5463257;25759;2018;T;;55.09;88.841;33.751
5463258;25759;2018;T;;54.95;84.609;29.659
5463256;25759;2018;T;;54.12;86.016;31.896
5463240;25759;2018;T;;53.21;86.092;32.882
5463242;25759;2018;T;;43.04;87.45;44.41
5463241;25759;2018;T;;50.59;89.182;38.592
5463248;25759;2018;T;;56.16;87.23;31.07
5463249;25759;2018;T;;57.04;84.471;27.431
5463243;25759;2018;T;;56.47;85.845;29.375
5463222;25759;2018;T;;57.55;88.565;31.015
5463221;25759;2018;T;;52.89;84.436;31.546
5463227;25759;2018;T;;57.19;86.237;29.047
5463229;25759;2018;T;;61.39;85.213;23.823
5463210;25759;2018;T;;53.67;82.596;28.926
5463215;25759;2018;T;;53.79;84.541;30.751
5463211;25759;2018;T;;52.23;83.307;31.077
5463217;25759;2018;T;;54.27;86.142;31.872
5463218;25759;2018;T;;46.41;81.343;34.933
5463219;25759;2018;T;;51.15;86.142;34.992
5463213;25759;2018;T;;56.76;81.343;24.583
5463866;25749;2018;T;;64.79;88.568;23.778
5463869;25749;2018;T;;48.12;84.792;36.672
5463863;25749;2018;T;;44.09;85.508;41.418
5463895;25749;2018;T;;75.28;85.083;9.803
5463894;25749;2018;T;;74.91;85.291;10.381
5463892;25749;2018;T;;84.71;86.154;1.444
5463897;25749;2018;T;;54.9;85.578;30.678
5463898;25749;2018;T;;64.96;84.636;19.676
5463832;25749;2018;T;;54.96;85.661;30.701
5463831;25749;2018;T;;53.53;84.777;31.247
5463837;25749;2018;T;;61.35;85.802;24.452
5463838;25749;2018;T;;61.77;84.777;23.007
5463833;25749;2018;T;;42.43;85.942;43.512
5463600;25749;2018;T;;59.79;84.777;24.987
5463608;25749;2018;T;;68.73;84.777;16.047
5463609;25749;2018;T;;62.76;84.777;22.017
5463650;25749;2018;T;;64.19;84.777;20.587
5463651;25749;2018;T;;70.83;84.609;13.779
5463657;25749;2018;T;;65.19;85.97;20.78
5463658;25749;2018;T;;64.96;84.609;19.649
5463653;25749;2018;T;;69.8;85.97;16.17
5463645;25749;2018;T;;64.51;85.97;21.46
5463647;25749;2018;T;;58.04;86.092;28.052
5463648;25749;2018;T;;65.49;85.874;20.384
5463649;25749;2018;T;;60.58;85.992;25.412
5463620;25749;2018;T;;56.17;84.471;28.301
5463624;25749;2018;T;;62.39;84.855;22.465
5463621;25749;2018;T;;51.57;84.436;32.866
5463627;25749;2018;T;;59.35;86.237;26.887
5463628;25749;2018;T;;77.17;82.596;5.426
5463629;25749;2018;T;;60.53;81.343;20.813
5463610;25749;2018;T;;55.8;81.343;25.543
5463615;25749;2018;T;;72.4;83.307;10.907
5463614;25749;2018;T;;42.96;81.343;38.383
5463612;25749;2018;T;;66.25;83.307;17.057
5463617;25749;2018;T;;64.58;85.213;20.633
5463616;25749;2018;T;;69.95;85.97;16.02
5490885;25714;2018;T;MIDI-PYRÉNÉES;43.88;54.192;10.312
5490884;25714;2018;T;MIDI-PYRÉNÉES;39.6;61.068;21.468
5490887;25714;2018;T;MIDI-PYRÉNÉES;54.23;54.909;0.679
5490888;25714;2018;T;MIDI-PYRÉNÉES;77.37;62.453;14.917
5490886;25714;2018;T;MIDI-PYRÉNÉES;61.86;57.92;3.94
5490889;25714;2018;T;MIDI-PYRÉNÉES;48.79;60.158;11.368
5490883;25714;2018;T;MIDI-PYRÉNÉES;45.46;55.053;9.593
5490860;25714;2018;T;MIDI-PYRÉNÉES;33.33;60.118;26.788
5490864;25714;2018;T;MIDI-PYRÉNÉES;49.47;59.777;10.307
5490861;25714;2018;T;MIDI-PYRÉNÉES;41.28;59.777;18.497
5490868;25714;2018;T;MIDI-PYRÉNÉES;47.52;59.98;12.46
5490866;25714;2018;T;MIDI-PYRÉNÉES;27.08;54.91;27.83
5490869;25714;2018;T;MIDI-PYRÉNÉES;57.36;60.326;2.966
5490863;25714;2018;T;MIDI-PYRÉNÉES;22.41;55.256;32.846
5490890;25714;2018;T;MIDI-PYRÉNÉES;55.72;60.326;4.606
5490891;25714;2018;T;MIDI-PYRÉNÉES;61.85;61.435;0.415
5490897;25714;2018;T;MIDI-PYRÉNÉES;49.05;54.833;5.783
5490830;25714;2018;T;MIDI-PYRÉNÉES;56.58;61.435;4.855
5490834;25714;2018;T;MIDI-PYRÉNÉES;56.56;61.901;5.341
5490837;25714;2018;T;MIDI-PYRÉNÉES;38.46;54.861;16.401
5490838;25714;2018;T;MIDI-PYRÉNÉES;67.7;61.705;5.995
5490836;25714;2018;T;MIDI-PYRÉNÉES;49.32;54.861;5.541
5490607;25714;2018;T;MIDI-PYRÉNÉES;42.04;55.185;13.145
5490608;25714;2018;T;MIDI-PYRÉNÉES;63.42;60.22;3.2
5490606;25714;2018;T;MIDI-PYRÉNÉES;68.3;55.231;13.069
5490650;25714;2018;T;MIDI-PYRÉNÉES;59.2;60.917;1.717
5490652;25714;2018;T;MIDI-PYRÉNÉES;39.52;56.368;16.848
5490651;25714;2018;T;MIDI-PYRÉNÉES;38.07;59.011;20.941
5490658;25714;2018;T;MIDI-PYRÉNÉES;39.43;58.755;19.325
5490640;25714;2018;T;MIDI-PYRÉNÉES;40.98;58.354;17.374
5490645;25714;2018;T;MIDI-PYRÉNÉES;45.71;54.201;8.491
5490642;25714;2018;T;MIDI-PYRÉNÉES;58.58;54.833;3.747
5490630;25711;2018;T;BRETAGNE;79.41;93.486;14.076
5490635;25711;2018;T;BRETAGNE;90.25;94.085;3.835
5490632;25711;2018;T;BRETAGNE;101.52;93.839;7.681
5490631;25711;2018;T;BRETAGNE;103.58;95.508;8.072
5490637;25711;2018;T;BRETAGNE;98.57;96.61;1.96
5490636;25711;2018;T;BRETAGNE;100.6;93.742;6.858
5490633;25711;2018;T;BRETAGNE;89.22;93.733;4.513
5490900;25711;2018;T;BRETAGNE;75.15;93.053;17.903
5490905;25711;2018;T;BRETAGNE;86.57;93.684;7.114
5490901;25711;2018;T;BRETAGNE;76.5;93.423;16.923
5490906;25711;2018;T;BRETAGNE;90.3;93.669;3.369
5490909;25711;2018;T;BRETAGNE;89.44;92.908;3.468
5490903;25711;2018;T;BRETAGNE;103.9;93.669;10.231
5490950;25711;2018;T;BRETAGNE;83.47;91.626;8.156
5490954;25711;2018;T;BRETAGNE;111.78;91.882;19.898
5490958;25711;2018;T;BRETAGNE;93.69;91.882;1.808
5490959;25711;2018;T;BRETAGNE;102.44;92.095;10.345
5490940;25711;2018;T;BRETAGNE;108.77;92.095;16.675
5490945;25711;2018;T;BRETAGNE;104.36;92.924;11.436
5490944;25711;2018;T;BRETAGNE;104.24;91.804;12.436
5490942;25711;2018;T;BRETAGNE;96.18;92.924;3.256
5490947;25711;2018;T;BRETAGNE;102.55;91.802;10.748
5490948;25711;2018;T;BRETAGNE;102.77;90.816;11.954
5490946;25711;2018;T;BRETAGNE;106.77;91.802;14.968
5490949;25711;2018;T;BRETAGNE;112.57;90.816;21.754
5490943;25711;2018;T;BRETAGNE;107.34;91.802;15.538
5490920;25711;2018;T;BRETAGNE;103.79;90.816;12.974
5490921;25711;2018;T;BRETAGNE;107.68;93.498;14.182
5490927;25711;2018;T;BRETAGNE;107.23;94.529;12.701
5490928;25711;2018;T;BRETAGNE;95.05;93.806;1.244
5490929;25711;2018;T;BRETAGNE;98.57;94.754;3.816
5490915;25711;2018;T;BRETAGNE;100.5;95.465;5.035
5490918;25711;2018;T;BRETAGNE;103.54;92.281;11.259
5490916;25711;2018;T;BRETAGNE;96.76;93.204;3.556
5490913;25711;2018;T;BRETAGNE;94.59;93.543;1.047
5490975;25711;2018;T;BRETAGNE;84.69;92.387;7.697
5495019;25719;2018;T;LIMOUSIN;102.08;76.596;25.484
5495013;25719;2018;T;LIMOUSIN;96.61;75.502;21.108
5495075;25719;2018;T;LIMOUSIN;94.46;78.127;16.333
5495074;25719;2018;T;LIMOUSIN;100.77;76.424;24.346
5495072;25719;2018;T;LIMOUSIN;106.45;75.26;31.19
5495077;25719;2018;T;LIMOUSIN;79.91;75.423;4.487
5495078;25719;2018;T;LIMOUSIN;77.58;76.436;1.144
5495073;25719;2018;T;LIMOUSIN;97.7;75.374;22.326
5495085;25719;2018;T;LIMOUSIN;78.48;75.707;2.773
5495084;25719;2018;T;LIMOUSIN;100.11;76.851;23.259
5495082;25719;2018;T;LIMOUSIN;98.14;75.919;22.221
5495081;25719;2018;T;LIMOUSIN;93.63;76.851;16.779
5495087;25719;2018;T;LIMOUSIN;98.79;75.919;22.871
5495088;25719;2018;T;LIMOUSIN;101.76;76.851;24.909
5495086;25719;2018;T;LIMOUSIN;100.0;75.919;24.081
5495083;25719;2018;T;LIMOUSIN;90.73;75.919;14.811
5495060;25719;2018;T;LIMOUSIN;100.88;76.851;24.029
5495064;25719;2018;T;LIMOUSIN;81.26;76.851;4.409
5495062;25719;2018;T;LIMOUSIN;86.87;76.163;10.707
5495061;25719;2018;T;LIMOUSIN;86.26;76.851;9.409
5495067;25719;2018;T;LIMOUSIN;92.05;76.163;15.887
5495066;25719;2018;T;LIMOUSIN;97.05;75.987;21.063
5495063;25719;2018;T;LIMOUSIN;98.35;75.948;22.402
5495094;25719;2018;T;LIMOUSIN;97.8;76.316;21.484
5495097;25719;2018;T;LIMOUSIN;100.77;75.608;25.162
5495099;25719;2018;T;LIMOUSIN;92.76;76.152;16.608
5495093;25719;2018;T;LIMOUSIN;98.69;75.932;22.758
5495035;25719;2018;T;LIMOUSIN;102.32;76.649;25.671
5495034;25719;2018;T;LIMOUSIN;88.83;77.131;11.699
5495032;25719;2018;T;LIMOUSIN;96.92;76.649;20.271
5495031;25719;2018;T;LIMOUSIN;99.01;78.088;20.922
5495037;25719;2018;T;LIMOUSIN;101.32;78.007;23.313
5495038;25719;2018;T;LIMOUSIN;90.62;78.206;12.414
5495036;25719;2018;T;LIMOUSIN;92.17;77.786;14.384
5495033;25719;2018;T;LIMOUSIN;97.36;77.191;20.169
5495505;25719;2018;T;LIMOUSIN;93.44;75.887;17.553
5495502;25719;2018;T;LIMOUSIN;92.98;75.981;16.999
5495501;25719;2018;T;LIMOUSIN;71.47;76.603;5.133
5495508;25719;2018;T;LIMOUSIN;79.85;76.851;2.999
5495443;25775;2018;T;MIDI-PYRÉNÉES;39.4;57.92;18.52
5495420;25775;2018;T;MIDI-PYRÉNÉES;56.9;60.158;3.258
5495425;25775;2018;T;MIDI-PYRÉNÉES;62.84;55.053;7.787
5495424;25775;2018;T;MIDI-PYRÉNÉES;53.59;59.066;5.476
5495422;25775;2018;T;MIDI-PYRÉNÉES;44.45;54.192;9.742
5495421;25775;2018;T;MIDI-PYRÉNÉES;67.47;61.068;6.402
5495427;25775;2018;T;MIDI-PYRÉNÉES;72.65;56.034;16.616
5495426;25775;2018;T;MIDI-PYRÉNÉES;67.01;54.909;12.101
5495429;25775;2018;T;MIDI-PYRÉNÉES;66.93;60.118;6.812
5495423;25775;2018;T;MIDI-PYRÉNÉES;36.42;55.083;18.663
5495410;25775;2018;T;MIDI-PYRÉNÉES;46.73;59.777;13.047
5495415;25775;2018;T;MIDI-PYRÉNÉES;57.47;54.578;2.892
5495412;25775;2018;T;MIDI-PYRÉNÉES;49.53;54.578;5.048
5495411;25775;2018;T;MIDI-PYRÉNÉES;67.14;59.98;7.16
5495418;25775;2018;T;MIDI-PYRÉNÉES;72.9;60.326;12.574
5495416;25775;2018;T;MIDI-PYRÉNÉES;56.99;55.256;1.734
5495419;25775;2018;T;MIDI-PYRÉNÉES;51.12;60.326;9.206
5495413;25775;2018;T;MIDI-PYRÉNÉES;53.9;55.256;1.356
5495474;25775;2018;T;MIDI-PYRÉNÉES;67.08;61.435;5.645
5495478;25775;2018;T;MIDI-PYRÉNÉES;31.52;61.435;29.915
5495479;25775;2018;T;MIDI-PYRÉNÉES;60.9;61.435;0.535
5495473;25775;2018;T;MIDI-PYRÉNÉES;58.04;55.076;2.964
5495480;25775;2018;T;MIDI-PYRÉNÉES;42.27;61.435;19.165
5495482;25775;2018;T;MIDI-PYRÉNÉES;76.39;54.901;21.489
5495481;25775;2018;T;MIDI-PYRÉNÉES;71.11;61.57;9.54
5495487;25775;2018;T;MIDI-PYRÉNÉES;57.86;54.861;2.999
5495489;25775;2018;T;MIDI-PYRÉNÉES;55.88;60.384;4.504
5495460;25775;2018;T;MIDI-PYRÉNÉES;56.11;60.384;4.274
5495464;25775;2018;T;MIDI-PYRÉNÉES;28.01;60.22;32.21
5495461;25775;2018;T;MIDI-PYRÉNÉES;52.41;60.22;7.81
5495467;25775;2018;T;MIDI-PYRÉNÉES;48.26;55.185;6.925
5495468;25775;2018;T;MIDI-PYRÉNÉES;50.23;60.22;9.99
5495466;25775;2018;T;MIDI-PYRÉNÉES;44.15;55.231;11.081
5495469;25775;2018;T;MIDI-PYRÉNÉES;42.89;60.528;17.638
5495463;25775;2018;T;MIDI-PYRÉNÉES;66.62;55.231;11.389
5495490;25775;2018;T;MIDI-PYRÉNÉES;49.03;60.917;11.887
5495492;25775;2018;T;MIDI-PYRÉNÉES;54.83;56.368;1.538
5495215;25772;2018;T;;91.29;88.568;2.722
5495216;25772;2018;T;;76.75;86.154;9.404
5495270;25772;2018;T;;66.12;84.636;18.516
5495275;25772;2018;T;;72.41;85.498;13.088
5495271;25772;2018;T;;93.02;84.406;8.614
5495277;25772;2018;T;;97.56;85.3;12.26
5495278;25772;2018;T;;93.38;84.636;8.744
5495276;25772;2018;T;;97.11;85.661;11.449
5495285;25772;2018;T;;87.32;85.802;1.518
5495281;25772;2018;T;;92.82;84.777;8.043
5495287;25772;2018;T;;91.75;85.942;5.808
5495286;25772;2018;T;;98.79;85.942;12.848
5495283;25772;2018;T;;90.98;86.185;4.795
5495265;25772;2018;T;;101.9;86.185;15.715
5495264;25772;2018;T;;105.05;84.777;20.273
5495262;25772;2018;T;;103.97;86.185;17.785
5495261;25772;2018;T;;114.23;84.777;29.453
5495268;25772;2018;T;;101.65;84.475;17.175
5495269;25772;2018;T;;78.75;84.609;5.859
5495263;25772;2018;T;;82.32;85.97;3.65
5495295;25772;2018;T;;91.06;85.97;5.09
5495294;25772;2018;T;;97.46;84.609;12.851
5495297;25772;2018;T;;81.18;85.97;4.79
5495298;25772;2018;T;;78.31;84.609;6.299
5495299;25772;2018;T;;79.63;84.609;4.979
5495235;25772;2018;T;;88.31;86.092;2.218
5495231;25772;2018;T;;95.46;85.992;9.468
5495237;25772;2018;T;;101.38;87.23;14.15
5495172;25777;2018;T;;84.09;88.568;4.478
5495177;25777;2018;T;;75.77;85.508;9.738
5495176;25777;2018;T;;67.92;85.083;17.163
5495179;25777;2018;T;;61.39;85.291;23.901
5495173;25777;2018;T;;66.89;86.154;19.264
5495182;25777;2018;T;;47.65;85.498;37.848
5495181;25777;2018;T;;55.79;84.406;28.616
5495186;25777;2018;T;;68.46;85.3;16.84
5495189;25777;2018;T;;80.17;84.636;4.466
5495160;25777;2018;T;;93.5;84.777;8.723
5495165;25777;2018;T;;77.16;85.802;8.642
5495164;25777;2018;T;;55.61;84.777;29.167
5495162;25777;2018;T;;54.39;85.802;31.412
5495168;25777;2018;T;;78.05;84.777;6.727
5495166;25777;2018;T;;75.86;85.942;10.082
5495169;25777;2018;T;;76.8;84.777;7.977
5495192;25777;2018;T;;83.94;86.185;2.245
5495191;25777;2018;T;;99.2;84.777;14.423
5495197;25777;2018;T;;92.74;86.185;6.555
5495198;25777;2018;T;;85.6;84.777;0.823
5495196;25777;2018;T;;89.64;86.01;3.63
5495199;25777;2018;T;;74.62;84.475;9.855
5495130;25777;2018;T;;47.2;84.609;37.409
5495134;25777;2018;T;;73.44;84.609;11.169
5495132;25777;2018;T;;80.93;85.97;5.04
5495131;25777;2018;T;;98.92;84.609;14.311
5495137;25777;2018;T;;78.86;85.97;7.11
5495138;25777;2018;T;;56.28;84.609;28.329
5495139;25777;2018;T;;73.24;84.609;11.369
5494783;25791;2018;T;LIMOUSIN;99.56;78.127;21.433
5494764;25791;2018;T;LIMOUSIN;87.88;75.331;12.549
5494768;25791;2018;T;LIMOUSIN;100.22;76.596;23.624
5494766;25791;2018;T;LIMOUSIN;96.58;75.502;21.078
5494769;25791;2018;T;LIMOUSIN;86.07;76.517;9.553
5494763;25791;2018;T;LIMOUSIN;94.0;75.423;18.577
5494790;25791;2018;T;LIMOUSIN;75.41;76.436;1.026
5494795;25791;2018;T;LIMOUSIN;81.96;75.374;6.586
5494791;25791;2018;T;LIMOUSIN;90.75;76.639;14.111
5494797;25791;2018;T;LIMOUSIN;90.46;75.707;14.753
5494798;25791;2018;T;LIMOUSIN;104.97;76.851;28.119
5494796;25791;2018;T;LIMOUSIN;100.77;75.919;24.851
5494793;25791;2018;T;LIMOUSIN;82.46;75.919;6.541
5494735;25791;2018;T;LIMOUSIN;101.1;75.919;25.181
5494734;25791;2018;T;LIMOUSIN;97.92;76.851;21.069
5494732;25791;2018;T;LIMOUSIN;96.07;75.919;20.151
5494737;25791;2018;T;LIMOUSIN;99.23;75.919;23.311
5494738;25791;2018;T;LIMOUSIN;94.03;76.851;17.179
5494733;25791;2018;T;LIMOUSIN;104.4;76.163;28.237
5494805;25791;2018;T;LIMOUSIN;86.31;76.163;10.147
5494802;25791;2018;T;LIMOUSIN;96.51;75.987;20.523
5494801;25791;2018;T;LIMOUSIN;94.44;76.521;17.919
5494808;25791;2018;T;LIMOUSIN;97.26;76.316;20.944
5494806;25791;2018;T;LIMOUSIN;97.04;75.608;21.432
5494850;25791;2018;T;LIMOUSIN;87.6;76.316;11.284
5494854;25791;2018;T;LIMOUSIN;106.02;76.152;29.868
5494851;25791;2018;T;LIMOUSIN;83.49;76.152;7.338
5494840;25791;2018;T;LIMOUSIN;87.26;78.088;9.172
5494844;25791;2018;T;LIMOUSIN;91.06;78.206;12.854
5494842;25791;2018;T;LIMOUSIN;92.58;77.786;14.794
5492019;25731;2018;T;PAYS DE LA LOIRE;64.96;88.812;23.852
5492075;25731;2018;T;PAYS DE LA LOIRE;69.34;86.1;16.76
5492074;25731;2018;T;PAYS DE LA LOIRE;63.07;85.606;22.536
5492072;25731;2018;T;PAYS DE LA LOIRE;71.48;85.421;13.941
5492078;25731;2018;T;PAYS DE LA LOIRE;67.65;86.7;19.05
5492079;25731;2018;T;PAYS DE LA LOIRE;80.42;86.62;6.2
5492080;25731;2018;T;PAYS DE LA LOIRE;84.91;86.39;1.48
5492085;25731;2018;T;PAYS DE LA LOIRE;79.86;86.075;6.215
5492082;25731;2018;T;PAYS DE LA LOIRE;79.53;86.075;6.545
5492087;25731;2018;T;PAYS DE LA LOIRE;59.88;86.435;26.555
5492088;25731;2018;T;PAYS DE LA LOIRE;60.72;86.665;25.945
5492086;25731;2018;T;PAYS DE LA LOIRE;62.76;86.48;23.72
5492083;25731;2018;T;PAYS DE LA LOIRE;78.56;86.48;7.92
5492065;25731;2018;T;PAYS DE LA LOIRE;72.05;86.48;14.43
5492062;25731;2018;T;PAYS DE LA LOIRE;76.64;86.48;9.84
5492067;25731;2018;T;PAYS DE LA LOIRE;64.57;86.48;21.91
5492069;25731;2018;T;PAYS DE LA LOIRE;57.84;86.665;28.825
5492095;25731;2018;T;PAYS DE LA LOIRE;67.07;86.723;19.653
5492094;25731;2018;T;PAYS DE LA LOIRE;68.76;86.665;17.905
5492092;25731;2018;T;PAYS DE LA LOIRE;61.2;86.547;25.347
5492098;25731;2018;T;PAYS DE LA LOIRE;75.47;86.497;11.027
5492096;25731;2018;T;PAYS DE LA LOIRE;71.37;86.508;15.138
5492093;25731;2018;T;PAYS DE LA LOIRE;64.96;86.508;21.548
5492035;25731;2018;T;PAYS DE LA LOIRE;75.29;86.035;10.745
5492034;25731;2018;T;PAYS DE LA LOIRE;78.64;86.024;7.384
5492037;25731;2018;T;PAYS DE LA LOIRE;71.19;86.035;14.845
5492036;25731;2018;T;PAYS DE LA LOIRE;64.54;86.081;21.541
5492039;25731;2018;T;PAYS DE LA LOIRE;71.06;86.332;15.272
5492500;25731;2018;T;PAYS DE LA LOIRE;66.66;87.289;20.629
5492501;25731;2018;T;PAYS DE LA LOIRE;56.87;85.886;29.016
5492506;25731;2018;T;PAYS DE LA LOIRE;68.67;85.654;16.984
5492509;25731;2018;T;PAYS DE LA LOIRE;59.64;85.21;25.57
5492550;25731;2018;T;PAYS DE LA LOIRE;69.54;84.683;15.143
5492555;25731;2018;T;PAYS DE LA LOIRE;75.02;85.277;10.257
5492557;25731;2018;T;PAYS DE LA LOIRE;66.6;83.372;16.772
5492559;25731;2018;T;PAYS DE LA LOIRE;77.43;82.758;5.328
5492532;25736;2018;T;BRETAGNE;92.86;96.61;3.75
5492531;25736;2018;T;BRETAGNE;90.41;93.213;2.803
5492537;25736;2018;T;BRETAGNE;85.83;93.742;7.912
5492538;25736;2018;T;BRETAGNE;90.1;91.877;1.777
5492405;25736;2018;T;BRETAGNE;80.18;93.839;13.659
5492404;25736;2018;T;BRETAGNE;77.85;93.134;15.284
5492408;25736;2018;T;BRETAGNE;85.47;93.22;7.75
5492454;25736;2018;T;BRETAGNE;92.66;92.908;0.248
5492452;25736;2018;T;BRETAGNE;95.25;93.669;1.581
5492457;25736;2018;T;BRETAGNE;87.66;92.387;4.727
5492458;25736;2018;T;BRETAGNE;67.77;91.626;23.856
5492456;25736;2018;T;BRETAGNE;63.94;92.387;28.447
5492459;25736;2018;T;BRETAGNE;76.78;91.882;15.102
5492440;25736;2018;T;BRETAGNE;78.8;91.882;13.082
5492445;25736;2018;T;BRETAGNE;80.87;92.886;12.016
5492444;25736;2018;T;BRETAGNE;74.81;91.882;17.072
5492447;25736;2018;T;BRETAGNE;91.72;93.099;1.379
5492446;25736;2018;T;BRETAGNE;80.04;92.924;12.884
5492424;25736;2018;T;BRETAGNE;80.35;90.816;10.466
5492421;25736;2018;T;BRETAGNE;85.62;90.816;5.196
5492426;25736;2018;T;BRETAGNE;95.79;91.802;3.988
5492429;25736;2018;T;BRETAGNE;89.8;90.816;1.016
5492410;25736;2018;T;BRETAGNE;94.77;93.498;1.272
5492415;25736;2018;T;BRETAGNE;95.45;94.529;0.921
5492414;25736;2018;T;BRETAGNE;95.14;93.806;1.334
5492411;25736;2018;T;BRETAGNE;98.1;94.754;3.346
5492417;25736;2018;T;BRETAGNE;92.76;95.878;3.118
5492418;25736;2018;T;BRETAGNE;107.77;94.871;12.899
5492416;25736;2018;T;BRETAGNE;88.3;95.465;7.165
5492474;25736;2018;T;BRETAGNE;84.88;92.281;7.401
5492472;25736;2018;T;BRETAGNE;84.5;93.204;8.704
5492471;25736;2018;T;BRETAGNE;77.33;92.621;15.291
5492477;25736;2018;T;BRETAGNE;80.61;93.543;12.933
5492478;25736;2018;T;BRETAGNE;73.97;92.621;18.651
5492473;25736;2018;T;BRETAGNE;81.57;93.934;12.364
5492485;25736;2018;T;BRETAGNE;92.63;94.574;1.944
5492484;25736;2018;T;BRETAGNE;104.81;94.292;10.518
5492226;25800;2018;T;MIDI-PYRÉNÉES;61.68;57.92;3.76
5492229;25800;2018;T;MIDI-PYRÉNÉES;57.84;60.158;2.318
5492212;25800;2018;T;MIDI-PYRÉNÉES;64.66;54.909;9.751
5492211;25800;2018;T;MIDI-PYRÉNÉES;65.94;60.118;5.822
5492218;25800;2018;T;MIDI-PYRÉNÉES;53.78;59.777;5.997
5492270;25800;2018;T;MIDI-PYRÉNÉES;70.59;59.98;10.61
5492274;25800;2018;T;MIDI-PYRÉNÉES;72.43;60.326;12.104
5492278;25800;2018;T;MIDI-PYRÉNÉES;61.85;60.326;1.524
5492280;25800;2018;T;MIDI-PYRÉNÉES;66.17;61.435;4.735
5492285;25800;2018;T;MIDI-PYRÉNÉES;69.39;54.833;14.557
5492284;25800;2018;T;MIDI-PYRÉNÉES;67.23;61.435;5.795
5492281;25800;2018;T;MIDI-PYRÉNÉES;49.52;61.435;11.915
5492287;25800;2018;T;MIDI-PYRÉNÉES;62.57;55.076;7.494
5492283;25800;2018;T;MIDI-PYRÉNÉES;75.28;55.076;20.204
5492260;25800;2018;T;MIDI-PYRÉNÉES;73.39;61.901;11.489
5492265;25800;2018;T;MIDI-PYRÉNÉES;63.61;54.901;8.709
5492264;25800;2018;T;MIDI-PYRÉNÉES;70.31;61.57;8.74
5492261;25800;2018;T;MIDI-PYRÉNÉES;64.04;61.705;2.335
5492267;25800;2018;T;MIDI-PYRÉNÉES;71.31;54.861;16.449
5492263;25800;2018;T;MIDI-PYRÉNÉES;61.17;54.861;6.309
5492294;25800;2018;T;MIDI-PYRÉNÉES;64.8;60.22;4.58
5492292;25800;2018;T;MIDI-PYRÉNÉES;55.22;55.185;0.035
5492291;25800;2018;T;MIDI-PYRÉNÉES;61.89;60.22;1.67
5492297;25800;2018;T;MIDI-PYRÉNÉES;62.41;55.231;7.179
5492299;25800;2018;T;MIDI-PYRÉNÉES;56.29;60.917;4.627
5492235;25800;2018;T;MIDI-PYRÉNÉES;59.88;56.368;3.512
5492234;25800;2018;T;MIDI-PYRÉNÉES;73.49;59.011;14.479
5492232;25800;2018;T;MIDI-PYRÉNÉES;66.55;54.858;11.692
5492237;25800;2018;T;MIDI-PYRÉNÉES;66.78;54.602;12.178
5492236;25800;2018;T;MIDI-PYRÉNÉES;66.82;54.608;12.212
5492239;25800;2018;T;MIDI-PYRÉNÉES;72.25;58.354;13.896
5492102;25800;2018;T;MIDI-PYRÉNÉES;66.16;53.407;12.753
5492107;25800;2018;T;MIDI-PYRÉNÉES;59.14;53.407;5.733
5492108;25800;2018;T;MIDI-PYRÉNÉES;72.87;57.54;15.33
5492106;25800;2018;T;MIDI-PYRÉNÉES;74.17;53.407;20.763
5492772;25807;2018;T;MIDI-PYRÉNÉES;46.99;57.92;10.93
5492779;25807;2018;T;MIDI-PYRÉNÉES;56.81;61.068;4.258
5492773;25807;2018;T;MIDI-PYRÉNÉES;60.84;56.034;4.806
5492780;25807;2018;T;MIDI-PYRÉNÉES;47.12;59.944;12.824
5492784;25807;2018;T;MIDI-PYRÉNÉES;52.67;60.118;7.448
5492781;25807;2018;T;MIDI-PYRÉNÉES;70.52;59.777;10.743
5492762;25807;2018;T;MIDI-PYRÉNÉES;70.57;55.256;15.314
5492761;25807;2018;T;MIDI-PYRÉNÉES;62.02;61.435;0.585
5492768;25807;2018;T;MIDI-PYRÉNÉES;57.71;61.435;3.725
5492763;25807;2018;T;MIDI-PYRÉNÉES;54.68;54.833;0.153
5492790;25807;2018;T;MIDI-PYRÉNÉES;58.08;61.435;3.355
5492795;25807;2018;T;MIDI-PYRÉNÉES;58.98;55.076;3.904
5492792;25807;2018;T;MIDI-PYRÉNÉES;59.12;55.076;4.044
5492798;25807;2018;T;MIDI-PYRÉNÉES;51.34;61.901;10.561
5492796;25807;2018;T;MIDI-PYRÉNÉES;58.66;54.901;3.759
5492799;25807;2018;T;MIDI-PYRÉNÉES;56.5;61.57;5.07
5492730;25807;2018;T;MIDI-PYRÉNÉES;55.87;61.705;5.835
5492735;25807;2018;T;MIDI-PYRÉNÉES;63.34;54.861;8.479
5492731;25807;2018;T;MIDI-PYRÉNÉES;56.37;60.384;4.014
5492737;25807;2018;T;MIDI-PYRÉNÉES;43.85;54.861;11.011
5492738;25807;2018;T;MIDI-PYRÉNÉES;65.33;60.22;5.11
5492736;25807;2018;T;MIDI-PYRÉNÉES;72.56;54.861;17.699
5492739;25807;2018;T;MIDI-PYRÉNÉES;57.58;60.22;2.64
5492800;25807;2018;T;MIDI-PYRÉNÉES;54.95;60.22;5.27
5492802;25807;2018;T;MIDI-PYRÉNÉES;63.32;55.231;8.089
5492801;25807;2018;T;MIDI-PYRÉNÉES;54.18;60.917;6.737
5492807;25807;2018;T;MIDI-PYRÉNÉES;68.24;56.589;11.651
5492808;25807;2018;T;MIDI-PYRÉNÉES;70.11;61.035;9.075
5492850;25807;2018;T;MIDI-PYRÉNÉES;58.93;58.755;0.175
5492855;25807;2018;T;MIDI-PYRÉNÉES;51.96;54.602;2.642
5492857;25807;2018;T;MIDI-PYRÉNÉES;47.29;54.201;6.911
5492856;25807;2018;T;MIDI-PYRÉNÉES;67.37;53.837;13.533
5492859;25807;2018;T;MIDI-PYRÉNÉES;76.23;57.54;18.69
5492845;25807;2018;T;MIDI-PYRÉNÉES;53.16;53.407;0.247
5492844;25807;2018;T;MIDI-PYRÉNÉES;68.01;57.54;10.47
5492842;25807;2018;T;MIDI-PYRÉNÉES;53.14;53.407;0.267
5492391;25852;2018;T;MIDI-PYRÉNÉES;75.31;62.453;12.857
5492397;25852;2018;T;MIDI-PYRÉNÉES;57.37;57.92;0.55
5492398;25852;2018;T;MIDI-PYRÉNÉES;64.88;60.158;4.722
5492335;25852;2018;T;MIDI-PYRÉNÉES;60.31;56.034;4.276
5492334;25852;2018;T;MIDI-PYRÉNÉES;61.39;59.944;1.446
5492339;25852;2018;T;MIDI-PYRÉNÉES;63.27;59.777;3.493
5492333;25852;2018;T;MIDI-PYRÉNÉES;55.12;54.578;0.542
5491000;25852;2018;T;MIDI-PYRÉNÉES;75.58;59.98;15.6
5491005;25852;2018;T;MIDI-PYRÉNÉES;47.84;54.91;7.07
5491004;25852;2018;T;MIDI-PYRÉNÉES;60.15;60.326;0.176
5491002;25852;2018;T;MIDI-PYRÉNÉES;65.72;55.256;10.464
5491001;25852;2018;T;MIDI-PYRÉNÉES;52.56;60.326;7.766
5491006;25852;2018;T;MIDI-PYRÉNÉES;56.39;54.833;1.557
5491009;25852;2018;T;MIDI-PYRÉNÉES;69.68;61.435;8.245
5491050;25852;2018;T;MIDI-PYRÉNÉES;67.99;61.435;6.555
5491057;25852;2018;T;MIDI-PYRÉNÉES;59.25;55.076;4.174
5491053;25852;2018;T;MIDI-PYRÉNÉES;54.12;54.901;0.781
5491040;25852;2018;T;MIDI-PYRÉNÉES;65.32;61.57;3.75
5491044;25852;2018;T;MIDI-PYRÉNÉES;74.17;61.705;12.465
5491047;25852;2018;T;MIDI-PYRÉNÉES;61.15;54.861;6.289
5491025;25852;2018;T;MIDI-PYRÉNÉES;59.56;55.185;4.375
5491022;25852;2018;T;MIDI-PYRÉNÉES;58.85;55.231;3.619
5491027;25852;2018;T;MIDI-PYRÉNÉES;71.9;55.231;16.669
5491028;25852;2018;T;MIDI-PYRÉNÉES;67.24;60.917;6.323
5491026;25852;2018;T;MIDI-PYRÉNÉES;53.24;56.589;3.349
5491029;25852;2018;T;MIDI-PYRÉNÉES;60.37;61.035;0.665
5491023;25852;2018;T;MIDI-PYRÉNÉES;65.03;56.368;8.662
5491010;25852;2018;T;MIDI-PYRÉNÉES;56.39;59.011;2.621
5491015;25852;2018;T;MIDI-PYRÉNÉES;63.82;54.858;8.962
5491012;25852;2018;T;MIDI-PYRÉNÉES;50.23;54.602;4.372
5491011;25852;2018;T;MIDI-PYRÉNÉES;59.07;58.762;0.308
5491017;25852;2018;T;MIDI-PYRÉNÉES;65.25;54.608;10.642
5491018;25852;2018;T;MIDI-PYRÉNÉES;56.73;58.354;1.624
5491016;25852;2018;T;MIDI-PYRÉNÉES;55.17;54.201;0.969
5491019;25852;2018;T;MIDI-PYRÉNÉES;50.66;57.99;7.33
5491070;25852;2018;T;MIDI-PYRÉNÉES;59.98;57.54;2.44
5491074;25852;2018;T;MIDI-PYRÉNÉES;65.41;57.54;7.87
5491072;25852;2018;T;MIDI-PYRÉNÉES;56.32;53.407;2.913
5491071;25852;2018;T;MIDI-PYRÉNÉES;65.7;57.54;8.16
5491209;25845;2018;T;;58.37;87.087;28.717
5491203;25845;2018;T;;68.59;88.568;19.978
5491255;25845;2018;T;;52.32;85.508;33.188
5491253;25845;2018;T;;59.55;85.498;25.948
5491240;25845;2018;T;;66.24;84.406;18.166
5491242;25845;2018;T;;49.9;85.3;35.4
5491246;25845;2018;T;;64.58;85.802;21.222
5491249;25845;2018;T;;61.33;84.777;23.447
5491243;25845;2018;T;;51.81;85.802;33.992
5491220;25845;2018;T;;76.39;84.777;8.387
5491222;25845;2018;T;;63.98;85.942;21.962
5491227;25845;2018;T;;69.33;85.942;16.612
5491228;25845;2018;T;;57.36;84.777;27.417
5491226;25845;2018;T;;50.84;86.185;35.345
5491229;25845;2018;T;;61.23;84.777;23.547
5491223;25845;2018;T;;63.7;86.185;22.485
5491216;25845;2018;T;;65.03;85.97;20.94
5491219;25845;2018;T;;74.57;84.609;10.039
5491213;25845;2018;T;;71.36;85.97;14.61
5491275;25845;2018;T;;70.42;85.97;15.55
5491274;25845;2018;T;;54.59;84.609;30.019
5491271;25845;2018;T;;56.64;84.609;27.969
5491278;25845;2018;T;;55.57;84.609;29.039
5491276;25845;2018;T;;53.38;85.97;32.59
5491279;25845;2018;T;;62.57;84.917;22.347
5491273;25845;2018;T;;67.08;86.092;19.012
5491285;25845;2018;T;;71.84;87.45;15.61
5491282;25845;2018;T;;64.19;87.23;23.04
5491287;25845;2018;T;;63.54;85.845;22.305
5491286;25845;2018;T;;45.11;86.23;41.12
5491289;25845;2018;T;;76.39;84.436;8.046
5491265;25845;2018;T;;59.24;85.213;25.973
5491264;25845;2018;T;;59.15;82.596;23.446
5491261;25845;2018;T;;66.62;81.343;14.723
5491267;25845;2018;T;;60.22;83.307;23.087
5491268;25845;2018;T;;72.88;81.343;8.463
5491380;25823;2018;B;CENTRE;42.25;49.334;7.084
5491385;25823;2018;B;CENTRE;18.52;47.828;29.308
5491384;25823;2018;B;CENTRE;11.34;48.877;37.537
5491381;25823;2018;B;CENTRE;13.81;49.765;35.955
5491383;25823;2018;B;CENTRE;16.62;48.892;32.272
5491360;25823;2018;B;CENTRE;16.86;50.108;33.248
5491365;25823;2018;B;CENTRE;13.12;33.024;19.904
5491364;25823;2018;B;CENTRE;32.23;49.762;17.532
5491361;25823;2018;B;CENTRE;3.94;49.848;45.908
5491367;25823;2018;B;CENTRE;3.29;32.764;29.474
5491368;25823;2018;B;CENTRE;36.97;49.516;12.546
5491366;25823;2018;B;CENTRE;38.02;48.275;10.255
5491369;25823;2018;B;CENTRE;32.92;49.601;16.681
5491363;25823;2018;B;CENTRE;34.88;32.517;2.363
5491390;25823;2018;B;CENTRE;41.81;48.964;7.154
5491394;25823;2018;B;CENTRE;24.83;49.156;24.326
5491392;25823;2018;B;CENTRE;8.7;32.071;23.371
5491397;25823;2018;B;CENTRE;31.99;48.653;16.663
5491399;25823;2018;B;CENTRE;11.68;49.636;37.956
5491393;25823;2018;B;CENTRE;6.7;49.623;42.923
5491330;25823;2018;B;CENTRE;4.61;50.888;46.278
5491334;25823;2018;B;CENTRE;2.24;49.428;47.188
5491331;25823;2018;B;CENTRE;2.24;50.621;48.381
5491337;25823;2018;B;CENTRE;2.24;34.543;32.303
5491338;25823;2018;B;CENTRE;35.73;49.484;13.754
5491336;25823;2018;B;CENTRE;40.22;49.471;9.251
5491333;25823;2018;B;CENTRE;10.12;33.652;23.532
5497000;25823;2018;B;CENTRE;53.06;49.428;3.632
5497005;25823;2018;B;CENTRE;13.92;49.416;35.496
5497004;25823;2018;B;CENTRE;6.86;50.621;43.761
5497001;25823;2018;B;CENTRE;62.29;49.428;12.862
5497007;25823;2018;B;CENTRE;57.74;49.416;8.324
5497008;25823;2018;B;CENTRE;45.22;50.621;5.401
5497006;25823;2018;B;CENTRE;35.22;34.543;0.677
5497064;25811;2018;T;MIDI-PYRÉNÉES;47.62;62.453;14.833
5497062;25811;2018;T;MIDI-PYRÉNÉES;72.24;60.158;12.082
5497061;25811;2018;T;MIDI-PYRÉNÉES;61.16;59.066;2.094
5497067;25811;2018;T;MIDI-PYRÉNÉES;60.09;61.068;0.978
5497069;25811;2018;T;MIDI-PYRÉNÉES;50.24;59.777;9.537
5497063;25811;2018;T;MIDI-PYRÉNÉES;69.62;59.777;9.843
5497090;25811;2018;T;MIDI-PYRÉNÉES;77.62;59.98;17.64
5497094;25811;2018;T;MIDI-PYRÉNÉES;69.16;60.326;8.834
5497092;25811;2018;T;MIDI-PYRÉNÉES;68.24;61.435;6.805
5497091;25811;2018;T;MIDI-PYRÉNÉES;75.78;61.435;14.345
5497096;25811;2018;T;MIDI-PYRÉNÉES;69.01;61.435;7.575
5497099;25811;2018;T;MIDI-PYRÉNÉES;67.93;61.435;6.495
5497030;25811;2018;T;MIDI-PYRÉNÉES;55.62;61.57;5.95
5497035;25811;2018;T;MIDI-PYRÉNÉES;71.47;61.705;9.765
5497032;25811;2018;T;MIDI-PYRÉNÉES;69.93;60.384;9.546
5497037;25811;2018;T;MIDI-PYRÉNÉES;74.09;60.22;13.87
5497039;25811;2018;T;MIDI-PYRÉNÉES;70.55;60.917;9.633
5497033;25811;2018;T;MIDI-PYRÉNÉES;74.86;61.035;13.825
5497500;25811;2018;T;MIDI-PYRÉNÉES;56.24;59.011;2.771
5497505;25811;2018;T;MIDI-PYRÉNÉES;61.47;58.755;2.715
5497501;25811;2018;T;MIDI-PYRÉNÉES;77.62;57.99;19.63
5497507;25811;2018;T;MIDI-PYRÉNÉES;58.09;57.54;0.55
5497506;25811;2018;T;MIDI-PYRÉNÉES;60.24;57.54;2.7
5497509;25811;2018;T;MIDI-PYRÉNÉES;59.62;58.679;0.941
5497503;25811;2018;T;MIDI-PYRÉNÉES;74.39;57.427;16.963
5497550;25811;2018;T;MIDI-PYRÉNÉES;65.16;57.979;7.181
5497555;25811;2018;T;MIDI-PYRÉNÉES;69.32;58.223;11.097
5497554;25811;2018;T;MIDI-PYRÉNÉES;68.09;64.825;3.265
5497551;25811;2018;T;MIDI-PYRÉNÉES;64.55;64.298;0.252
5497557;25811;2018;T;MIDI-PYRÉNÉES;71.93;64.183;7.747
5497556;25811;2018;T;MIDI-PYRÉNÉES;77.32;64.021;13.299
5497540;25811;2018;T;MIDI-PYRÉNÉES;75.47;64.363;11.107
5497545;25818;2018;T;MIDI-PYRÉNÉES;71.32;62.453;8.867
5497544;25818;2018;T;MIDI-PYRÉNÉES;69.78;60.158;9.622
5497542;25818;2018;T;MIDI-PYRÉNÉES;78.09;59.066;19.024
5497541;25818;2018;T;MIDI-PYRÉNÉES;62.09;61.068;1.022
5497547;25818;2018;T;MIDI-PYRÉNÉES;66.7;59.944;6.756
5497548;25818;2018;T;MIDI-PYRÉNÉES;62.86;60.118;2.742
5497546;25818;2018;T;MIDI-PYRÉNÉES;66.86;59.777;7.083
5497543;25818;2018;T;MIDI-PYRÉNÉES;66.86;59.98;6.88
5497522;25818;2018;T;MIDI-PYRÉNÉES;77.32;61.435;15.885
5497521;25818;2018;T;MIDI-PYRÉNÉES;55.32;61.435;6.115
5497527;25818;2018;T;MIDI-PYRÉNÉES;56.24;61.435;5.195
5497526;25818;2018;T;MIDI-PYRÉNÉES;63.01;61.435;1.575
5497510;25818;2018;T;MIDI-PYRÉNÉES;67.47;61.705;5.765
5497514;25818;2018;T;MIDI-PYRÉNÉES;68.24;60.384;7.856
5497512;25818;2018;T;MIDI-PYRÉNÉES;67.32;60.22;7.1
5497518;25818;2018;T;MIDI-PYRÉNÉES;68.7;60.528;8.172
5497516;25818;2018;T;MIDI-PYRÉNÉES;65.47;60.917;4.553
5497513;25818;2018;T;MIDI-PYRÉNÉES;62.39;59.011;3.379
5497574;25818;2018;T;MIDI-PYRÉNÉES;69.93;58.354;11.576
5497572;25818;2018;T;MIDI-PYRÉNÉES;70.86;57.99;12.87
5497579;25818;2018;T;MIDI-PYRÉNÉES;69.62;57.427;12.193
5497573;25818;2018;T;MIDI-PYRÉNÉES;65.93;57.979;7.951
5497585;25818;2018;T;MIDI-PYRÉNÉES;73.78;64.825;8.955
5497582;25818;2018;T;MIDI-PYRÉNÉES;74.55;64.298;10.252
5497581;25818;2018;T;MIDI-PYRÉNÉES;71.16;64.183;6.977
5497587;25818;2018;T;MIDI-PYRÉNÉES;70.39;63.842;6.548
5497586;25818;2018;T;MIDI-PYRÉNÉES;71.32;64.021;7.299
5497589;25818;2018;T;MIDI-PYRÉNÉES;74.09;64.7;9.39
5497583;25818;2018;T;MIDI-PYRÉNÉES;73.32;64.363;8.957
5497569;25872;2018;T;MIDI-PYRÉNÉES;79.93;62.453;17.477
5497563;25872;2018;T;MIDI-PYRÉNÉES;75.47;60.158;15.312
5497594;25872;2018;T;MIDI-PYRÉNÉES;81.01;59.944;21.066
5497592;25872;2018;T;MIDI-PYRÉNÉES;81.16;60.118;21.042
5497591;25872;2018;T;MIDI-PYRÉNÉES;65.62;59.777;5.843
5497597;25872;2018;T;MIDI-PYRÉNÉES;72.24;59.777;12.463
5497598;25872;2018;T;MIDI-PYRÉNÉES;74.39;59.98;14.41
5497596;25872;2018;T;MIDI-PYRÉNÉES;76.09;60.326;15.764
5497599;25872;2018;T;MIDI-PYRÉNÉES;70.09;60.326;9.764
5497530;25872;2018;T;MIDI-PYRÉNÉES;79.47;61.435;18.035
5497535;25872;2018;T;MIDI-PYRÉNÉES;82.55;61.435;21.115
5497534;25872;2018;T;MIDI-PYRÉNÉES;78.24;61.435;16.805
5497532;25872;2018;T;MIDI-PYRÉNÉES;83.93;61.435;22.495
5497531;25872;2018;T;MIDI-PYRÉNÉES;83.01;61.435;21.575
5497538;25872;2018;T;MIDI-PYRÉNÉES;79.01;61.57;17.44
5497539;25872;2018;T;MIDI-PYRÉNÉES;75.62;60.384;15.236
5497533;25872;2018;T;MIDI-PYRÉNÉES;72.86;60.384;12.476
5497400;25872;2018;T;MIDI-PYRÉNÉES;75.62;60.22;15.4
5497404;25872;2018;T;MIDI-PYRÉNÉES;77.47;60.22;17.25
5497402;25872;2018;T;MIDI-PYRÉNÉES;82.39;60.528;21.862
5497401;25872;2018;T;MIDI-PYRÉNÉES;69.62;60.917;8.703
5497407;25872;2018;T;MIDI-PYRÉNÉES;55.01;61.035;6.025
5497408;25872;2018;T;MIDI-PYRÉNÉES;68.39;59.011;9.379
5497406;25872;2018;T;MIDI-PYRÉNÉES;73.78;58.755;15.025
5497409;25872;2018;T;MIDI-PYRÉNÉES;69.47;58.762;10.708
5497452;25872;2018;T;MIDI-PYRÉNÉES;75.47;57.54;17.93
5497451;25872;2018;T;MIDI-PYRÉNÉES;66.09;58.679;7.411
5497458;25872;2018;T;MIDI-PYRÉNÉES;72.09;57.979;14.111
5497456;25872;2018;T;MIDI-PYRÉNÉES;70.09;58.223;11.867
5497453;25872;2018;T;MIDI-PYRÉNÉES;64.7;64.638;0.062
5497440;25872;2018;T;MIDI-PYRÉNÉES;53.62;64.298;10.678
5497444;25872;2018;T;MIDI-PYRÉNÉES;78.39;63.842;14.548
5497442;25872;2018;T;MIDI-PYRÉNÉES;68.39;64.021;4.369
5497441;25872;2018;T;MIDI-PYRÉNÉES;72.24;64.021;8.219
5497447;25872;2018;T;MIDI-PYRÉNÉES;69.16;64.7;4.46
5497448;25872;2018;T;MIDI-PYRÉNÉES;67.78;64.363;3.417
5247482;25862;2018;O;;73.82;75.431;1.611
5247486;25862;2018;O;;81.99;75.027;6.963
5247489;25862;2018;O;;77.31;77.272;0.038
5247464;25862;2018;O;;84.21;77.165;7.045
5247462;25862;2018;O;;81.49;75.143;6.347
5247468;25862;2018;O;;73.78;79.959;6.179
5247466;25862;2018;O;;81.03;75.143;5.887
5247469;25862;2018;O;;76.58;79.959;3.379
5247495;25862;2018;O;;77.1;75.23;1.87
5247494;25862;2018;O;;67.49;76.966;9.476
5247492;25862;2018;O;;76.92;75.23;1.69
5247491;25862;2018;O;;69.74;76.966;7.226
5247497;25862;2018;O;;74.89;75.371;0.481
5247498;25862;2018;O;;70.75;76.966;6.216
5247434;25862;2018;O;;76.99;77.083;0.093
5247432;25862;2018;O;;88.86;75.488;13.372
5247431;25862;2018;O;;80.22;77.083;3.137
5247437;25862;2018;O;;88.1;75.488;12.612
5247438;25862;2018;O;;79.93;76.965;2.965
5247436;25862;2018;O;;89.77;75.37;14.4
5248213;25869;2018;O;CENTRE;58.47;71.607;13.137
5248275;25869;2018;O;CENTRE;59.08;71.827;12.747
5248274;25869;2018;O;CENTRE;60.6;72.444;11.844
5248272;25869;2018;O;CENTRE;59.23;72.871;13.641
5248271;25869;2018;O;CENTRE;63.09;71.635;8.545
5248277;25869;2018;O;CENTRE;66.14;72.053;5.913
5248276;25869;2018;O;CENTRE;60.33;71.227;10.897
5248279;25869;2018;O;CENTRE;62.22;71.287;9.067
5248273;25869;2018;O;CENTRE;67.98;71.714;3.734
5248282;25869;2018;O;CENTRE;67.85;71.89;4.04
5248281;25869;2018;O;CENTRE;64.3;71.18;6.88
5248287;25869;2018;O;CENTRE;60.25;71.607;11.357
5248286;25869;2018;O;CENTRE;57.33;71.607;14.277
5248289;25869;2018;O;CENTRE;63.01;71.419;8.409
5248265;25869;2018;O;CENTRE;57.68;71.847;14.167
5248267;25869;2018;O;CENTRE;61.93;71.847;9.917
5248268;25869;2018;O;CENTRE;56.28;71.419;15.139
5248269;25869;2018;O;CENTRE;60.14;71.272;11.132
5248263;25869;2018;O;CENTRE;59.1;71.699;12.599
5248290;25869;2018;O;CENTRE;57.35;71.272;13.922
5248295;25869;2018;O;CENTRE;58.34;71.699;13.359
5248292;25869;2018;O;CENTRE;64.24;71.917;7.677
5248291;25869;2018;O;CENTRE;66.03;71.451;5.421
5248297;25869;2018;O;CENTRE;61.67;71.878;10.208
5248296;25869;2018;O;CENTRE;61.36;71.878;10.518
5248299;25869;2018;O;CENTRE;61.3;71.451;10.151
5248293;25869;2018;O;CENTRE;58.67;71.878;13.208
5248230;25869;2018;O;CENTRE;61.47;71.451;9.981
5248235;25869;2018;O;CENTRE;64.17;71.878;7.708
5248234;25869;2018;O;CENTRE;66.39;71.451;5.061
5248231;25863;2018;O;;89.26;77.453;11.807
5248236;25863;2018;O;;79.54;75.143;4.397
5248239;25863;2018;O;;86.39;77.083;9.307
5248233;25863;2018;O;;83.95;75.488;8.462
5248105;25863;2018;O;;90.51;71.19;19.32
5248102;25863;2018;O;;82.87;75.184;7.686
5248101;25863;2018;O;;70.55;77.049;6.499
5248107;25863;2018;O;;78.27;75.027;3.243
5248108;25863;2018;O;;85.05;77.272;7.778
5248152;25863;2018;O;;82.42;75.143;7.277
5248151;25863;2018;O;;80.93;79.959;0.971
5248157;25863;2018;O;;78.71;75.143;3.567
5248158;25863;2018;O;;78.89;80.047;1.157
5248159;25863;2018;O;;81.08;76.966;4.114
5248153;25863;2018;O;;79.76;75.23;4.53
5248141;25863;2018;O;;72.07;76.966;4.896
5248147;25863;2018;O;;69.56;75.371;5.811
5248148;25863;2018;O;;79.72;77.083;2.637
5248149;25863;2018;O;;77.17;77.083;0.087
5248125;25863;2018;O;;84.0;75.37;8.63
5248122;25863;2018;O;;82.0;75.33;6.67
5248127;25863;2018;O;;81.71;72.685;9.025
5248126;25863;2018;O;;75.73;72.685;3.045
5248110;25863;2018;O;;80.88;76.564;4.316
5248115;25863;2018;O;;81.14;71.102;10.038
5248620;25898;2018;O;;57.94;77.453;19.513
5248622;25898;2018;O;;43.97;75.184;31.214
5248621;25898;2018;O;;59.92;77.049;17.129
5248626;25898;2018;O;;53.16;75.249;22.089
5248610;25898;2018;O;;64.5;77.165;12.665
5248615;25898;2018;O;;56.49;75.143;18.653
5248614;25898;2018;O;;63.31;77.165;13.855
5248612;25898;2018;O;;56.67;75.143;18.473
5248617;25898;2018;O;;55.88;75.143;19.263
5248618;25898;2018;O;;60.88;79.959;19.079
5248616;25898;2018;O;;59.5;75.143;15.643
5248619;25898;2018;O;;61.3;80.047;18.747
5248672;25898;2018;O;;61.52;75.371;13.851
5248671;25898;2018;O;;67.99;76.966;8.976
5248678;25898;2018;O;;62.88;76.966;14.086
5248673;25898;2018;O;;62.85;75.488;12.638
5248684;25898;2018;O;;62.55;77.083;14.533
5248682;25898;2018;O;;54.61;75.488;20.878
5248687;25898;2018;O;;54.3;75.37;21.07
5248686;25898;2018;O;;54.63;75.33;20.7
5247283;25830;2018;O;CHAMPAGNE-ARDENNE;57.23;69.894;12.664
5247260;25830;2018;O;CHAMPAGNE-ARDENNE;66.86;68.764;1.904
5247261;25830;2018;O;CHAMPAGNE-ARDENNE;64.95;69.489;4.539
5247267;25830;2018;O;CHAMPAGNE-ARDENNE;73.02;69.407;3.613
5247268;25830;2018;O;CHAMPAGNE-ARDENNE;59.61;69.566;9.956
5247269;25830;2018;O;CHAMPAGNE-ARDENNE;66.75;69.283;2.533
5247263;25830;2018;O;CHAMPAGNE-ARDENNE;65.49;69.202;3.712
5247290;25830;2018;O;CHAMPAGNE-ARDENNE;65.96;69.283;3.323
5247295;25830;2018;O;CHAMPAGNE-ARDENNE;63.65;69.202;5.552
5247294;25830;2018;O;CHAMPAGNE-ARDENNE;62.45;69.283;6.833
5247297;25830;2018;O;CHAMPAGNE-ARDENNE;63.52;69.441;5.921
5247296;25830;2018;O;CHAMPAGNE-ARDENNE;72.55;69.441;3.109
5247235;25830;2018;O;CHAMPAGNE-ARDENNE;73.89;69.441;4.449
5247232;25830;2018;O;CHAMPAGNE-ARDENNE;69.73;69.441;0.289
5247237;25830;2018;O;CHAMPAGNE-ARDENNE;73.61;69.783;3.827
5247238;25830;2018;O;CHAMPAGNE-ARDENNE;61.9;69.865;7.965
5247239;25830;2018;O;CHAMPAGNE-ARDENNE;62.27;69.993;7.723
5247233;25830;2018;O;CHAMPAGNE-ARDENNE;61.71;69.912;8.202
5247100;25830;2018;O;CHAMPAGNE-ARDENNE;67.24;69.593;2.353
5247102;25830;2018;O;CHAMPAGNE-ARDENNE;67.98;69.472;1.492
5247101;25830;2018;O;CHAMPAGNE-ARDENNE;59.46;69.554;10.094
5247107;25830;2018;O;CHAMPAGNE-ARDENNE;66.5;69.472;2.972
5247108;25830;2018;O;CHAMPAGNE-ARDENNE;57.65;69.554;11.904
5247106;25830;2018;O;CHAMPAGNE-ARDENNE;62.03;69.472;7.442
5247103;25830;2018;O;CHAMPAGNE-ARDENNE;51.03;69.472;18.442
5247150;25830;2018;O;CHAMPAGNE-ARDENNE;53.74;69.554;15.814
5247155;25830;2018;O;CHAMPAGNE-ARDENNE;57.27;69.472;12.202
5247152;25830;2018;O;CHAMPAGNE-ARDENNE;61.37;70.055;8.685
5247151;25830;2018;O;CHAMPAGNE-ARDENNE;58.21;70.133;11.923
5247157;25830;2018;O;CHAMPAGNE-ARDENNE;63.45;70.097;6.647
5247156;25830;2018;O;CHAMPAGNE-ARDENNE;77.71;69.337;8.373
5247159;25830;2018;O;CHAMPAGNE-ARDENNE;65.73;69.082;3.352
5247140;25830;2018;O;CHAMPAGNE-ARDENNE;73.8;70.492;3.308
5247145;25830;2018;O;CHAMPAGNE-ARDENNE;73.74;70.988;2.752
5247142;25830;2018;O;CHAMPAGNE-ARDENNE;64.77;70.269;5.499
5247141;25830;2018;O;CHAMPAGNE-ARDENNE;68.78;69.245;0.465
5247147;25830;2018;O;CHAMPAGNE-ARDENNE;68.8;69.209;0.409
5247148;25830;2018;O;CHAMPAGNE-ARDENNE;68.55;68.981;0.431
5247146;25830;2018;O;CHAMPAGNE-ARDENNE;63.61;69.345;5.735
5247143;25830;2018;O;CHAMPAGNE-ARDENNE;62.39;69.345;6.955
5247120;25830;2018;O;CHAMPAGNE-ARDENNE;63.2;69.335;6.135
5247124;25830;2018;O;CHAMPAGNE-ARDENNE;64.92;69.335;4.415
5247127;25830;2018;O;CHAMPAGNE-ARDENNE;73.45;70.22;3.23
5247128;25830;2018;O;CHAMPAGNE-ARDENNE;57.95;69.357;11.407
5247123;25830;2018;O;CHAMPAGNE-ARDENNE;54.93;70.518;15.588
5247110;25830;2018;O;CHAMPAGNE-ARDENNE;66.99;69.335;2.345
5247115;25830;2018;O;CHAMPAGNE-ARDENNE;66.78;69.364;2.584
5247111;25830;2018;O;CHAMPAGNE-ARDENNE;59.65;68.143;8.493
5247117;25830;2018;O;CHAMPAGNE-ARDENNE;63.87;68.172;4.302
5247748;25834;2018;O;CENTRE;64.07;71.635;7.565
5247746;25834;2018;O;CENTRE;68.71;72.053;3.343
5247749;25834;2018;O;CENTRE;63.02;71.882;8.862
5247725;25834;2018;O;CENTRE;75.58;71.227;4.353
5247721;25834;2018;O;CENTRE;72.02;71.385;0.635
5247727;25834;2018;O;CENTRE;75.93;71.813;4.117
5247726;25834;2018;O;CENTRE;72.68;71.89;0.79
5247723;25834;2018;O;CENTRE;69.23;71.607;2.377
5247710;25834;2018;O;CENTRE;69.35;71.18;1.83
5247714;25834;2018;O;CENTRE;53.15;71.18;18.03
5247711;25834;2018;O;CENTRE;73.7;71.419;2.281
5247717;25834;2018;O;CENTRE;73.39;71.847;1.543
5247716;25834;2018;O;CENTRE;77.83;71.847;5.983
5247719;25834;2018;O;CENTRE;70.97;71.419;0.449
5247713;25834;2018;O;CENTRE;80.8;71.847;8.953
5247775;25834;2018;O;CENTRE;72.13;71.847;0.283
5247774;25834;2018;O;CENTRE;67.35;71.419;4.069
5247771;25834;2018;O;CENTRE;65.45;71.272;5.822
5247778;25834;2018;O;CENTRE;68.86;71.272;2.412
5247779;25834;2018;O;CENTRE;81.46;71.4;10.06
5247780;25834;2018;O;CENTRE;77.3;71.49;5.81
5247785;25834;2018;O;CENTRE;76.47;71.917;4.553
5247782;25834;2018;O;CENTRE;77.42;71.878;5.542
5247787;25834;2018;O;CENTRE;74.33;71.878;2.452
5247788;25834;2018;O;CENTRE;71.88;71.451;0.429
5247760;25834;2018;O;CENTRE;67.96;71.451;3.491
5247765;25834;2018;O;CENTRE;59.75;71.878;12.128
5247762;25834;2018;O;CENTRE;64.96;72.871;7.911
5247767;25834;2018;O;CENTRE;73.77;73.888;0.118
5247766;25834;2018;O;CENTRE;57.21;72.961;15.751
5247769;25834;2018;O;CENTRE;68.24;72.197;3.957
5247763;25834;2018;O;CENTRE;70.41;73.02;2.61
5247795;25834;2018;O;CENTRE;77.41;74.305;3.105
5247797;25834;2018;O;CENTRE;67.38;74.547;7.167
5247798;25834;2018;O;CENTRE;68.31;74.82;6.51
5247796;25834;2018;O;CENTRE;65.61;74.682;9.072
5247734;25834;2018;O;CENTRE;74.77;76.166;1.396
5247732;25834;2018;O;CENTRE;69.16;76.048;6.888
5247731;25834;2018;O;CENTRE;78.47;77.753;0.717
5247737;25834;2018;O;CENTRE;86.47;77.635;8.835
5247736;25834;2018;O;CENTRE;70.81;77.933;7.123
5247733;25834;2018;O;CENTRE;72.72;76.779;4.059
5247800;25832;2018;O;CENTRE;81.24;71.635;9.605
5247805;25832;2018;O;CENTRE;86.14;72.053;14.087
5247804;25832;2018;O;CENTRE;75.55;71.882;3.668
5247807;25832;2018;O;CENTRE;80.96;71.227;9.733
5247806;25832;2018;O;CENTRE;84.86;71.714;13.146
5247803;25832;2018;O;CENTRE;83.55;71.813;11.737
5247855;25832;2018;O;CENTRE;83.66;71.89;11.77
5247851;25832;2018;O;CENTRE;81.51;71.18;10.33
5247857;25832;2018;O;CENTRE;79.01;71.607;7.403
5247856;25832;2018;O;CENTRE;89.72;71.607;18.113
5247859;25832;2018;O;CENTRE;82.82;71.419;11.401
5247853;25832;2018;O;CENTRE;88.8;71.847;16.953
5247845;25832;2018;O;CENTRE;85.56;71.847;13.713
5247844;25832;2018;O;CENTRE;82.87;71.419;11.451
5247842;25832;2018;O;CENTRE;88.24;71.847;16.393
5247841;25832;2018;O;CENTRE;90.74;71.419;19.321
5247848;25832;2018;O;CENTRE;82.61;71.419;11.191
5247846;25832;2018;O;CENTRE;80.45;71.847;8.603
5247849;25832;2018;O;CENTRE;74.2;71.272;2.928
5247824;25832;2018;O;CENTRE;82.41;71.4;11.01
5247822;25832;2018;O;CENTRE;72.33;71.827;0.503
5247826;25832;2018;O;CENTRE;79.13;71.878;7.252
5247810;25832;2018;O;CENTRE;80.74;71.451;9.289
5247814;25832;2018;O;CENTRE;81.35;71.451;9.899
5247812;25832;2018;O;CENTRE;75.36;71.878;3.482
5247811;25832;2018;O;CENTRE;79.05;71.451;7.599
5247819;25832;2018;O;CENTRE;73.48;73.415;0.065
5247874;25832;2018;O;CENTRE;75.96;72.197;3.763
5247872;25832;2018;O;CENTRE;75.97;73.02;2.95
5247876;25832;2018;O;CENTRE;76.75;73.999;2.751
5247879;25832;2018;O;CENTRE;73.91;74.074;0.164
5247873;25832;2018;O;CENTRE;77.61;74.547;3.063
5247880;25832;2018;O;CENTRE;80.3;74.82;5.48
5247881;25832;2018;O;CENTRE;82.79;74.82;7.97
5247887;25832;2018;O;CENTRE;81.32;74.682;6.638
5247860;25832;2018;O;CENTRE;92.55;76.919;15.631
5247865;25832;2018;O;CENTRE;89.66;77.933;11.727
5247864;25832;2018;O;CENTRE;86.35;76.897;9.453
5247862;25832;2018;O;CENTRE;88.98;76.779;12.201
5246826;25607;2018;O;;86.18;71.19;14.99
5246829;25607;2018;O;;70.31;77.453;7.143
5246823;25607;2018;O;;76.61;75.431;1.179
5246818;25607;2018;O;;75.23;77.049;1.819
5246875;25607;2018;O;;70.75;75.143;4.393
5246874;25607;2018;O;;75.81;77.165;1.355
5246872;25607;2018;O;;75.96;75.143;0.817
5246871;25607;2018;O;;71.93;77.165;5.235
5246877;25607;2018;O;;75.78;75.143;0.637
5246878;25607;2018;O;;69.89;79.959;10.069
5246876;25607;2018;O;;69.7;75.143;5.443
5246879;25607;2018;O;;72.17;80.047;7.877
5246873;25607;2018;O;;68.5;75.23;6.73
5246880;25607;2018;O;;70.17;76.966;6.796
5246885;25607;2018;O;;70.17;75.23;5.06
5246881;25607;2018;O;;70.98;76.966;5.986
5246887;25607;2018;O;;74.56;75.371;0.811
5246886;25607;2018;O;;74.58;75.371;0.791
5246860;25607;2018;O;;71.28;77.083;5.803
5246864;25607;2018;O;;79.59;76.965;2.625
5246861;25607;2018;O;;81.27;76.564;4.706
5246863;25607;2018;O;;66.61;72.685;6.075
5246890;25607;2018;O;;74.86;76.564;1.704
5246895;25607;2018;O;;69.42;71.102;1.682
5246892;25607;2018;O;;71.5;71.102;0.398
5246479;25659;2018;O;CENTRE;66.69;71.882;5.192
5246482;25659;2018;O;CENTRE;69.39;71.827;2.437
5246486;25659;2018;O;CENTRE;72.77;72.053;0.717
5246460;25659;2018;O;CENTRE;57.28;71.287;14.007
5246464;25659;2018;O;CENTRE;70.0;71.385;1.385
5246461;25659;2018;O;CENTRE;65.93;71.463;5.533
5246467;25659;2018;O;CENTRE;64.89;71.89;7.0
5246469;25659;2018;O;CENTRE;64.89;71.18;6.29
5246499;25659;2018;O;CENTRE;53.89;71.419;17.529
5246493;25659;2018;O;CENTRE;62.92;71.847;8.927
5246430;25659;2018;O;CENTRE;66.84;71.272;4.432
5246435;25659;2018;O;CENTRE;64.89;71.699;6.809
5246434;25659;2018;O;CENTRE;68.97;71.272;2.302
5246432;25659;2018;O;CENTRE;71.27;71.699;0.429
5246431;25659;2018;O;CENTRE;57.59;71.49;13.9
5246439;25659;2018;O;CENTRE;60.86;71.451;10.591
5246433;25659;2018;O;CENTRE;66.34;71.878;5.538
5246200;25659;2018;O;CENTRE;56.98;71.451;14.471
5246205;25659;2018;O;CENTRE;57.79;71.878;14.088
5246204;25659;2018;O;CENTRE;59.74;71.451;11.711
5246201;25659;2018;O;CENTRE;56.52;71.451;14.931
5246207;25659;2018;O;CENTRE;57.66;71.878;14.218
5246280;25644;2018;O;CENTRE;69.34;71.4;2.06
5246284;25644;2018;O;CENTRE;66.87;71.635;4.765
5246288;25644;2018;O;CENTRE;69.13;71.287;2.157
5246286;25644;2018;O;CENTRE;61.67;71.714;10.044
5246260;25644;2018;O;CENTRE;72.3;71.463;0.837
5246265;25644;2018;O;CENTRE;67.46;71.89;4.43
5246262;25644;2018;O;CENTRE;62.3;71.607;9.307
5246261;25644;2018;O;CENTRE;51.17;71.18;20.01
5246267;25644;2018;O;CENTRE;52.66;71.607;18.947
5246266;25644;2018;O;CENTRE;64.57;71.847;7.277
5246292;25644;2018;O;CENTRE;55.81;71.847;16.037
5246291;25644;2018;O;CENTRE;57.63;71.419;13.789
5246299;25644;2018;O;CENTRE;59.21;71.272;12.062
5246293;25644;2018;O;CENTRE;62.06;71.699;9.639
5246230;25644;2018;O;CENTRE;46.27;71.451;25.181
5246234;25644;2018;O;CENTRE;53.86;71.451;17.591
5246232;25644;2018;O;CENTRE;48.21;71.878;23.668
5246237;25644;2018;O;CENTRE;60.71;71.878;11.168
5246236;25644;2018;O;CENTRE;51.58;71.878;20.298
5246239;25644;2018;O;CENTRE;58.36;71.49;13.13
5430887;25962;2018;O;NORD-PAS-DE-CALAIS;68.37;90.479;22.109
5430888;25962;2018;O;NORD-PAS-DE-CALAIS;83.75;90.453;6.703
5430861;25962;2018;O;NORD-PAS-DE-CALAIS;75.68;90.47;14.79
5430868;25962;2018;O;NORD-PAS-DE-CALAIS;75.9;90.47;14.57
5430869;25962;2018;O;NORD-PAS-DE-CALAIS;77.62;90.47;12.85
5430863;25962;2018;O;NORD-PAS-DE-CALAIS;80.3;90.453;10.153
5430898;25962;2018;O;NORD-PAS-DE-CALAIS;82.78;89.461;6.681
5430896;25962;2018;O;NORD-PAS-DE-CALAIS;84.5;89.549;5.049
5435013;25994;2018;O;NORD-PAS-DE-CALAIS;60.52;90.966;30.446
5435074;25994;2018;O;NORD-PAS-DE-CALAIS;72.46;90.586;18.126
5435072;25994;2018;O;NORD-PAS-DE-CALAIS;77.72;90.479;12.759
5435071;25994;2018;O;NORD-PAS-DE-CALAIS;78.8;90.479;11.679
5435076;25994;2018;O;NORD-PAS-DE-CALAIS;82.67;90.479;7.809
5435454;25997;2018;O;NORD-PAS-DE-CALAIS;86.11;86.654;0.544
5435451;25997;2018;O;NORD-PAS-DE-CALAIS;52.02;90.479;38.459
5435458;25997;2018;O;NORD-PAS-DE-CALAIS;67.4;88.748;21.348
5435456;25997;2018;O;NORD-PAS-DE-CALAIS;56.22;90.453;34.233
5435459;25997;2018;O;NORD-PAS-DE-CALAIS;75.04;86.151;11.111
5435440;25997;2018;O;NORD-PAS-DE-CALAIS;82.99;89.549;6.559
5435444;25997;2018;O;NORD-PAS-DE-CALAIS;86.54;86.298;0.242
5435447;25997;2018;O;NORD-PAS-DE-CALAIS;76.0;88.711;12.711
5435448;25997;2018;O;NORD-PAS-DE-CALAIS;80.52;89.745;9.225
5435424;25997;2018;O;NORD-PAS-DE-CALAIS;59.98;90.479;30.499
5435422;25997;2018;O;NORD-PAS-DE-CALAIS;65.9;86.177;20.277
5435421;25997;2018;O;NORD-PAS-DE-CALAIS;72.99;88.748;15.758
5435427;25997;2018;O;NORD-PAS-DE-CALAIS;61.49;90.479;28.989
5435428;25997;2018;O;NORD-PAS-DE-CALAIS;71.49;86.177;14.687
5435426;25997;2018;O;NORD-PAS-DE-CALAIS;79.23;88.748;9.518
5435423;25997;2018;O;NORD-PAS-DE-CALAIS;63.64;86.177;22.537
5435415;25997;2018;O;NORD-PAS-DE-CALAIS;74.39;90.479;16.089
5435414;25997;2018;O;NORD-PAS-DE-CALAIS;68.05;86.177;18.127
5435411;25997;2018;O;NORD-PAS-DE-CALAIS;49.87;90.47;40.6
5435418;25997;2018;O;NORD-PAS-DE-CALAIS;76.97;88.695;11.725
5435413;25997;2018;O;NORD-PAS-DE-CALAIS;73.85;88.695;14.845
5435470;25997;2018;O;NORD-PAS-DE-CALAIS;54.71;90.47;35.76
5435475;25997;2018;O;NORD-PAS-DE-CALAIS;69.12;86.168;17.048
5435474;25997;2018;O;NORD-PAS-DE-CALAIS;78.48;88.695;10.215
5435477;25997;2018;O;NORD-PAS-DE-CALAIS;79.98;88.695;8.715
5435478;25997;2018;O;NORD-PAS-DE-CALAIS;48.91;90.47;41.56
5435479;25997;2018;O;NORD-PAS-DE-CALAIS;65.57;88.695;23.125
5435480;25997;2018;O;NORD-PAS-DE-CALAIS;86.33;86.151;0.179
5435481;25997;2018;O;NORD-PAS-DE-CALAIS;71.38;88.679;17.299
5435487;25997;2018;O;NORD-PAS-DE-CALAIS;91.16;90.335;0.825
5435488;25997;2018;O;NORD-PAS-DE-CALAIS;75.57;86.033;10.463
5435486;25997;2018;O;NORD-PAS-DE-CALAIS;82.67;88.56;5.89
5435483;25997;2018;O;NORD-PAS-DE-CALAIS;72.89;85.993;13.103
5435460;25997;2018;O;NORD-PAS-DE-CALAIS;86.33;88.521;2.191
5435464;25997;2018;O;NORD-PAS-DE-CALAIS;82.56;85.738;3.178
5435462;25997;2018;O;NORD-PAS-DE-CALAIS;82.13;88.266;6.136
5435461;25997;2018;O;NORD-PAS-DE-CALAIS;71.7;89.934;18.234
5435467;25997;2018;O;NORD-PAS-DE-CALAIS;82.78;85.738;2.958
5435469;25997;2018;O;NORD-PAS-DE-CALAIS;72.46;83.682;11.222
5435463;25997;2018;O;NORD-PAS-DE-CALAIS;83.1;86.209;3.109
5435495;25997;2018;O;NORD-PAS-DE-CALAIS;73.53;83.682;10.152
5435494;25997;2018;O;NORD-PAS-DE-CALAIS;71.06;86.209;15.149
5435206;25996;2018;O;NORD-PAS-DE-CALAIS;75.04;89.549;14.509
5435203;25996;2018;O;NORD-PAS-DE-CALAIS;80.95;86.298;5.348
5435250;25996;2018;O;NORD-PAS-DE-CALAIS;65.57;90.966;25.396
5435255;25996;2018;O;NORD-PAS-DE-CALAIS;71.38;86.654;15.274
5435254;25996;2018;O;NORD-PAS-DE-CALAIS;79.23;88.957;9.727
5435252;25996;2018;O;NORD-PAS-DE-CALAIS;78.26;90.479;12.219
5435251;25996;2018;O;NORD-PAS-DE-CALAIS;73.64;86.177;12.537
5435258;25996;2018;O;NORD-PAS-DE-CALAIS;80.84;90.453;9.613
5435259;25996;2018;O;NORD-PAS-DE-CALAIS;85.47;88.679;3.209
5435253;25996;2018;O;NORD-PAS-DE-CALAIS;71.49;90.719;19.229
5435240;25996;2018;O;NORD-PAS-DE-CALAIS;61.27;86.407;25.137
5435241;25996;2018;O;NORD-PAS-DE-CALAIS;66.97;88.051;21.081
5435247;25996;2018;O;NORD-PAS-DE-CALAIS;69.87;90.586;20.716
5435246;25996;2018;O;NORD-PAS-DE-CALAIS;66.86;88.854;21.994
5435249;25996;2018;O;NORD-PAS-DE-CALAIS;56.43;90.479;34.049
5435225;25996;2018;O;NORD-PAS-DE-CALAIS;79.34;90.479;11.139
5435224;25996;2018;O;NORD-PAS-DE-CALAIS;70.73;86.177;15.447
5435222;25996;2018;O;NORD-PAS-DE-CALAIS;79.87;88.748;8.878
5435229;25996;2018;O;NORD-PAS-DE-CALAIS;73.64;86.177;12.537
5435223;25996;2018;O;NORD-PAS-DE-CALAIS;79.12;88.748;9.628
5435215;25996;2018;O;NORD-PAS-DE-CALAIS;66.86;86.168;19.308
5435217;25996;2018;O;NORD-PAS-DE-CALAIS;80.09;88.695;8.605
5435218;25996;2018;O;NORD-PAS-DE-CALAIS;81.92;90.47;8.55
5435219;25996;2018;O;NORD-PAS-DE-CALAIS;76.65;88.695;12.045
5435213;25996;2018;O;NORD-PAS-DE-CALAIS;67.94;90.47;22.53
5435275;25996;2018;O;NORD-PAS-DE-CALAIS;63.21;88.695;25.485
5435274;25996;2018;O;NORD-PAS-DE-CALAIS;76.0;90.47;14.47
5435272;25996;2018;O;NORD-PAS-DE-CALAIS;71.49;86.168;14.678
5435278;25996;2018;O;NORD-PAS-DE-CALAIS;64.93;86.151;21.221
5435279;25996;2018;O;NORD-PAS-DE-CALAIS;71.38;90.453;19.073
5435273;25996;2018;O;NORD-PAS-DE-CALAIS;77.72;86.151;8.431
5435280;25996;2018;O;NORD-PAS-DE-CALAIS;74.5;88.679;14.179
5435285;25996;2018;O;NORD-PAS-DE-CALAIS;88.58;90.335;1.755
5435284;25996;2018;O;NORD-PAS-DE-CALAIS;80.63;86.033;5.403
5435281;25996;2018;O;NORD-PAS-DE-CALAIS;79.55;89.934;10.384
5435287;25996;2018;O;NORD-PAS-DE-CALAIS;73.1;85.993;12.893
5435289;25996;2018;O;NORD-PAS-DE-CALAIS;76.97;85.738;8.768
5435283;25996;2018;O;NORD-PAS-DE-CALAIS;80.52;88.266;7.746
5435260;25996;2018;O;NORD-PAS-DE-CALAIS;72.46;89.934;17.474
5435265;25996;2018;O;NORD-PAS-DE-CALAIS;88.58;85.738;2.842
5435267;25996;2018;O;NORD-PAS-DE-CALAIS;76.65;86.209;9.559
5435268;25996;2018;O;NORD-PAS-DE-CALAIS;80.73;89.461;8.731
5435269;25996;2018;O;NORD-PAS-DE-CALAIS;83.96;86.209;2.249
5435101;25993;2018;O;NORD-PAS-DE-CALAIS;78.91;86.151;7.241
5435107;25993;2018;O;NORD-PAS-DE-CALAIS;90.63;88.679;1.951
5435108;25993;2018;O;NORD-PAS-DE-CALAIS;68.05;89.549;21.499
5435103;25993;2018;O;NORD-PAS-DE-CALAIS;66.97;90.966;23.996
5435150;25993;2018;O;NORD-PAS-DE-CALAIS;77.08;86.654;9.574
5435155;25993;2018;O;NORD-PAS-DE-CALAIS;69.55;88.957;19.407
5435158;25993;2018;O;NORD-PAS-DE-CALAIS;75.14;86.407;11.267
5435156;25993;2018;O;NORD-PAS-DE-CALAIS;76.11;88.711;12.601
5435153;25993;2018;O;NORD-PAS-DE-CALAIS;81.16;85.443;4.283
5435140;25993;2018;O;NORD-PAS-DE-CALAIS;80.63;88.051;7.421
5435144;25993;2018;O;NORD-PAS-DE-CALAIS;73.75;86.284;12.534
5435142;25993;2018;O;NORD-PAS-DE-CALAIS;80.3;88.854;8.554
5435141;25993;2018;O;NORD-PAS-DE-CALAIS;70.52;90.479;19.959
5435146;25993;2018;O;NORD-PAS-DE-CALAIS;80.95;90.479;9.529
5435143;25993;2018;O;NORD-PAS-DE-CALAIS;86.11;88.748;2.638
5435120;25993;2018;O;NORD-PAS-DE-CALAIS;78.26;90.479;12.219
5435125;25993;2018;O;NORD-PAS-DE-CALAIS;57.94;86.177;28.237
5435124;25993;2018;O;NORD-PAS-DE-CALAIS;67.83;88.748;20.918
5435121;25993;2018;O;NORD-PAS-DE-CALAIS;70.2;86.177;15.977
5435128;25993;2018;O;NORD-PAS-DE-CALAIS;77.62;90.47;12.85
5435126;25993;2018;O;NORD-PAS-DE-CALAIS;70.52;86.168;15.648
5435114;25993;2018;O;NORD-PAS-DE-CALAIS;82.78;90.47;7.69
5435111;25993;2018;O;NORD-PAS-DE-CALAIS;77.4;88.695;11.295
5435117;25993;2018;O;NORD-PAS-DE-CALAIS;69.01;90.47;21.46
5435116;25993;2018;O;NORD-PAS-DE-CALAIS;75.9;88.695;12.795
5435113;25993;2018;O;NORD-PAS-DE-CALAIS;65.68;86.168;20.488
5435170;25993;2018;O;NORD-PAS-DE-CALAIS;68.8;88.695;19.895
5435172;25993;2018;O;NORD-PAS-DE-CALAIS;71.59;88.679;17.089
5435171;25993;2018;O;NORD-PAS-DE-CALAIS;71.7;90.453;18.753
5435177;25993;2018;O;NORD-PAS-DE-CALAIS;69.98;86.151;16.171
5435178;25993;2018;O;NORD-PAS-DE-CALAIS;72.56;88.679;16.119
5435176;25993;2018;O;NORD-PAS-DE-CALAIS;74.07;90.335;16.265
5435173;25993;2018;O;NORD-PAS-DE-CALAIS;68.48;88.56;20.08
5435185;25993;2018;O;NORD-PAS-DE-CALAIS;74.18;85.993;11.813
5435181;25993;2018;O;NORD-PAS-DE-CALAIS;74.39;85.738;11.348
5435187;25993;2018;O;NORD-PAS-DE-CALAIS;71.06;88.266;17.206
5435188;25993;2018;O;NORD-PAS-DE-CALAIS;69.98;89.934;19.954
5435186;25993;2018;O;NORD-PAS-DE-CALAIS;61.92;85.738;23.818
5435189;25993;2018;O;NORD-PAS-DE-CALAIS;73.64;88.266;14.626
5435183;25993;2018;O;NORD-PAS-DE-CALAIS;68.8;89.461;20.661
5435160;25993;2018;O;NORD-PAS-DE-CALAIS;44.93;83.682;38.752
5435165;25993;2018;O;NORD-PAS-DE-CALAIS;69.44;86.209;16.769
5435162;25993;2018;O;NORD-PAS-DE-CALAIS;55.9;83.682;27.782
5435161;25993;2018;O;NORD-PAS-DE-CALAIS;54.82;86.209;31.389
5435765;25934;2018;O;NORD-PAS-DE-CALAIS;73.53;90.479;16.949
5435764;25934;2018;O;NORD-PAS-DE-CALAIS;73.53;90.453;16.923
5435767;25934;2018;O;NORD-PAS-DE-CALAIS;71.38;90.719;19.339
5435768;25934;2018;O;NORD-PAS-DE-CALAIS;77.62;89.745;12.125
5435763;25934;2018;O;NORD-PAS-DE-CALAIS;74.39;90.479;16.089
5435795;25934;2018;O;NORD-PAS-DE-CALAIS;69.34;90.479;21.139
5435793;25934;2018;O;NORD-PAS-DE-CALAIS;73.32;90.335;17.015
5435730;25934;2018;O;NORD-PAS-DE-CALAIS;66.97;89.934;22.964
5435865;25931;2018;O;NORD-PAS-DE-CALAIS;84.07;90.719;6.649
5435864;25931;2018;O;NORD-PAS-DE-CALAIS;74.82;89.745;14.925
5435868;25931;2018;O;NORD-PAS-DE-CALAIS;67.83;90.479;22.649
5435869;25931;2018;O;NORD-PAS-DE-CALAIS;65.68;90.47;24.79
5435863;25931;2018;O;NORD-PAS-DE-CALAIS;73.42;90.47;17.05
5435890;25931;2018;O;NORD-PAS-DE-CALAIS;78.05;90.47;12.42
5435895;25931;2018;O;NORD-PAS-DE-CALAIS;76.33;90.47;14.14
5435891;25931;2018;O;NORD-PAS-DE-CALAIS;75.36;90.453;15.093
5435897;25931;2018;O;NORD-PAS-DE-CALAIS;79.98;90.335;10.355
5435898;25931;2018;O;NORD-PAS-DE-CALAIS;77.51;89.934;12.424
5435896;25931;2018;O;NORD-PAS-DE-CALAIS;64.18;89.934;25.754
5435899;25931;2018;O;NORD-PAS-DE-CALAIS;69.34;89.934;20.594
5435830;25931;2018;O;NORD-PAS-DE-CALAIS;81.16;89.461;8.301
5435832;25937;2018;O;NORD-PAS-DE-CALAIS;79.87;86.298;6.428
5435831;25937;2018;O;NORD-PAS-DE-CALAIS;74.39;90.966;16.576
5435838;25937;2018;O;NORD-PAS-DE-CALAIS;63.64;88.957;25.317
5435836;25937;2018;O;NORD-PAS-DE-CALAIS;70.84;90.479;19.639
5435839;25937;2018;O;NORD-PAS-DE-CALAIS;67.19;86.177;18.987
5435833;25937;2018;O;NORD-PAS-DE-CALAIS;78.15;88.748;10.598
5435604;25937;2018;O;NORD-PAS-DE-CALAIS;76.76;88.679;11.919
5435607;25937;2018;O;NORD-PAS-DE-CALAIS;76.43;88.711;12.281
5435609;25937;2018;O;NORD-PAS-DE-CALAIS;69.44;88.051;18.611
5435603;25937;2018;O;NORD-PAS-DE-CALAIS;81.81;90.586;8.776
5435655;25937;2018;O;NORD-PAS-DE-CALAIS;75.14;88.854;13.714
5435651;25937;2018;O;NORD-PAS-DE-CALAIS;66.86;88.748;21.888
5435657;25937;2018;O;NORD-PAS-DE-CALAIS;79.77;90.479;10.709
5435659;25937;2018;O;NORD-PAS-DE-CALAIS;72.67;90.479;17.809
5435645;25937;2018;O;NORD-PAS-DE-CALAIS;55.04;90.479;35.439
5435644;25937;2018;O;NORD-PAS-DE-CALAIS;57.94;86.177;28.237
5435642;25937;2018;O;NORD-PAS-DE-CALAIS;58.15;88.748;30.598
5435641;25937;2018;O;NORD-PAS-DE-CALAIS;63.1;90.47;27.37
5435647;25937;2018;O;NORD-PAS-DE-CALAIS;57.72;86.168;28.448
5435649;25937;2018;O;NORD-PAS-DE-CALAIS;76.65;86.168;9.518
5435620;25937;2018;O;NORD-PAS-DE-CALAIS;55.9;90.47;34.57
5435625;25937;2018;O;NORD-PAS-DE-CALAIS;37.72;86.168;48.448
5435622;25937;2018;O;NORD-PAS-DE-CALAIS;66.54;90.47;23.93
5435621;25937;2018;O;NORD-PAS-DE-CALAIS;72.35;86.168;13.818
5435628;25937;2018;O;NORD-PAS-DE-CALAIS;73.21;90.47;17.26
5435626;25937;2018;O;NORD-PAS-DE-CALAIS;69.87;86.168;16.298
5435623;25937;2018;O;NORD-PAS-DE-CALAIS;69.12;90.453;21.333
5435610;25937;2018;O;NORD-PAS-DE-CALAIS;72.67;86.151;13.481
5435618;25937;2018;O;NORD-PAS-DE-CALAIS;53.64;85.993;32.353
5435616;25937;2018;O;NORD-PAS-DE-CALAIS;49.34;88.521;39.181
5435670;25937;2018;O;NORD-PAS-DE-CALAIS;44.5;88.266;43.766
5435674;25937;2018;O;NORD-PAS-DE-CALAIS;64.18;85.738;21.558
5435672;25937;2018;O;NORD-PAS-DE-CALAIS;62.13;88.266;26.136
5435671;25937;2018;O;NORD-PAS-DE-CALAIS;64.07;89.461;25.391
5435677;25937;2018;O;NORD-PAS-DE-CALAIS;63.75;83.682;19.932
5435676;25937;2018;O;NORD-PAS-DE-CALAIS;68.8;90.335;21.535
5435679;25937;2018;O;NORD-PAS-DE-CALAIS;51.49;86.033;34.543
5435673;25937;2018;O;NORD-PAS-DE-CALAIS;69.66;88.56;18.9
5435680;25937;2018;O;NORD-PAS-DE-CALAIS;74.61;89.461;14.851
5435685;25937;2018;O;NORD-PAS-DE-CALAIS;74.39;83.682;9.292
5434056;25301;2018;O;NORD-PAS-DE-CALAIS;90.52;90.719;0.199
5434059;25301;2018;O;NORD-PAS-DE-CALAIS;83.32;86.407;3.087
5434053;25301;2018;O;NORD-PAS-DE-CALAIS;93.32;88.711;4.609
5434040;25301;2018;O;NORD-PAS-DE-CALAIS;74.5;89.745;15.245
5434046;25301;2018;O;NORD-PAS-DE-CALAIS;86.54;86.177;0.363
5434043;25301;2018;O;NORD-PAS-DE-CALAIS;83.21;90.479;7.269
5434024;25301;2018;O;NORD-PAS-DE-CALAIS;88.58;90.479;1.899
5434028;25301;2018;O;NORD-PAS-DE-CALAIS;86.97;86.177;0.793
5434029;25301;2018;O;NORD-PAS-DE-CALAIS;85.79;90.479;4.689
5434014;25301;2018;O;NORD-PAS-DE-CALAIS;84.39;86.168;1.778
5434012;25301;2018;O;NORD-PAS-DE-CALAIS;76.22;88.695;12.475
5434017;25301;2018;O;NORD-PAS-DE-CALAIS;84.07;86.168;2.098
5434018;25301;2018;O;NORD-PAS-DE-CALAIS;85.57;88.695;3.125
5434013;25301;2018;O;NORD-PAS-DE-CALAIS;84.82;88.695;3.875
5434072;25301;2018;O;NORD-PAS-DE-CALAIS;68.8;90.47;21.67
5434077;25301;2018;O;NORD-PAS-DE-CALAIS;72.46;88.695;16.235
5434078;25301;2018;O;NORD-PAS-DE-CALAIS;86.43;90.453;4.023
5434076;25301;2018;O;NORD-PAS-DE-CALAIS;61.7;86.151;24.451
5434079;25301;2018;O;NORD-PAS-DE-CALAIS;88.91;88.679;0.231
5434073;25301;2018;O;NORD-PAS-DE-CALAIS;85.68;90.453;4.773
5434080;25301;2018;O;NORD-PAS-DE-CALAIS;73.42;86.151;12.731
5434085;25301;2018;O;NORD-PAS-DE-CALAIS;81.06;88.679;7.619
5434082;25301;2018;O;NORD-PAS-DE-CALAIS;84.5;86.151;1.651
5434087;25301;2018;O;NORD-PAS-DE-CALAIS;78.37;90.335;11.965
5434083;25301;2018;O;NORD-PAS-DE-CALAIS;80.95;83.812;2.862
5434060;25301;2018;O;NORD-PAS-DE-CALAIS;82.02;86.339;4.319
5434062;25301;2018;O;NORD-PAS-DE-CALAIS;74.07;85.58;11.51
5434067;25301;2018;O;NORD-PAS-DE-CALAIS;72.67;85.993;13.323
5434066;25301;2018;O;NORD-PAS-DE-CALAIS;71.49;89.934;18.444
5434063;25301;2018;O;NORD-PAS-DE-CALAIS;85.04;88.266;3.226
5434090;25301;2018;O;NORD-PAS-DE-CALAIS;80.52;89.934;9.414
5434091;25301;2018;O;NORD-PAS-DE-CALAIS;59.77;83.682;23.912
5434097;25301;2018;O;NORD-PAS-DE-CALAIS;72.89;86.209;13.319
5434096;25301;2018;O;NORD-PAS-DE-CALAIS;78.05;83.682;5.632
5434099;25301;2018;O;NORD-PAS-DE-CALAIS;79.98;86.209;6.229
5434093;25301;2018;O;NORD-PAS-DE-CALAIS;77.19;89.549;12.359
5434034;25307;2018;O;;58.48;77.453;18.973
5434037;25307;2018;O;;78.91;77.272;1.638
5434036;25307;2018;O;;72.02;77.165;5.145
5434039;25307;2018;O;;78.37;77.165;1.205
5434033;25307;2018;O;;87.08;79.959;7.121
5434505;25307;2018;O;;69.34;80.047;10.707
5434502;25307;2018;O;;74.18;76.966;2.786
5434506;25307;2018;O;;76.76;77.083;0.323
5434503;25307;2018;O;;75.9;76.965;1.065
5434555;25307;2018;O;;78.37;75.967;2.403
5434552;25307;2018;O;;74.5;76.564;2.064
5434551;25307;2018;O;;72.56;76.564;4.004
5434556;25307;2018;O;;67.19;76.652;9.462
5434559;25308;2018;O;NORD-PAS-DE-CALAIS;73.64;90.966;17.326
5434512;25308;2018;O;NORD-PAS-DE-CALAIS;82.02;86.407;4.387
5434530;25308;2018;O;NORD-PAS-DE-CALAIS;73.85;90.586;16.736
5434535;25308;2018;O;NORD-PAS-DE-CALAIS;72.78;86.284;13.504
5434423;25308;2018;O;NORD-PAS-DE-CALAIS;64.07;86.177;22.107
5434484;25308;2018;O;NORD-PAS-DE-CALAIS;65.57;90.479;24.909
5434498;25308;2018;O;NORD-PAS-DE-CALAIS;63.42;90.479;27.059
5434496;25308;2018;O;NORD-PAS-DE-CALAIS;81.59;86.177;4.587
5434221;25308;2018;O;NORD-PAS-DE-CALAIS;65.68;90.47;24.79
5434227;25308;2018;O;NORD-PAS-DE-CALAIS;69.01;86.168;17.158
5434279;25308;2018;O;NORD-PAS-DE-CALAIS;59.01;90.47;31.46
5434120;25308;2018;O;NORD-PAS-DE-CALAIS;60.63;90.47;29.84
5434125;25308;2018;O;NORD-PAS-DE-CALAIS;63.21;86.168;22.958
5434171;25308;2018;O;NORD-PAS-DE-CALAIS;63.21;90.453;27.243
5434177;25308;2018;O;NORD-PAS-DE-CALAIS;57.94;86.151;28.211
5434770;25308;2018;O;NORD-PAS-DE-CALAIS;68.69;89.934;21.244
5434767;25308;2018;O;NORD-PAS-DE-CALAIS;65.79;85.738;19.948
5434733;25308;2018;O;NORD-PAS-DE-CALAIS;54.61;85.738;31.128
5434844;25308;2018;O;NORD-PAS-DE-CALAIS;72.35;89.461;17.111
5434842;25308;2018;O;NORD-PAS-DE-CALAIS;71.27;83.682;12.412
5434816;25308;2018;O;NORD-PAS-DE-CALAIS;67.08;83.682;16.602
5434865;25308;2018;O;NORD-PAS-DE-CALAIS;62.99;83.77;20.78
5434831;25308;2018;O;NORD-PAS-DE-CALAIS;66.22;89.545;23.325
5434837;25308;2018;O;NORD-PAS-DE-CALAIS;67.51;83.812;16.302
5434659;25308;2018;O;NORD-PAS-DE-CALAIS;57.94;89.144;31.204
5434614;25308;2018;O;NORD-PAS-DE-CALAIS;59.34;88.494;29.154
5434688;25308;2018;O;NORD-PAS-DE-CALAIS;71.38;89.904;18.524
5434630;25308;2018;O;NORD-PAS-DE-CALAIS;65.25;90.489;25.239
5434951;25308;2018;O;NORD-PAS-DE-CALAIS;61.38;90.285;28.905
5434957;25308;2018;O;NORD-PAS-DE-CALAIS;69.44;83.974;14.534
5434929;25308;2018;O;NORD-PAS-DE-CALAIS;69.44;90.021;20.581
5434923;25308;2018;O;NORD-PAS-DE-CALAIS;81.59;84.11;2.52
5434982;25308;2018;O;NORD-PAS-DE-CALAIS;69.87;84.11;14.24
5434996;25308;2018;O;NORD-PAS-DE-CALAIS;80.3;84.11;3.81
5434350;25308;2018;O;NORD-PAS-DE-CALAIS;67.94;90.376;22.436
5434355;25308;2018;O;NORD-PAS-DE-CALAIS;75.25;84.13;8.88
5434321;25308;2018;O;NORD-PAS-DE-CALAIS;61.81;90.376;28.566
5434327;25308;2018;O;NORD-PAS-DE-CALAIS;65.9;84.13;18.23
5434379;25308;2018;O;NORD-PAS-DE-CALAIS;68.26;90.376;22.116
5434373;25308;2018;O;NORD-PAS-DE-CALAIS;64.5;84.13;19.63
5434392;25309;2018;O;NORD-PAS-DE-CALAIS;82.89;86.654;3.764
5432020;25309;2018;O;NORD-PAS-DE-CALAIS;68.15;89.745;21.595
5432025;25309;2018;O;NORD-PAS-DE-CALAIS;77.4;85.443;8.043
5432069;25309;2018;O;NORD-PAS-DE-CALAIS;66.97;90.479;23.509
5432063;25309;2018;O;NORD-PAS-DE-CALAIS;65.9;86.177;20.277
5432502;25309;2018;O;NORD-PAS-DE-CALAIS;69.87;86.177;16.307
5432546;25309;2018;O;NORD-PAS-DE-CALAIS;73.32;86.177;12.857
5432444;25309;2018;O;NORD-PAS-DE-CALAIS;74.82;90.47;15.65
5432418;25309;2018;O;NORD-PAS-DE-CALAIS;78.91;90.47;11.56
5432416;25309;2018;O;NORD-PAS-DE-CALAIS;73.53;86.168;12.638
5432460;25309;2018;O;NORD-PAS-DE-CALAIS;71.49;90.453;18.963
5432259;25309;2018;O;NORD-PAS-DE-CALAIS;70.84;90.335;19.495
5432288;25309;2018;O;NORD-PAS-DE-CALAIS;66.65;89.934;23.284
5432230;25309;2018;O;NORD-PAS-DE-CALAIS;86.22;89.934;3.714
5432129;25309;2018;O;NORD-PAS-DE-CALAIS;71.27;89.461;18.191
5432184;25309;2018;O;NORD-PAS-DE-CALAIS;76.65;89.549;12.899
5432198;25309;2018;O;NORD-PAS-DE-CALAIS;79.01;89.545;10.535
5432196;25309;2018;O;NORD-PAS-DE-CALAIS;80.2;83.812;3.612
5432750;25309;2018;O;NORD-PAS-DE-CALAIS;62.24;89.144;26.904
5432721;25309;2018;O;NORD-PAS-DE-CALAIS;62.02;88.494;26.474
5432727;25309;2018;O;NORD-PAS-DE-CALAIS;61.81;83.111;21.301
5432779;25309;2018;O;NORD-PAS-DE-CALAIS;79.34;89.904;10.564
5432773;25309;2018;O;NORD-PAS-DE-CALAIS;76.0;84.896;8.896
5432794;25309;2018;O;NORD-PAS-DE-CALAIS;81.92;90.489;8.569
5432792;25309;2018;O;NORD-PAS-DE-CALAIS;64.71;84.179;19.469
5432808;25309;2018;O;NORD-PAS-DE-CALAIS;71.7;90.285;18.585
5432806;25309;2018;O;NORD-PAS-DE-CALAIS;69.98;83.974;13.994
5432820;25309;2018;O;NORD-PAS-DE-CALAIS;87.19;90.021;2.831
5432871;25309;2018;O;NORD-PAS-DE-CALAIS;70.95;90.376;19.426
5432877;25309;2018;O;NORD-PAS-DE-CALAIS;68.8;84.11;15.31
5432602;25309;2018;O;NORD-PAS-DE-CALAIS;72.35;84.13;11.78
5432648;25309;2018;O;NORD-PAS-DE-CALAIS;70.3;90.376;20.076
5432646;25309;2018;O;NORD-PAS-DE-CALAIS;76.11;84.13;8.02
5432670;25309;2018;O;NORD-PAS-DE-CALAIS;80.2;90.376;10.176
5432661;25309;2018;O;NORD-PAS-DE-CALAIS;74.82;89.049;14.229
5432937;25309;2018;O;NORD-PAS-DE-CALAIS;55.79;81.172;25.382
5432359;25309;2018;O;NORD-PAS-DE-CALAIS;74.07;87.252;13.182
5432314;25309;2018;O;NORD-PAS-DE-CALAIS;74.07;87.569;13.499
5432386;25309;2018;O;NORD-PAS-DE-CALAIS;71.92;81.505;9.585
5431057;25309;2018;O;NORD-PAS-DE-CALAIS;78.37;81.736;3.366
5431023;25309;2018;O;NORD-PAS-DE-CALAIS;80.09;82.338;2.248
5431082;25309;2018;O;NORD-PAS-DE-CALAIS;78.58;81.008;2.428
5431098;25309;2018;O;NORD-PAS-DE-CALAIS;83.1;86.444;3.344
5431550;25309;2018;O;NORD-PAS-DE-CALAIS;80.41;86.444;6.034
5431555;25309;2018;O;NORD-PAS-DE-CALAIS;69.44;79.89;10.45
5431527;25309;2018;O;NORD-PAS-DE-CALAIS;86.11;79.89;6.22
5431579;25309;2018;O;NORD-PAS-DE-CALAIS;71.16;86.444;15.284
5431573;25309;2018;O;NORD-PAS-DE-CALAIS;75.25;79.89;4.64
5431594;25309;2018;O;NORD-PAS-DE-CALAIS;81.81;86.444;4.634
5431425;25309;2018;O;NORD-PAS-DE-CALAIS;67.51;78.575;11.065
5431471;25309;2018;O;NORD-PAS-DE-CALAIS;73.42;83.067;9.647
5431477;25309;2018;O;NORD-PAS-DE-CALAIS;76.86;78.575;1.715
5431463;25309;2018;O;NORD-PAS-DE-CALAIS;78.15;78.575;0.425
5431202;25309;2018;O;NORD-PAS-DE-CALAIS;76.0;78.575;2.575
5431270;25309;2018;O;NORD-PAS-DE-CALAIS;72.13;83.067;10.937
5431261;25309;2018;O;NORD-PAS-DE-CALAIS;76.54;83.067;6.527
5431267;25309;2018;O;NORD-PAS-DE-CALAIS;80.52;78.575;1.945
5431239;25309;2018;O;NORD-PAS-DE-CALAIS;73.1;83.067;9.967
5431144;25309;2018;O;NORD-PAS-DE-CALAIS;80.41;86.444;6.034
5431118;25309;2018;O;NORD-PAS-DE-CALAIS;66.97;83.067;16.097
5431160;25309;2018;O;NORD-PAS-DE-CALAIS;65.47;83.067;17.597
5431165;25309;2018;O;NORD-PAS-DE-CALAIS;67.94;78.575;10.635
5431131;25309;2018;O;NORD-PAS-DE-CALAIS;48.91;83.067;34.157
5431759;25309;2018;O;NORD-PAS-DE-CALAIS;81.81;83.067;1.257
5431714;25309;2018;O;NORD-PAS-DE-CALAIS;73.1;83.067;9.967
5431788;25309;2018;O;NORD-PAS-DE-CALAIS;78.48;90.47;11.99
5431730;25309;2018;O;NORD-PAS-DE-CALAIS;76.11;90.47;14.36
5431735;25309;2018;O;NORD-PAS-DE-CALAIS;85.14;86.168;1.028
5431857;25309;2018;O;NORD-PAS-DE-CALAIS;81.16;86.151;4.991
5431823;25309;2018;O;NORD-PAS-DE-CALAIS;85.04;78.575;6.465
5431884;25309;2018;O;NORD-PAS-DE-CALAIS;77.83;83.067;5.237
5431882;25309;2018;O;NORD-PAS-DE-CALAIS;75.04;78.575;3.535
5431898;25309;2018;O;NORD-PAS-DE-CALAIS;71.81;83.067;11.257
5431896;25309;2018;O;NORD-PAS-DE-CALAIS;74.71;78.575;3.865
5437521;25346;2018;O;NORD-PAS-DE-CALAIS;80.76;90.479;9.719
5437528;25346;2018;O;NORD-PAS-DE-CALAIS;80.14;89.549;9.409
5437526;25346;2018;O;NORD-PAS-DE-CALAIS;85.7;90.47;4.77
5437529;25346;2018;O;NORD-PAS-DE-CALAIS;66.79;90.453;23.663
5437510;25346;2018;O;NORD-PAS-DE-CALAIS;67.12;89.461;22.341
5437514;25346;2018;O;NORD-PAS-DE-CALAIS;72.69;90.47;17.78
5437517;25346;2018;O;NORD-PAS-DE-CALAIS;57.33;89.745;32.415
5437518;25346;2018;O;NORD-PAS-DE-CALAIS;42.07;90.719;48.649
5437516;25346;2018;O;NORD-PAS-DE-CALAIS;69.0;90.479;21.479
5437519;25346;2018;O;NORD-PAS-DE-CALAIS;71.28;90.479;19.199
5437513;25346;2018;O;NORD-PAS-DE-CALAIS;80.38;89.461;9.081
5437570;25346;2018;O;NORD-PAS-DE-CALAIS;66.61;90.47;23.86
5437574;25346;2018;O;NORD-PAS-DE-CALAIS;66.64;90.47;23.83
5437571;25346;2018;O;NORD-PAS-DE-CALAIS;69.77;89.934;20.164
5437247;25329;2018;O;NORD-PAS-DE-CALAIS;67.36;90.719;23.359
5437249;25329;2018;O;NORD-PAS-DE-CALAIS;60.95;90.47;29.52
5437243;25329;2018;O;NORD-PAS-DE-CALAIS;82.36;90.335;7.975
5437220;25329;2018;O;NORD-PAS-DE-CALAIS;51.05;90.47;39.42
5437225;25329;2018;O;NORD-PAS-DE-CALAIS;69.68;90.47;20.79
5437222;25329;2018;O;NORD-PAS-DE-CALAIS;72.08;89.934;17.854
5437227;25329;2018;O;NORD-PAS-DE-CALAIS;62.16;90.453;28.293
5437228;25329;2018;O;NORD-PAS-DE-CALAIS;75.16;90.966;15.806
5437223;25329;2018;O;NORD-PAS-DE-CALAIS;72.44;90.47;18.03
5437210;25329;2018;O;NORD-PAS-DE-CALAIS;69.68;90.453;20.773
5437215;25329;2018;O;NORD-PAS-DE-CALAIS;78.47;90.479;12.009
5437214;25329;2018;O;NORD-PAS-DE-CALAIS;83.1;89.461;6.361
5437212;25329;2018;O;NORD-PAS-DE-CALAIS;79.0;89.549;10.549
5437216;25329;2018;O;NORD-PAS-DE-CALAIS;72.58;90.479;17.899
5437219;25329;2018;O;NORD-PAS-DE-CALAIS;84.41;89.934;5.524
5437236;25315;2018;O;NORD-PAS-DE-CALAIS;76.49;90.966;14.476
5437239;25315;2018;O;NORD-PAS-DE-CALAIS;63.01;89.745;26.735
5437100;25315;2018;O;NORD-PAS-DE-CALAIS;68.48;90.479;21.999
5437105;25315;2018;O;NORD-PAS-DE-CALAIS;88.03;90.47;2.44
5437101;25315;2018;O;NORD-PAS-DE-CALAIS;70.64;90.479;19.839
5437107;25315;2018;O;NORD-PAS-DE-CALAIS;80.94;90.47;9.53
5437103;25315;2018;O;NORD-PAS-DE-CALAIS;81.01;90.453;9.443
5437155;25315;2018;O;NORD-PAS-DE-CALAIS;76.69;90.479;13.789
5437154;25315;2018;O;NORD-PAS-DE-CALAIS;67.58;90.586;23.006
5437152;25315;2018;O;NORD-PAS-DE-CALAIS;82.65;89.934;7.284
5437151;25315;2018;O;NORD-PAS-DE-CALAIS;72.38;89.461;17.081
5437157;25315;2018;O;NORD-PAS-DE-CALAIS;76.61;89.461;12.851
5437159;25315;2018;O;NORD-PAS-DE-CALAIS;81.86;89.934;8.074
5437837;25380;2018;W;;93.09;94.862;1.772
5437836;25380;2018;W;;109.07;94.608;14.462
5437600;25380;2018;W;;110.13;98.062;12.068
5437605;25380;2018;W;;105.9;94.336;11.564
5437606;25380;2018;W;;74.29;94.23;19.94
5437609;25380;2018;W;;80.38;96.55;16.17
5437603;25380;2018;W;;85.97;94.23;8.26
5437652;25380;2018;W;;97.5;94.23;3.27
5437651;25380;2018;W;;102.55;96.55;6.0
5437657;25380;2018;W;;103.76;94.234;9.526
5437658;25380;2018;W;;113.48;96.554;16.926
5437656;25380;2018;W;;103.23;94.234;8.996
5437659;25380;2018;W;;98.0;96.554;1.446
5437640;25380;2018;W;;69.36;96.554;27.194
5437644;25380;2018;W;;83.29;96.514;13.224
5437649;25380;2018;W;;84.12;96.925;12.805
5437622;25380;2018;W;;112.48;94.365;18.115
5437610;25380;2018;W;;85.29;95.721;10.431
5437618;25380;2018;W;;113.22;96.554;16.666
5437619;25380;2018;W;;97.77;95.738;2.032
5437675;25380;2018;W;;91.02;94.234;3.214
5437674;25380;2018;W;;100.54;96.024;4.516
5437672;25380;2018;W;;97.6;94.234;3.366
5437671;25380;2018;W;;79.82;96.554;16.734
5437997;25383;2018;T;;63.32;84.058;20.738
5437993;25383;2018;T;;62.55;84.406;21.856
5437930;25383;2018;T;;70.7;84.406;13.706
5437937;25383;2018;T;;57.78;84.777;26.997
5437936;25383;2018;T;;58.86;84.777;25.917
5437305;25383;2018;T;;68.55;84.475;15.925
5437304;25383;2018;T;;57.32;84.609;27.289
5437302;25383;2018;T;;72.86;84.609;11.749
5437306;25383;2018;T;;62.86;84.609;21.749
5437309;25383;2018;T;;68.55;84.917;16.367
5437354;25383;2018;T;;65.01;84.855;19.845
5437352;25383;2018;T;;61.47;84.436;22.966
5437351;25383;2018;T;;58.09;83.268;25.178
5437357;25383;2018;T;;67.32;82.596;15.276
5437358;25383;2018;T;;71.16;81.343;10.183
5437353;25383;2018;T;;64.24;80.604;16.364
5437340;25383;2018;T;;75.16;79.353;4.193
5437341;25383;2018;T;;70.39;77.4;7.01
5437347;25383;2018;T;;72.39;76.108;3.718
5437349;25383;2018;T;;83.01;76.894;6.116
5437343;25383;2018;T;;69.32;77.655;8.335
5437320;25383;2018;T;;62.55;78.335;15.785
5439909;25367;2018;W;;106.05;94.365;11.685
5439903;25367;2018;W;;102.24;96.125;6.115
5439950;25367;2018;W;;108.62;95.223;13.397
5439955;25367;2018;W;;107.29;99.973;7.317
5439952;25367;2018;W;;95.38;95.8;0.42
5439951;25367;2018;W;;121.0;95.26;25.74
5439957;25367;2018;W;;122.53;96.774;25.756
5439956;25367;2018;W;;108.14;95.721;12.419
5439953;25367;2018;W;;107.48;95.738;11.742
5439945;25367;2018;W;;98.72;95.883;2.837
5439942;25367;2018;W;;96.14;96.024;0.116
5439941;25367;2018;W;;97.19;94.234;2.956
5439948;25367;2018;W;;108.53;94.234;14.296
5439949;25367;2018;W;;110.81;94.234;16.576
5439943;25367;2018;W;;100.91;96.554;4.356
5439920;25367;2018;W;;112.62;93.948;18.672
5439925;25367;2018;W;;114.05;95.738;18.312
5439922;25367;2018;W;;99.19;96.514;2.676
5439927;25367;2018;W;;98.72;96.024;2.696
5439928;25367;2018;W;;110.53;94.23;16.3
5439910;25367;2018;W;;104.34;94.336;10.004
5439912;25367;2018;W;;103.95;96.464;7.486
5439917;25367;2018;W;;111.38;97.688;13.692
5439919;25367;2018;W;;110.34;94.234;16.106
5439913;25367;2018;W;;106.62;96.554;10.066
5439975;25367;2018;W;;108.14;99.089;9.051
5439972;25367;2018;W;;113.29;98.242;15.048
5439977;25367;2018;W;;105.1;98.262;6.838
5439978;25367;2018;W;;110.43;94.234;16.196
5439976;25367;2018;W;;105.1;96.554;8.546
5439973;25367;2018;W;;108.81;101.508;7.302
5439980;25367;2018;W;;110.43;94.234;16.196
5439985;25367;2018;W;;103.1;96.554;6.546
5439982;25367;2018;W;;108.72;99.245;9.475
5439987;25367;2018;W;;109.86;96.55;13.31
5439986;25367;2018;W;;110.53;98.385;12.145
5439989;25367;2018;W;;109.67;94.23;15.44
5439983;25367;2018;W;;103.48;96.55;6.93
5439965;25367;2018;W;;106.72;98.561;8.159
5439964;25367;2018;W;;104.34;94.23;10.11
5439962;25367;2018;W;;107.38;96.55;10.83
5439961;25367;2018;W;;110.81;96.639;14.171
5439967;25367;2018;W;;105.86;99.207;6.653
5439992;25367;2018;W;;105.95;96.768;9.182
5439998;25367;2018;W;;110.24;95.765;14.475
5439996;25367;2018;W;;104.24;99.245;4.995
5439999;25367;2018;W;;108.62;95.846;12.774
5439935;25367;2018;W;;109.57;98.262;11.308
5439934;25367;2018;W;;102.72;95.22;7.5
5439932;25367;2018;W;;105.86;97.011;8.849
5439931;25367;2018;W;;103.38;95.488;7.892
5439938;25367;2018;W;;113.95;97.716;16.234
5439939;25367;2018;W;;108.81;95.275;13.535
5439300;25367;2018;W;;110.53;95.6;14.93
5439305;25367;2018;W;;105.86;98.561;7.299
5439304;25367;2018;W;;110.34;96.302;14.038
5439308;25367;2018;W;;111.95;95.22;16.73
5439306;25367;2018;W;;106.62;97.011;9.609
5438291;25332;2018;T;MIDI-PYRÉNÉES;48.73;62.453;13.723
5438298;25332;2018;T;MIDI-PYRÉNÉES;59.61;59.066;0.544
5438296;25332;2018;T;MIDI-PYRÉNÉES;54.93;61.068;6.138
5438299;25332;2018;T;MIDI-PYRÉNÉES;63.36;59.944;3.416
5438293;25332;2018;T;MIDI-PYRÉNÉES;68.78;60.118;8.662
5438230;25332;2018;T;MIDI-PYRÉNÉES;68.67;59.777;8.893
5438232;25332;2018;T;MIDI-PYRÉNÉES;58.12;60.326;2.206
5438231;25332;2018;T;MIDI-PYRÉNÉES;41.92;60.326;18.406
5438237;25332;2018;T;MIDI-PYRÉNÉES;77.32;61.435;15.885
5438236;25332;2018;T;MIDI-PYRÉNÉES;55.49;61.435;5.945
5438233;25332;2018;T;MIDI-PYRÉNÉES;59.46;61.435;1.975
5438100;25332;2018;T;MIDI-PYRÉNÉES;55.11;61.435;6.325
5438105;25332;2018;T;MIDI-PYRÉNÉES;66.4;61.901;4.499
5438104;25332;2018;T;MIDI-PYRÉNÉES;50.78;61.57;10.79
5438101;25332;2018;T;MIDI-PYRÉNÉES;58.14;60.384;2.244
5438108;25332;2018;T;MIDI-PYRÉNÉES;52.98;60.22;7.24
5438109;25332;2018;T;MIDI-PYRÉNÉES;59.94;60.22;0.28
5438103;25332;2018;T;MIDI-PYRÉNÉES;66.3;60.528;5.772
5438150;25332;2018;T;MIDI-PYRÉNÉES;56.37;60.917;4.547
5438154;25332;2018;T;MIDI-PYRÉNÉES;61.15;59.011;2.139
5438152;25332;2018;T;MIDI-PYRÉNÉES;69.9;58.755;11.145
5438151;25332;2018;T;MIDI-PYRÉNÉES;60.76;58.762;1.998
5438158;25332;2018;T;MIDI-PYRÉNÉES;46.26;57.99;11.73
5438159;25332;2018;T;MIDI-PYRÉNÉES;58.45;57.54;0.91
5438153;25332;2018;T;MIDI-PYRÉNÉES;71.64;57.54;14.1
5438145;25332;2018;T;MIDI-PYRÉNÉES;61.66;57.427;4.233
5438142;25332;2018;T;MIDI-PYRÉNÉES;55.03;58.223;3.193
5438148;25332;2018;T;MIDI-PYRÉNÉES;51.22;64.298;13.078
5438143;25332;2018;T;MIDI-PYRÉNÉES;62.28;64.021;1.741
5438120;25332;2018;T;MIDI-PYRÉNÉES;59.15;64.021;4.871
5438125;25332;2018;T;MIDI-PYRÉNÉES;56.97;64.7;7.73
5438124;25332;2018;T;MIDI-PYRÉNÉES;65.41;64.363;1.047
5438724;25333;2018;T;;79.26;84.792;5.532
5438722;25333;2018;T;;91.2;84.058;7.142
5438721;25333;2018;T;;89.38;85.291;4.089
5438727;25333;2018;T;;98.41;84.715;13.695
5438726;25333;2018;T;;87.35;84.406;2.944
5438723;25333;2018;T;;95.71;84.636;11.074
5438710;25333;2018;T;;90.71;84.777;5.933
5438718;25333;2018;T;;78.99;84.777;5.787
5438713;25333;2018;T;;84.79;84.475;0.315
5438770;25333;2018;T;;92.2;84.609;7.591
5438775;25333;2018;T;;89.25;84.609;4.641
5438774;25333;2018;T;;85.56;84.609;0.951
5438772;25333;2018;T;;87.33;84.609;2.721
5438771;25333;2018;T;;92.31;84.609;7.701
5438778;25333;2018;T;;84.33;84.917;0.587
5438779;25333;2018;T;;72.7;85.992;13.292
5438773;25333;2018;T;;88.43;84.471;3.959
5438782;25333;2018;T;;86.23;82.596;3.634
5438787;25333;2018;T;;84.17;81.343;2.827
5438786;25333;2018;T;;96.93;80.604;16.326
5438783;25333;2018;T;;82.22;80.099;2.121
5438760;25333;2018;T;;86.94;79.353;7.587
5438765;25333;2018;T;;92.36;78.823;13.537
5438764;25333;2018;T;;88.1;77.4;10.7
5438761;25333;2018;T;;91.98;75.993;15.987
5438767;25333;2018;T;;91.83;76.794;15.036
5438766;25333;2018;T;;80.55;77.655;2.895
5438769;25333;2018;T;;94.89;78.335;16.555
5438843;24001;2018;T;;99.14;87.087;12.053
5438824;24001;2018;T;;81.85;85.291;3.441
5438821;24001;2018;T;;91.0;84.636;6.364
5438827;24001;2018;T;;85.44;84.406;1.034
5438828;24001;2018;T;;96.42;84.406;12.014
5438826;24001;2018;T;;108.87;84.636;24.234
5438823;24001;2018;T;;94.51;84.777;9.733
5438815;24001;2018;T;;98.92;84.777;14.143
5438812;24001;2018;T;;97.56;84.777;12.783
5438811;24001;2018;T;;103.24;84.777;18.463
5438818;24001;2018;T;;91.34;84.777;6.563
5438816;24001;2018;T;;96.18;84.475;11.705
5438813;24001;2018;T;;106.66;84.609;22.051
5438870;24001;2018;T;;89.81;84.609;5.201
5438874;24001;2018;T;;93.24;84.609;8.631
5438872;24001;2018;T;;109.45;84.917;24.533
5438873;24001;2018;T;;90.05;83.268;6.782
5438880;24001;2018;T;;95.97;82.596;13.374
5438884;24001;2018;T;;96.2;81.343;14.857
5438882;24001;2018;T;;92.59;81.343;11.247
5438881;24001;2018;T;;104.14;80.604;23.536
5438887;24001;2018;T;;98.54;79.353;19.187
5438889;24001;2018;T;;83.04;84.609;1.569
5438883;24001;2018;T;;100.38;78.823;21.557
5438860;24001;2018;T;;92.18;77.4;14.78
5438865;24001;2018;T;;97.53;76.108;21.422
5438864;24001;2018;T;;93.13;75.993;17.137
5438862;24001;2018;T;;102.54;76.794;25.746
5438861;24001;2018;T;;93.81;76.894;16.916
5438868;24001;2018;T;;95.66;78.335;17.325
5438866;24001;2018;T;;94.63;77.998;16.632
5438668;24055;2018;T;;91.8;87.087;4.713
5438666;24055;2018;T;;93.53;84.792;8.738
5438695;24055;2018;T;;102.32;84.636;17.684
5438694;24055;2018;T;;89.81;84.406;5.404
5438691;24055;2018;T;;104.51;84.636;19.874
5438698;24055;2018;T;;99.56;84.777;14.783
5438630;24055;2018;T;;84.93;84.777;0.153
5438634;24055;2018;T;;97.87;84.777;13.093
5438632;24055;2018;T;;95.03;84.475;10.555
5438637;24055;2018;T;;93.69;84.777;8.913
5438638;24055;2018;T;;97.51;84.609;12.901
5438639;24055;2018;T;;102.67;84.609;18.061
5438633;24055;2018;T;;86.52;84.609;1.911
5438905;24055;2018;T;;84.74;84.917;0.177
5438907;24055;2018;T;;92.6;84.855;7.745
5438906;24055;2018;T;;77.87;83.268;5.398
5438909;24055;2018;T;;72.27;82.596;10.326
5438903;24055;2018;T;;97.98;81.343;16.637
5438950;24055;2018;T;;85.58;81.343;4.237
5438952;24055;2018;T;;82.24;79.353;2.887
5438957;24055;2018;T;;86.64;80.099;6.541
5438958;24055;2018;T;;95.6;78.823;16.777
5438953;24055;2018;T;;90.69;75.993;14.697
5438945;24055;2018;T;;84.29;76.894;7.396
5438942;24055;2018;T;;98.9;78.335;20.565
5438968;24057;2018;T;;83.29;84.058;0.768
5438966;24057;2018;T;;80.92;85.291;4.371
5438969;24057;2018;T;;95.3;84.715;10.585
5438963;24057;2018;T;;110.92;84.636;26.284
5438990;24057;2018;T;;85.83;84.406;1.424
5438995;24057;2018;T;;91.07;84.406;6.664
5438994;24057;2018;T;;78.69;84.636;5.946
5438992;24057;2018;T;;78.65;84.777;6.127
5438997;24057;2018;T;;92.05;84.777;7.273
5438996;24057;2018;T;;95.75;84.777;10.973
5438999;24057;2018;T;;94.89;84.777;10.113
5438993;24057;2018;T;;93.99;84.777;9.213
5438930;24057;2018;T;;95.22;84.777;10.443
5438934;24057;2018;T;;82.4;84.475;2.075
5438932;24057;2018;T;;85.37;84.609;0.761
5438938;24057;2018;T;;102.55;84.609;17.941
5438936;24057;2018;T;;84.28;84.609;0.329
5438939;24057;2018;T;;91.48;84.609;6.871
5438305;24057;2018;T;;77.21;85.992;8.782
5438304;24057;2018;T;;99.23;84.471;14.759
5438302;24057;2018;T;;107.2;84.855;22.345
5438301;24057;2018;T;;89.53;84.436;5.094
5438306;24057;2018;T;;101.64;81.343;20.297
5438303;24057;2018;T;;104.37;81.343;23.027
5438350;24057;2018;T;;95.07;80.604;14.466
5438355;24057;2018;T;;90.44;79.353;11.087
5438354;24057;2018;T;;93.99;81.205;12.785
5438351;24057;2018;T;;89.8;78.823;10.977
5438357;24057;2018;T;;85.86;77.4;8.46
5438353;24057;2018;T;;93.76;76.894;16.866
5438340;24057;2018;T;;89.88;77.655;12.225
5438344;24057;2018;T;;95.61;77.998;17.612
5436287;24028;2018;O;;39.32;77.206;37.886
5436288;24028;2018;O;;59.91;77.049;17.139
5436265;24028;2018;O;;75.91;79.959;4.049
5436267;24028;2018;O;;68.24;76.966;8.726
5436268;24028;2018;O;;67.07;76.966;9.896
5436269;24028;2018;O;;70.57;77.083;6.513
5436263;24028;2018;O;;71.57;77.083;5.513
5436290;24028;2018;O;;60.07;76.965;16.895
5436294;24028;2018;O;;75.91;76.564;0.654
5436292;24028;2018;O;;70.91;76.564;5.654
5436298;24028;2018;O;;59.74;76.652;16.912
5436293;24028;2018;O;;54.91;75.317;20.407
5436230;24028;2018;O;;62.91;77.027;14.117
5436234;24028;2018;O;;57.24;77.144;19.904
5436232;24028;2018;O;;56.24;77.499;21.259
5436231;24028;2018;O;;70.07;77.165;7.095
5436233;24028;2018;O;;69.24;78.041;8.801
5436104;24028;2018;O;;35.24;76.971;41.731
5436102;24028;2018;O;;55.57;76.194;20.624
5436101;24028;2018;O;;66.57;75.966;9.396
5436108;24028;2018;O;;67.57;76.241;8.671
5436864;24017;2018;T;;76.47;84.792;8.322
5436861;24017;2018;T;;74.59;85.291;10.701
5436868;24017;2018;T;;91.6;84.636;6.964
5436894;24017;2018;T;;78.5;84.777;6.277
5436892;24017;2018;T;;84.37;84.777;0.407
5436891;24017;2018;T;;69.38;84.777;15.397
5436897;24017;2018;T;;57.37;84.777;27.407
5436898;24017;2018;T;;98.13;84.777;13.353
5436896;24017;2018;T;;75.14;84.777;9.637
5436899;24017;2018;T;;96.45;84.777;11.673
5436893;24017;2018;T;;74.83;84.475;9.645
5436835;24017;2018;T;;68.41;84.609;16.199
5436836;24017;2018;T;;78.21;85.874;7.664
5436833;24017;2018;T;;84.84;84.471;0.369
5436605;24017;2018;T;;75.76;84.436;8.676
5436602;24017;2018;T;;96.19;82.596;13.594
5436601;24017;2018;T;;96.57;81.343;15.227
5436650;24017;2018;T;;92.78;80.099;12.681
5436655;24017;2018;T;;94.37;78.823;15.547
5436651;24017;2018;T;;99.6;75.993;23.607
5436658;24017;2018;T;;96.78;76.894;19.886
5436634;24070;2018;T;;72.7;87.087;14.387
5436632;24070;2018;T;;68.54;88.568;20.028
5436639;24070;2018;T;;75.63;85.291;9.661
5436633;24070;2018;T;;66.09;86.154;20.064
5436904;24070;2018;T;;78.47;84.636;6.166
5436907;24070;2018;T;;65.19;85.3;20.11
5436908;24070;2018;T;;68.19;84.406;16.216
5436909;24070;2018;T;;76.38;84.636;8.256
5436952;24070;2018;T;;66.23;85.802;19.572
5436951;24070;2018;T;;72.51;84.777;12.267
5436957;24070;2018;T;;71.8;85.942;14.142
5436958;24070;2018;T;;68.28;84.777;16.497
5436956;24070;2018;T;;63.53;85.942;22.412
5436953;24070;2018;T;;58.04;85.942;27.902
5436940;24070;2018;T;;66.86;84.777;17.917
5436945;24070;2018;T;;69.21;86.185;16.975
5436944;24070;2018;T;;66.93;84.777;17.847
5436941;24070;2018;T;;72.73;84.777;12.047
5436947;24070;2018;T;;69.32;86.185;16.865
5436948;24070;2018;T;;77.68;84.777;7.097
5436946;24070;2018;T;;77.11;86.01;8.9
5436949;24070;2018;T;;74.61;84.475;9.865
5436943;24070;2018;T;;73.36;85.97;12.61
5436920;24070;2018;T;;65.26;84.609;19.349
5436922;24070;2018;T;;79.35;85.97;6.62
5436927;24070;2018;T;;76.8;85.97;9.17
5436928;24070;2018;T;;72.3;84.609;12.309
5436926;24070;2018;T;;75.54;85.97;10.43
5436923;24070;2018;T;;74.03;85.97;11.94
5436910;24070;2018;T;;76.23;84.609;8.379
5436915;24070;2018;T;;62.83;86.016;23.186
5436914;24070;2018;T;;65.18;84.917;19.737
5436912;24070;2018;T;;44.39;86.092;41.702
5436911;24070;2018;T;;72.18;85.874;13.694
5436917;24070;2018;T;;69.88;87.45;17.57
5436918;24070;2018;T;;70.66;85.992;15.332
5436970;24070;2018;T;;82.23;84.855;2.625
5436976;24070;2018;T;;62.25;84.541;22.291
5436979;24070;2018;T;;66.62;81.343;14.723
5436973;24070;2018;T;;69.03;83.307;14.277
5436980;24070;2018;T;;71.86;81.343;9.483
5436984;24070;2018;T;;61.59;81.343;19.753
5436384;24074;2018;O;NORD-PAS-DE-CALAIS;70.41;90.719;20.309
5436382;24074;2018;O;NORD-PAS-DE-CALAIS;68.74;89.745;21.005
5436387;24074;2018;O;NORD-PAS-DE-CALAIS;77.57;90.479;12.909
5436389;24074;2018;O;NORD-PAS-DE-CALAIS;74.41;90.479;16.069
5436383;24074;2018;O;NORD-PAS-DE-CALAIS;78.07;90.479;12.409
5436364;24074;2018;O;NORD-PAS-DE-CALAIS;64.91;90.47;25.56
5436367;24074;2018;O;NORD-PAS-DE-CALAIS;75.24;90.453;15.213
5436368;24074;2018;O;NORD-PAS-DE-CALAIS;66.24;90.453;24.213
5436366;24074;2018;O;NORD-PAS-DE-CALAIS;68.91;90.335;21.425
5436369;24074;2018;O;NORD-PAS-DE-CALAIS;71.57;89.934;18.364
5436363;24074;2018;O;NORD-PAS-DE-CALAIS;62.07;89.934;27.864
5436390;24074;2018;O;NORD-PAS-DE-CALAIS;72.24;89.934;17.694
5436395;24074;2018;O;NORD-PAS-DE-CALAIS;75.74;89.461;13.721
5436391;24074;2018;O;NORD-PAS-DE-CALAIS;76.91;89.144;12.234
5436397;24074;2018;O;NORD-PAS-DE-CALAIS;81.07;88.494;7.424
5436393;24074;2018;O;NORD-PAS-DE-CALAIS;65.74;90.021;24.281
5436335;24074;2018;O;NORD-PAS-DE-CALAIS;77.24;90.376;13.136
5436334;24074;2018;O;NORD-PAS-DE-CALAIS;62.24;90.376;28.136
5436337;24074;2018;O;NORD-PAS-DE-CALAIS;72.07;87.51;15.44
5436338;24074;2018;O;NORD-PAS-DE-CALAIS;82.24;88.37;6.13
5436336;24074;2018;O;NORD-PAS-DE-CALAIS;60.91;86.911;26.001
5436333;24074;2018;O;NORD-PAS-DE-CALAIS;90.24;87.025;3.215
5439000;24074;2018;O;NORD-PAS-DE-CALAIS;80.41;87.252;6.842
5439005;24074;2018;O;NORD-PAS-DE-CALAIS;71.07;87.569;16.499
5439002;24074;2018;O;NORD-PAS-DE-CALAIS;68.24;87.694;19.454
5439007;24074;2018;O;NORD-PAS-DE-CALAIS;55.24;87.899;32.659
5439008;24074;2018;O;NORD-PAS-DE-CALAIS;82.41;89.049;6.639
5439006;24074;2018;O;NORD-PAS-DE-CALAIS;81.74;90.966;9.226
5439003;24074;2018;O;NORD-PAS-DE-CALAIS;90.41;87.562;2.848
5439050;24074;2018;O;NORD-PAS-DE-CALAIS;69.91;90.47;20.56
5439309;24545;2018;A;;113.24;78.218;35.022
5439352;24545;2018;A;;101.09;85.232;15.858
5439351;24545;2018;A;;116.59;82.14;34.45
5439357;24545;2018;A;;110.86;83.063;27.797
5439358;24545;2018;A;;112.02;91.46;20.56
5439359;24545;2018;A;;111.88;82.427;29.453
5439340;24545;2018;A;;108.99;79.468;29.522
5439345;24545;2018;A;;107.06;82.223;24.837
5439348;24545;2018;A;;102.71;78.465;24.245
5439346;24545;2018;A;;111.0;81.843;29.157
5439343;24545;2018;A;;107.69;80.291;27.399
5439327;24545;2018;A;;110.88;80.139;30.741
5439326;24545;2018;A;;103.92;86.922;16.998
5439329;24545;2018;A;;113.8;80.139;33.661
5439323;24545;2018;A;;111.26;79.965;31.295
5439315;24545;2018;A;;108.56;80.139;28.421
5439314;24545;2018;A;;104.78;79.965;24.815
5439312;24545;2018;A;;110.72;86.922;23.798
5439317;24545;2018;A;;102.99;80.518;22.472
5439319;24545;2018;A;;115.56;80.602;34.958
5439313;24545;2018;A;;112.91;87.105;25.805
5439370;24545;2018;A;;117.98;81.078;36.902
5439371;24545;2018;A;;104.31;80.884;23.426
5439377;24545;2018;A;;109.49;86.962;22.528
5439376;24545;2018;A;;99.03;80.884;18.146
5439379;24545;2018;A;;100.7;86.962;13.738
5439384;24545;2018;A;;110.37;80.393;29.977
5439382;24545;2018;A;;103.65;80.034;23.616
5439381;24545;2018;A;;102.48;87.108;15.372
5439387;24545;2018;A;;108.48;80.393;28.087
5439388;24545;2018;A;;111.12;80.034;31.086
5439386;24545;2018;A;;104.08;85.224;18.856
5439383;24545;2018;A;;112.65;80.034;32.616
5439360;24545;2018;A;;99.88;85.224;14.656
5439365;24545;2018;A;;100.89;80.393;20.497
5439364;24545;2018;A;;106.28;80.034;26.246
5439362;24545;2018;A;;101.0;85.224;15.776
5439361;24545;2018;A;;110.75;80.795;29.955
5439368;24545;2018;A;;105.85;85.769;20.081
5439366;24545;2018;A;;113.16;80.69;32.47
5439369;24545;2018;A;;115.56;80.81;34.75
5439390;24545;2018;A;;110.18;78.102;32.078
5439395;24545;2018;A;;114.95;77.129;37.821
5439391;24545;2018;A;;104.51;79.924;24.586
5439397;24545;2018;A;;107.48;82.556;24.924
5439398;24545;2018;A;;105.98;81.041;24.939
5439396;24545;2018;A;;99.99;80.633;19.357
5439399;24545;2018;A;;94.89;86.556;8.334
5439393;24545;2018;A;;101.46;75.735;25.725
5439335;24545;2018;A;;105.65;83.844;21.806
5439334;24545;2018;A;;115.2;80.795;34.405
5439331;24545;2018;A;;111.88;85.769;26.111
5439337;24545;2018;A;;107.35;77.268;30.082
5439338;24545;2018;A;;103.24;76.696;26.544
5439336;24545;2018;A;;102.74;81.768;20.972
5433049;24544;2018;A;;77.95;78.218;0.268
5433024;24544;2018;A;;80.14;82.14;2.0
5433022;24544;2018;A;;77.86;83.063;5.203
5433021;24544;2018;A;;74.72;81.503;6.783
5433026;24544;2018;A;;76.24;82.223;5.983
5433029;24544;2018;A;;76.91;78.943;2.033
5433010;24544;2018;A;;78.72;78.465;0.255
5433017;24544;2018;A;;65.38;79.593;14.213
5433018;24544;2018;A;;74.05;80.139;6.089
5433013;24544;2018;A;;70.24;79.965;9.725
5433075;24544;2018;A;;76.24;79.965;3.725
5433074;24544;2018;A;;75.95;80.877;4.927
5433078;24544;2018;A;;71.48;81.078;9.598
5433080;24544;2018;A;;63.57;81.242;17.672
5433084;24544;2018;A;;79.29;80.447;1.157
5433082;24544;2018;A;;80.14;79.538;0.602
5433088;24544;2018;A;;76.24;80.393;4.153
5433083;24544;2018;A;;69.67;80.034;10.364
5433060;24544;2018;A;;72.14;80.393;8.253
5433065;24544;2018;A;;77.67;80.034;2.364
5433064;24544;2018;A;;74.81;80.795;5.985
5433062;24544;2018;A;;80.34;80.915;0.575
5433061;24544;2018;A;;80.05;80.69;0.64
5433067;24544;2018;A;;84.43;80.81;3.62
5433066;24544;2018;A;;73.38;77.129;3.749
5433063;24544;2018;A;;74.43;79.924;5.494
5433090;24544;2018;A;;74.14;81.041;6.901
5433094;24544;2018;A;;71.86;75.735;3.875
5433097;24544;2018;A;;67.95;80.915;12.965
5433099;24542;2018;A;;95.67;78.218;17.452
5433035;24542;2018;A;;94.14;80.168;13.972
5433034;24542;2018;A;;94.05;79.25;14.8
5433032;24542;2018;A;;96.43;85.232;11.198
5433037;24542;2018;A;;94.43;83.063;11.367
5433038;24542;2018;A;;94.34;91.46;2.88
5433036;24542;2018;A;;79.86;81.503;1.643
5433039;24542;2018;A;;86.53;82.427;4.103
5433033;24542;2018;A;;82.53;90.786;8.256
5433500;24542;2018;A;;92.91;79.468;13.442
5433505;24542;2018;A;;89.57;82.223;7.347
5433502;24542;2018;A;;86.43;78.943;7.487
5433501;24542;2018;A;;92.62;81.698;10.922
5433508;24542;2018;A;;90.43;78.465;11.965
5433552;24542;2018;A;;93.67;79.593;14.077
5433540;24542;2018;A;;90.14;86.922;3.218
5433545;24542;2018;A;;93.29;80.139;13.151
5433544;24542;2018;A;;96.62;79.965;16.655
5433542;24542;2018;A;;93.86;86.922;6.938
5433546;24542;2018;A;;91.29;80.961;10.329
5433520;24542;2018;A;;94.24;81.078;13.162
5433525;24542;2018;A;;93.38;80.72;12.66
5433524;24542;2018;A;;90.91;86.962;3.948
5433528;24542;2018;A;;84.53;81.242;3.288
5433510;24542;2018;A;;93.1;79.538;13.562
5433515;24542;2018;A;;87.0;86.611;0.389
5433511;24542;2018;A;;95.0;87.108;7.892
5433517;24542;2018;A;;97.38;80.393;16.987
5433518;24542;2018;A;;94.81;80.034;14.776
5433519;24542;2018;A;;85.38;80.393;4.987
5433577;24542;2018;A;;95.86;80.915;14.945
5433578;24542;2018;A;;92.34;85.769;6.571
5433579;24542;2018;A;;93.95;80.81;13.14
5433580;24542;2018;A;;96.34;78.102;18.238
5433585;24542;2018;A;;93.57;77.129;16.441
5433584;24542;2018;A;;93.57;82.404;11.166
5433582;24542;2018;A;;97.0;79.438;17.562
5433581;24542;2018;A;;93.67;79.924;13.746
5433587;24542;2018;A;;94.34;82.556;11.784
5433586;24542;2018;A;;84.81;80.633;4.177
5433560;24542;2018;A;;90.62;75.678;14.942
5433565;24542;2018;A;;81.0;83.844;2.844
5433562;24542;2018;A;;93.19;80.915;12.275
5433567;24542;2018;A;;91.67;77.268;14.402
5433129;24528;2018;A;;82.34;80.168;2.172
5433110;24528;2018;A;;77.95;81.503;3.553
5433114;24528;2018;A;;67.48;78.943;11.463
5433111;24528;2018;A;;79.19;80.291;1.101
5433116;24528;2018;A;;79.86;80.139;0.279
5433119;24528;2018;A;;62.34;80.139;17.799
5433113;24528;2018;A;;78.34;80.877;2.537
5433170;24528;2018;A;;72.43;80.961;8.531
5433172;24528;2018;A;;83.0;81.242;1.758
5433171;24528;2018;A;;77.1;80.447;3.347
5433178;24528;2018;A;;73.29;80.393;7.103
5433173;24528;2018;A;;81.48;80.795;0.685
5433185;24528;2018;A;;76.43;80.69;4.26
5433184;24528;2018;A;;79.76;78.102;1.658
5433182;24528;2018;A;;76.72;78.218;1.498
5433136;24529;2018;A;;85.19;81.503;3.687
5433705;24529;2018;A;;74.14;80.291;6.151
5433704;24529;2018;A;;68.81;78.95;10.14
5433702;24529;2018;A;;83.86;80.139;3.721
5433706;24529;2018;A;;81.19;80.961;0.229
5433709;24529;2018;A;;79.29;81.078;1.788
5433703;24529;2018;A;;78.53;81.242;2.712
5433750;24529;2018;A;;85.0;81.242;3.758
5433759;24529;2018;A;;69.0;80.69;11.69
5433753;24529;2018;A;;76.53;78.102;1.572
5433740;24529;2018;A;;67.48;77.268;9.788
5433745;24529;2018;A;;72.91;79.438;6.528
5433744;24529;2018;A;;81.1;81.041;0.059
5433742;24529;2018;A;;79.95;75.735;4.215
5433771;24510;2018;A;;85.86;78.218;7.642
5433776;24510;2018;A;;81.48;81.503;0.023
5433773;24510;2018;A;;89.0;78.943;10.057
5433780;24510;2018;A;;71.29;78.465;7.175
5433785;24510;2018;A;;88.34;80.291;8.049
5433784;24510;2018;A;;71.76;78.95;7.19
5433781;24510;2018;A;;73.29;80.139;6.849
5433787;24510;2018;A;;67.95;80.139;12.189
5433788;24510;2018;A;;84.34;80.877;3.463
5433786;24510;2018;A;;83.0;80.961;2.039
5433789;24510;2018;A;;80.62;81.078;0.458
5433765;24510;2018;A;;83.38;80.447;2.933
5433764;24510;2018;A;;76.43;80.393;3.963
5433762;24510;2018;A;;85.1;80.393;4.707
5433766;24510;2018;A;;81.67;80.795;0.875
5433763;24510;2018;A;;87.1;78.102;8.998
5433796;24515;2018;A;;75.48;81.503;6.023
5433730;24515;2018;A;;93.0;78.465;14.535
5433735;24515;2018;A;;80.05;80.291;0.241
5433732;24515;2018;A;;84.05;80.139;3.911
5433738;24515;2018;A;;81.86;80.877;0.983
5433736;24515;2018;A;;76.05;80.961;4.911
5433739;24515;2018;A;;73.57;81.078;7.508
5433733;24515;2018;A;;81.29;81.242;0.048
5433800;24515;2018;A;;86.81;81.242;5.568
5433805;24515;2018;A;;71.38;80.447;9.067
5433801;24515;2018;A;;79.57;80.393;0.823
5433806;24515;2018;A;;76.14;80.795;4.655
5433809;24515;2018;A;;64.34;80.69;16.35
5433803;24515;2018;A;;55.48;78.102;22.622
5433855;24515;2018;A;;82.24;79.438;2.802
5433854;24515;2018;A;;77.19;81.041;3.851
5433852;24515;2018;A;;82.34;75.735;6.605
5200569;24587;2018;O;MIDI-PYRÉNÉES;49.45;54.141;4.691
5200590;24587;2018;O;MIDI-PYRÉNÉES;33.87;53.511;19.641
5200592;24587;2018;O;MIDI-PYRÉNÉES;54.64;51.409;3.231
5200598;24587;2018;O;MIDI-PYRÉNÉES;55.41;53.894;1.516
5200596;24587;2018;O;MIDI-PYRÉNÉES;53.97;51.282;2.688
5200535;24587;2018;O;MIDI-PYRÉNÉES;49.45;51.311;1.861
5200534;24587;2018;O;MIDI-PYRÉNÉES;51.57;53.258;1.688
5200531;24587;2018;O;MIDI-PYRÉNÉES;55.61;53.511;2.099
5200537;24587;2018;O;MIDI-PYRÉNÉES;45.32;50.909;5.589
5200538;24587;2018;O;MIDI-PYRÉNÉES;49.36;53.511;4.151
5200533;24587;2018;O;MIDI-PYRÉNÉES;45.12;50.909;5.789
5200400;24587;2018;O;MIDI-PYRÉNÉES;52.53;53.804;1.274
5200405;24587;2018;O;MIDI-PYRÉNÉES;59.16;51.202;7.958
5200404;24587;2018;O;MIDI-PYRÉNÉES;71.47;53.804;17.666
5200402;24587;2018;O;MIDI-PYRÉNÉES;55.89;51.202;4.688
5200401;24587;2018;O;MIDI-PYRÉNÉES;48.3;54.913;6.613
5200406;24587;2018;O;MIDI-PYRÉNÉES;51.76;50.779;0.981
5200403;24587;2018;O;MIDI-PYRÉNÉES;57.72;50.779;6.941
5200454;24587;2018;O;MIDI-PYRÉNÉES;43.3;55.543;12.243
5200440;24587;2018;O;MIDI-PYRÉNÉES;45.32;54.248;8.928
5200445;24587;2018;O;MIDI-PYRÉNÉES;55.8;50.969;4.831
5200444;24587;2018;O;MIDI-PYRÉNÉES;53.78;54.248;0.468
5200442;24587;2018;O;MIDI-PYRÉNÉES;67.72;50.969;16.751
5200441;24587;2018;O;MIDI-PYRÉNÉES;45.7;54.248;8.548
5200447;24587;2018;O;MIDI-PYRÉNÉES;51.86;50.969;0.891
5200248;24589;2018;O;;53.78;77.083;23.303
5200246;24589;2018;O;;50.8;75.488;24.688
5200243;24589;2018;O;;47.62;75.184;27.564
5200220;24589;2018;O;;42.82;77.049;34.229
5200225;24589;2018;O;;49.45;75.027;25.577
5200224;24589;2018;O;;42.14;77.272;35.132
5200222;24589;2018;O;;49.07;75.249;26.179
5200221;24589;2018;O;;46.47;77.165;30.695
5200227;24589;2018;O;;54.26;75.143;20.883
5200228;24589;2018;O;;36.47;77.165;40.695
5200229;24589;2018;O;;40.22;79.959;39.739
5200223;24589;2018;O;;39.16;75.143;35.983
5200210;24589;2018;O;;45.41;79.959;34.549
5200214;24589;2018;O;;48.01;80.047;32.037
5200211;24589;2018;O;;41.86;76.966;35.106
5200217;24589;2018;O;;34.74;75.23;40.49
5200218;24589;2018;O;;51.09;76.966;25.876
5200216;24589;2018;O;;46.37;75.371;29.001
5200219;24589;2018;O;;49.07;76.966;27.896
5200272;24589;2018;O;;27.34;75.488;48.148
5200271;24589;2018;O;;47.62;77.083;29.463
5200278;24589;2018;O;;38.49;76.965;38.475
5200276;24589;2018;O;;33.59;75.37;41.78
5200280;24589;2018;O;;49.26;76.564;27.304
5200282;24589;2018;O;;55.22;72.685;17.465
5200281;24589;2018;O;;45.61;76.564;30.954
5200288;24589;2018;O;;53.39;76.564;23.174
5200289;24589;2018;O;;50.12;77.165;27.045
5200880;24566;2018;O;MIDI-PYRÉNÉES;41.37;55.543;14.173
5200885;24566;2018;O;MIDI-PYRÉNÉES;39.07;51.409;12.339
5200884;24566;2018;O;MIDI-PYRÉNÉES;67.62;55.543;12.077
5200882;24566;2018;O;MIDI-PYRÉNÉES;60.7;51.409;9.291
5200881;24566;2018;O;MIDI-PYRÉNÉES;65.32;55.543;9.777
5200887;24566;2018;O;MIDI-PYRÉNÉES;61.57;51.409;10.161
5200888;24566;2018;O;MIDI-PYRÉNÉES;68.3;54.141;14.159
5200886;24566;2018;O;MIDI-PYRÉNÉES;71.18;51.529;19.651
5200889;24566;2018;O;MIDI-PYRÉNÉES;46.86;53.894;7.034
5200883;24566;2018;O;MIDI-PYRÉNÉES;47.53;51.282;3.752
5200860;24566;2018;O;MIDI-PYRÉNÉES;51.76;52.92;1.16
5200865;24566;2018;O;MIDI-PYRÉNÉES;41.66;50.318;8.658
5200862;24566;2018;O;MIDI-PYRÉNÉES;57.82;51.311;6.509
5200866;24566;2018;O;MIDI-PYRÉNÉES;61.28;50.909;10.371
5200895;24566;2018;O;MIDI-PYRÉNÉES;49.36;50.909;1.549
5200894;24566;2018;O;MIDI-PYRÉNÉES;54.74;53.511;1.229
5200892;24566;2018;O;MIDI-PYRÉNÉES;59.16;50.909;8.251
5200897;24566;2018;O;MIDI-PYRÉNÉES;63.2;51.202;11.998
5200898;24566;2018;O;MIDI-PYRÉNÉES;43.39;53.804;10.414
5200899;24566;2018;O;MIDI-PYRÉNÉES;58.39;54.913;3.477
5200830;24566;2018;O;MIDI-PYRÉNÉES;54.26;54.913;0.653
5200646;24563;2018;O;MIDI-PYRÉNÉES;82.34;50.779;31.561
5200625;24563;2018;O;MIDI-PYRÉNÉES;60.89;51.409;9.481
5200624;24563;2018;O;MIDI-PYRÉNÉES;82.05;55.543;26.507
5200622;24563;2018;O;MIDI-PYRÉNÉES;72.24;51.409;20.831
5200627;24563;2018;O;MIDI-PYRÉNÉES;46.57;51.529;4.959
5200626;24563;2018;O;MIDI-PYRÉNÉES;70.51;51.282;19.228
5200615;24563;2018;O;MIDI-PYRÉNÉES;54.84;51.311;3.529
5200614;24563;2018;O;MIDI-PYRÉNÉES;57.14;53.258;3.882
5200612;24563;2018;O;MIDI-PYRÉNÉES;61.86;50.656;11.204
5200617;24563;2018;O;MIDI-PYRÉNÉES;46.37;50.909;4.539
5200616;24563;2018;O;MIDI-PYRÉNÉES;63.49;50.909;12.581
5200670;24563;2018;O;MIDI-PYRÉNÉES;53.39;53.804;0.414
5200672;24563;2018;O;MIDI-PYRÉNÉES;62.34;50.909;11.431
5200671;24563;2018;O;MIDI-PYRÉNÉES;50.61;53.804;3.194
5200679;24563;2018;O;MIDI-PYRÉNÉES;65.8;54.913;10.887
5125614;24597;2018;O;MIDI-PYRÉNÉES;73.2;54.141;19.059
5125612;24597;2018;O;MIDI-PYRÉNÉES;63.97;51.529;12.441
5125611;24597;2018;O;MIDI-PYRÉNÉES;58.2;53.894;4.306
5125617;24597;2018;O;MIDI-PYRÉNÉES;51.57;51.282;0.288
5125616;24597;2018;O;MIDI-PYRÉNÉES;60.8;50.318;10.482
5125619;24597;2018;O;MIDI-PYRÉNÉES;70.61;53.913;16.697
5125613;24597;2018;O;MIDI-PYRÉNÉES;62.24;51.311;10.929
5125674;24597;2018;O;MIDI-PYRÉNÉES;52.72;53.511;0.791
5125672;24597;2018;O;MIDI-PYRÉNÉES;58.59;50.909;7.681
5125677;24597;2018;O;MIDI-PYRÉNÉES;58.49;50.909;7.581
5125679;24597;2018;O;MIDI-PYRÉNÉES;70.03;53.511;16.519
5125680;24597;2018;O;MIDI-PYRÉNÉES;62.14;53.804;8.336
5125682;24597;2018;O;MIDI-PYRÉNÉES;70.7;51.202;19.498
5125681;24597;2018;O;MIDI-PYRÉNÉES;73.59;54.913;18.677
5125686;24597;2018;O;MIDI-PYRÉNÉES;64.93;50.779;14.151
5125683;24597;2018;O;MIDI-PYRÉNÉES;52.14;50.779;1.361
5125665;24597;2018;O;MIDI-PYRÉNÉES;65.7;51.409;14.291
5125664;24597;2018;O;MIDI-PYRÉNÉES;64.07;55.543;8.527
5125662;24597;2018;O;MIDI-PYRÉNÉES;68.01;51.409;16.601
5125661;24597;2018;O;MIDI-PYRÉNÉES;50.99;55.543;4.553
5125668;24597;2018;O;MIDI-PYRÉNÉES;65.03;55.609;9.421
5125666;24597;2018;O;MIDI-PYRÉNÉES;61.95;51.009;10.941
5125669;24597;2018;O;MIDI-PYRÉNÉES;61.76;55.569;6.191
5125663;24597;2018;O;MIDI-PYRÉNÉES;62.34;50.969;11.371
5125690;24597;2018;O;MIDI-PYRÉNÉES;66.37;54.248;12.122
5125694;24597;2018;O;MIDI-PYRÉNÉES;76.57;54.248;22.322
5125691;24597;2018;O;MIDI-PYRÉNÉES;54.36;54.248;0.112
5125698;24597;2018;O;MIDI-PYRÉNÉES;48.11;55.569;7.459
5125696;24597;2018;O;MIDI-PYRÉNÉES;48.11;50.969;2.859
5125814;24598;2018;O;MIDI-PYRÉNÉES;56.09;54.141;1.949
5125811;24598;2018;O;MIDI-PYRÉNÉES;68.3;53.894;14.406
5125817;24598;2018;O;MIDI-PYRÉNÉES;86.09;51.282;34.808
5125818;24598;2018;O;MIDI-PYRÉNÉES;74.84;52.92;21.92
5125816;24598;2018;O;MIDI-PYRÉNÉES;79.36;50.318;29.042
5125819;24598;2018;O;MIDI-PYRÉNÉES;43.78;53.913;10.133
5125877;24598;2018;O;MIDI-PYRÉNÉES;76.37;50.909;25.461
5125876;24598;2018;O;MIDI-PYRÉNÉES;66.76;50.909;15.851
5125873;24598;2018;O;MIDI-PYRÉNÉES;81.37;50.909;30.461
5125880;24598;2018;O;MIDI-PYRÉNÉES;66.66;53.804;12.856
5125888;24598;2018;O;MIDI-PYRÉNÉES;71.95;54.913;17.037
5125886;24598;2018;O;MIDI-PYRÉNÉES;76.57;50.779;25.791
5125889;24598;2018;O;MIDI-PYRÉNÉES;83.39;54.913;28.477
5125883;24598;2018;O;MIDI-PYRÉNÉES;80.12;50.779;29.341
5125860;24598;2018;O;MIDI-PYRÉNÉES;68.59;55.543;13.047
5125863;24598;2018;O;MIDI-PYRÉNÉES;65.61;50.969;14.641
5125895;24598;2018;O;MIDI-PYRÉNÉES;63.97;50.969;13.001
5125892;24598;2018;O;MIDI-PYRÉNÉES;91.09;50.969;40.121
5125891;24598;2018;O;MIDI-PYRÉNÉES;78.49;54.248;24.242
5125835;24598;2018;O;MIDI-PYRÉNÉES;74.26;51.099;23.161
5125834;24596;2018;O;;71.28;77.453;6.173
5125831;24596;2018;O;;89.45;77.206;12.244
5125837;24596;2018;O;;79.07;75.184;3.886
5125838;24596;2018;O;;87.62;77.049;10.571
5125836;24596;2018;O;;74.26;75.027;0.767
5125833;24596;2018;O;;68.39;75.249;6.859
5125600;24596;2018;O;;80.22;77.165;3.055
5125605;24596;2018;O;;70.32;75.143;4.823
5125601;24596;2018;O;;82.14;77.165;4.975
5125608;24596;2018;O;;80.12;79.959;0.161
5125606;24596;2018;O;;79.36;75.143;4.217
5125603;24596;2018;O;;70.61;75.143;4.533
5125650;24596;2018;O;;93.39;80.047;13.343
5125655;24596;2018;O;;88.78;75.23;13.55
5125654;24596;2018;O;;87.43;76.966;10.464
5125651;24596;2018;O;;70.22;76.966;6.746
5125640;24596;2018;O;;83.78;77.083;6.697
5125644;24596;2018;O;;74.45;77.083;2.633
5125647;24596;2018;O;;97.62;75.488;22.132
5125648;24596;2018;O;;80.22;76.965;3.255
5125649;24596;2018;O;;75.61;76.564;0.954
5125643;24596;2018;O;;76.37;75.33;1.04
5125620;24596;2018;O;;71.47;76.564;5.094
5125622;24596;2018;O;;91.47;72.685;18.785
5125621;24596;2018;O;;78.97;76.564;2.406
5125627;24596;2018;O;;76.86;71.102;5.758
5125626;24596;2018;O;;89.16;71.102;18.058
5125629;24596;2018;O;;61.86;76.652;14.792
5433941;24599;2018;A;;37.34;78.218;40.878
5433948;24599;2018;A;;31.76;79.922;48.162
5433949;24599;2018;A;;50.03;79.25;29.22
5433925;24599;2018;A;;40.22;83.063;42.843
5433924;24599;2018;A;;36.66;91.46;54.8
5433921;24599;2018;A;;38.49;82.427;43.937
5433927;24599;2018;A;;34.74;90.786;56.046
5433926;24599;2018;A;;46.47;82.223;35.753
5433929;24599;2018;A;;39.84;90.117;50.277
5433910;24599;2018;A;;43.3;81.698;38.398
5433915;24599;2018;A;;34.07;88.771;54.701
5433914;24599;2018;A;;38.78;78.465;39.685
5433917;24599;2018;A;;32.34;80.291;47.951
5433916;24599;2018;A;;41.86;88.993;47.133
5433919;24599;2018;A;;48.39;78.95;30.56
5433913;24599;2018;A;;43.11;79.593;36.483
5433970;24599;2018;A;;48.68;88.841;40.161
5433975;24599;2018;A;;45.41;80.139;34.729
5433974;24599;2018;A;;45.61;79.965;34.355
5433972;24599;2018;A;;42.91;86.922;44.012
5433978;24599;2018;A;;38.97;86.922;47.952
5433976;24599;2018;A;;38.2;80.139;41.939
5433979;24599;2018;A;;43.3;79.965;36.665
5433973;24599;2018;A;;47.14;86.922;39.782
5433981;24599;2018;A;;39.07;80.602;41.532
5433988;24599;2018;A;;44.45;81.078;36.628
5433989;24599;2018;A;;39.55;86.962;47.412
5433960;24599;2018;A;;46.28;80.884;34.604
5433964;24599;2018;A;;36.57;80.447;43.877
5433967;24599;2018;A;;35.32;80.393;45.073
5433969;24599;2018;A;;36.47;80.393;43.923
5433963;24599;2018;A;;38.59;80.034;41.444
5433990;24599;2018;A;;36.09;85.224;49.134
5433330;24530;2018;A;;32.34;78.218;45.878
5433335;24530;2018;A;;40.7;73.855;33.155
5433332;24530;2018;A;;23.2;79.25;56.05
5433331;24530;2018;A;;29.45;82.14;52.69
5433338;24530;2018;A;;38.87;81.503;42.633
5433336;24530;2018;A;;39.16;82.427;43.267
5433339;24530;2018;A;;34.36;79.468;45.108
5433333;24530;2018;A;;34.16;82.223;48.063
5200004;24530;2018;A;;34.45;78.465;44.015
5200006;24530;2018;A;;38.3;79.593;41.293
5200009;24530;2018;A;;43.97;80.139;36.169
5200003;24530;2018;A;;47.05;79.965;32.915
5200055;24530;2018;A;;40.51;79.965;39.455
5200051;24530;2018;A;;45.7;80.877;35.177
5200056;24530;2018;A;;31.37;80.602;49.232
5200053;24530;2018;A;;35.99;80.72;44.73
5200040;24530;2018;A;;29.26;81.242;51.982
5200045;24530;2018;A;;30.12;80.884;50.764
5200041;24530;2018;A;;48.78;80.447;31.667
5200046;24530;2018;A;;36.18;80.034;43.854
5200043;24530;2018;A;;34.16;80.034;45.874
5200025;24530;2018;A;;30.32;80.034;49.714
5200027;24530;2018;A;;31.95;80.915;48.965
5200028;24530;2018;A;;26.37;80.69;54.32
5200026;24530;2018;A;;23.87;80.81;56.94
5200029;24530;2018;A;;18.97;78.102;59.132
5200014;24530;2018;A;;26.86;81.041;54.181
5200011;24530;2018;A;;40.12;75.735;35.615
5200017;24530;2018;A;;45.03;75.678;30.648
5200013;24530;2018;A;;33.49;76.696;43.206
5433347;24534;2018;A;;38.01;73.855;35.845
5433346;24534;2018;A;;38.01;80.168;42.158
5433324;24534;2018;A;;40.03;91.46;51.43
5433321;24534;2018;A;;39.74;82.427;42.687
5433327;24534;2018;A;;32.91;90.786;57.876
5433326;24534;2018;A;;42.43;82.223;39.793
5433315;24534;2018;A;;39.07;88.771;49.701
5433314;24534;2018;A;;44.16;78.465;34.305
5433312;24534;2018;A;;44.07;81.843;37.773
5433311;24534;2018;A;;47.72;88.916;41.196
5433317;24534;2018;A;;31.28;80.291;49.011
5433316;24534;2018;A;;34.07;88.993;54.923
5433370;24534;2018;A;;39.93;88.841;48.911
5433374;24534;2018;A;;41.66;79.965;38.305
5433372;24534;2018;A;;41.28;86.922;45.642
5433376;24532;2018;A;;55.32;78.218;22.898
5433379;24532;2018;A;;46.95;73.855;26.905
5433373;24532;2018;A;;59.07;79.922;20.852
5433384;24532;2018;A;;73.2;85.232;12.032
5433382;24532;2018;A;;74.07;82.14;8.07
5433387;24532;2018;A;;60.61;91.46;30.85
5433389;24532;2018;A;;57.72;90.786;33.066
5433360;24532;2018;A;;53.78;82.223;28.443
5433362;24532;2018;A;;70.51;81.698;11.188
5433368;24532;2018;A;;56.76;81.843;25.083
5433366;24532;2018;A;;60.8;88.916;28.116
5433369;24532;2018;A;;48.78;80.291;31.511
5433363;24532;2018;A;;63.39;81.733;18.343
5433395;24532;2018;A;;57.72;78.95;21.23
5433392;24532;2018;A;;63.49;88.841;25.351
5433391;24532;2018;A;;63.39;80.139;16.749
5433399;24532;2018;A;;54.26;79.965;25.705
5433393;24532;2018;A;;54.45;86.922;32.472
5205314;24539;2018;D;;77.16;69.842;7.318
5205312;24539;2018;D;;75.63;69.685;5.945
5205311;24539;2018;D;;68.34;70.252;1.912
5205317;24539;2018;D;;71.56;69.676;1.884
5205318;24539;2018;D;;65.63;69.283;3.653
5205316;24539;2018;D;;70.71;69.465;1.245
5205313;24539;2018;D;;78.0;69.463;8.537
5205375;24539;2018;D;;67.66;69.604;1.944
5205372;24539;2018;D;;69.53;69.604;0.074
5205371;24539;2018;D;;70.38;69.604;0.776
5205377;24539;2018;D;;70.55;69.722;0.828
5205376;24539;2018;D;;65.12;69.722;4.602
5205380;24539;2018;D;;65.29;69.564;4.274
5205385;24539;2018;D;;63.77;69.564;5.794
5205384;24539;2018;D;;63.93;69.564;5.634
5205381;24539;2018;D;;71.39;69.652;1.738
5205389;24539;2018;D;;76.99;70.535;6.455
5205360;24539;2018;D;;76.65;70.536;6.114
5205365;24539;2018;D;;80.04;69.846;10.194
5205362;24539;2018;D;;77.16;70.319;6.841
5205368;24539;2018;D;;74.44;70.184;4.256
5205366;24539;2018;D;;68.17;70.077;1.907
5205369;24539;2018;D;;74.61;67.679;6.931
5205395;24539;2018;D;;81.39;79.696;1.694
5205394;24539;2018;D;;68.17;78.607;10.437
5205392;24539;2018;D;;73.93;74.164;0.234
5205391;24539;2018;D;;76.48;74.049;2.431
5205397;24539;2018;D;;69.87;73.944;4.074
5205399;24539;2018;D;;62.58;76.365;13.785
5205493;24455;2018;A;;64.92;78.218;13.298
5205430;24455;2018;A;;75.8;73.855;1.945
5205435;24455;2018;A;;69.48;80.168;10.688
5205432;24455;2018;A;;72.5;82.14;9.64
5205431;24455;2018;A;;75.13;83.063;7.933
5205200;24455;2018;A;;75.87;81.698;5.828
5205204;24455;2018;A;;73.01;81.843;8.833
5205202;24455;2018;A;;71.6;80.291;8.691
5205201;24455;2018;A;;77.41;81.733;4.323
5205207;24455;2018;A;;72.93;78.95;6.02
5205208;24455;2018;A;;78.08;79.593;1.513
5205203;24455;2018;A;;78.87;80.139;1.269
5205785;24422;2018;D;;62.41;69.839;7.429
5205782;24422;2018;D;;43.62;69.842;26.222
5205788;24422;2018;D;;50.0;69.961;19.961
5205789;24422;2018;D;;35.34;70.528;35.188
5205783;24422;2018;D;;46.72;69.676;22.956
5205760;24422;2018;D;;48.79;69.952;21.162
5205762;24422;2018;D;;39.31;69.465;30.155
5205761;24422;2018;D;;31.55;69.704;38.154
5205768;24422;2018;D;;32.76;69.891;37.131
5205769;24422;2018;D;;44.14;69.739;25.599
5205790;24422;2018;D;;39.83;69.88;30.05
5205795;24422;2018;D;;41.9;69.604;27.704
5205791;24422;2018;D;;32.24;69.88;37.64
5205797;24422;2018;D;;44.83;69.604;24.774
5205798;24422;2018;D;;51.21;69.88;18.67
5205796;24422;2018;D;;46.03;69.604;23.574
5205734;24422;2018;D;;49.14;69.998;20.858
5205808;24422;2018;D;;51.21;69.84;18.63
5205806;24422;2018;D;;38.96;69.652;30.692
5205803;24422;2018;D;;48.1;71.506;23.406
5205850;24422;2018;D;;39.83;71.828;31.998
5205854;24422;2018;D;;43.1;70.285;27.185
5205852;24422;2018;D;;52.76;69.282;16.522
5205851;24422;2018;D;;49.83;70.997;21.167
5205857;24422;2018;D;;36.03;70.535;34.505
5205859;24422;2018;D;;52.76;73.755;20.995
5205853;24422;2018;D;;40.17;70.536;30.366
5205845;24422;2018;D;;47.76;69.846;22.086
5205842;24422;2018;D;;42.24;70.319;28.079
5205841;24422;2018;D;;43.45;73.601;30.151
5205847;24422;2018;D;;45.0;70.319;25.319
5205849;24422;2018;D;;58.79;73.601;14.811
5205820;24422;2018;D;;49.14;73.601;24.461
5205821;24422;2018;D;;54.65;74.626;19.976
5205335;24476;2018;D;;74.44;69.842;4.598
5205337;24476;2018;D;;78.68;69.283;9.397
5205338;24476;2018;D;;62.07;69.465;7.395
5205333;24476;2018;D;;67.83;69.604;1.774
5204005;24476;2018;D;;67.32;69.604;2.284
5204004;24476;2018;D;;59.36;69.604;10.244
5204007;24476;2018;D;;75.63;69.722;5.908
5204008;24476;2018;D;;65.8;69.722;3.922
5204006;24476;2018;D;;65.46;69.603;4.143
5204009;24476;2018;D;;78.85;69.564;9.286
5204050;24476;2018;D;;78.68;69.564;9.116
5204055;24476;2018;D;;75.46;69.564;5.896
5204051;24476;2018;D;;68.34;71.506;3.166
5204056;24476;2018;D;;71.56;70.535;1.025
5204040;24476;2018;D;;79.19;69.846;9.344
5204045;24476;2018;D;;87.32;70.319;17.001
5204042;24476;2018;D;;64.95;70.319;5.369
5204049;24476;2018;D;;65.12;70.116;4.996
5204020;24476;2018;D;;82.24;79.696;2.544
5204022;24476;2018;D;;83.26;74.049;9.211
5204027;24476;2018;D;;87.16;74.07;13.09
5204026;24476;2018;D;;66.99;76.365;9.375
5204029;24476;2018;D;;77.16;76.271;0.889
5259021;24485;2018;D;;65.63;69.839;4.209
5259027;24485;2018;D;;74.44;69.842;4.598
5259026;24485;2018;D;;72.58;70.252;2.328
5259010;24485;2018;D;;75.8;69.465;6.335
5259015;24485;2018;D;;73.93;69.615;4.315
5259014;24485;2018;D;;79.87;69.463;10.407
5259011;24485;2018;D;;79.87;69.604;10.266
5259016;24485;2018;D;;69.02;69.604;0.584
5259019;24485;2018;D;;75.46;69.722;5.738
5259013;24485;2018;D;;71.39;69.722;1.668
5259075;24485;2018;D;;65.12;69.603;4.483
5259074;24485;2018;D;;71.9;69.564;2.336
5259079;24485;2018;D;;73.09;71.506;1.584
5259073;24485;2018;D;;75.97;70.008;5.962
5259080;24485;2018;D;;72.41;69.282;3.128
5259084;24485;2018;D;;71.22;70.825;0.395
5259082;24485;2018;D;;67.83;70.536;2.706
5259081;24485;2018;D;;64.44;69.846;5.406
5259087;24485;2018;D;;69.19;70.319;1.129
5259086;24485;2018;D;;73.77;70.319;3.451
5259089;24485;2018;D;;76.65;70.184;6.466
5259083;24485;2018;D;;71.39;70.184;1.206
5259065;24485;2018;D;;74.1;67.679;6.421
5259064;24485;2018;D;;69.87;70.116;0.246
5259062;24485;2018;D;;68.51;72.928;4.418
5259061;24485;2018;D;;73.26;79.696;6.436
5259068;24485;2018;D;;79.36;74.164;5.196
5259090;24485;2018;D;;75.63;74.07;1.56
5259095;24485;2018;D;;64.1;76.365;12.265
5259092;24484;2018;D;;58.0;69.839;11.839
5259091;24484;2018;D;;70.04;69.842;0.198
5259098;24484;2018;D;;71.39;70.252;1.138
5259096;24484;2018;D;;62.07;69.676;7.606
5259099;24484;2018;D;;62.07;69.283;7.213
5259093;24484;2018;D;;64.1;69.465;5.365
5259030;24484;2018;D;;71.05;69.615;1.435
5259035;24484;2018;D;;73.09;69.463;3.627
5259034;24484;2018;D;;73.43;69.604;3.826
5259032;24484;2018;D;;73.26;69.604;3.656
5259037;24484;2018;D;;68.0;69.604;1.604
5259038;24484;2018;D;;66.48;69.604;3.124
5259039;24484;2018;D;;65.8;69.722;3.922
5259505;24484;2018;D;;66.82;69.564;2.744
5259501;24484;2018;D;;67.49;69.564;2.074
5259508;24484;2018;D;;78.51;69.652;8.858
5259506;24484;2018;D;;74.78;71.506;3.274
5259509;24484;2018;D;;78.17;70.008;8.162
5259554;24484;2018;D;;71.39;70.536;0.854
5259552;24484;2018;D;;68.34;69.846;1.506
5259557;24484;2018;D;;65.8;70.319;4.519
5259558;24484;2018;D;;74.61;70.319;4.291
5259559;24484;2018;D;;63.43;70.184;6.754
5259553;24484;2018;D;;72.24;70.077;2.163
5259547;24484;2018;D;;65.63;74.164;8.534
5259548;24484;2018;D;;84.61;74.049;10.561
5259546;24484;2018;D;;66.65;73.944;7.294
5259490;24488;2018;D;;75.29;69.842;5.448
5259495;24488;2018;D;;74.27;69.685;4.585
5259494;24488;2018;D;;77.49;70.252;7.238
5259492;24488;2018;D;;74.61;69.676;4.934
5259498;24488;2018;D;;81.05;69.615;11.435
5259434;24488;2018;D;;69.36;69.604;0.244
5259437;24488;2018;D;;65.12;69.722;4.602
5259439;24488;2018;D;;59.02;69.564;10.544
5259433;24488;2018;D;;68.34;69.564;1.224
5259200;24488;2018;D;;74.1;69.564;4.536
5259205;24488;2018;D;;70.38;69.564;0.816
5259204;24488;2018;D;;71.39;69.652;1.738
5259202;24488;2018;D;;75.46;71.506;3.954
5259201;24488;2018;D;;75.63;70.008;5.622
5259208;24488;2018;D;;62.24;70.535;8.295
5259206;24488;2018;D;;68.85;70.825;1.975
5259203;24488;2018;D;;63.43;69.846;6.416
5259250;24488;2018;D;;68.51;70.319;1.809
5259255;24488;2018;D;;72.75;70.319;2.431
5259254;24488;2018;D;;77.66;70.319;7.341
5259252;24488;2018;D;;69.02;70.184;1.164
5259253;24488;2018;D;;78.85;79.696;0.846
5259240;24488;2018;D;;73.93;78.607;4.677
5259245;24488;2018;D;;85.12;74.164;10.956
5259242;24488;2018;D;;76.65;73.944;2.706
5259248;24488;2018;D;;66.14;76.365;10.225
5259246;24488;2018;D;;69.7;76.271;6.571
5259842;24462;2018;D;;62.75;69.842;7.092
5259841;24462;2018;D;;65.12;69.685;4.565
5259847;24462;2018;D;;64.1;70.252;6.152
5259843;24462;2018;D;;71.05;69.615;1.435
5259825;24462;2018;D;;73.6;69.604;3.996
5259824;24462;2018;D;;63.77;69.604;5.834
5259822;24462;2018;D;;63.09;69.604;6.514
5259827;24462;2018;D;;65.29;69.604;4.314
5259828;24462;2018;D;;68.68;69.722;1.042
5259826;24462;2018;D;;65.29;69.722;4.432
5259829;24462;2018;D;;62.24;69.722;7.482
5259823;24462;2018;D;;71.05;69.603;1.447
5259810;24462;2018;D;;57.49;69.564;12.074
5259815;24462;2018;D;;62.92;69.564;6.644
5259814;24462;2018;D;;65.63;69.564;3.934
5259812;24462;2018;D;;62.07;69.564;7.494
5259811;24462;2018;D;;49.87;69.564;19.694
5259817;24462;2018;D;;64.1;69.652;5.552
5259816;24462;2018;D;;83.6;70.008;13.592
5259813;24462;2018;D;;68.85;70.535;1.685
5259874;24462;2018;D;;70.55;69.846;0.704
5259877;24462;2018;D;;65.12;70.319;5.199
5259878;24462;2018;D;;62.58;70.184;7.604
5259873;24462;2018;D;;62.58;67.679;5.099
5259880;24462;2018;D;;69.02;70.116;1.096
5259885;24462;2018;D;;63.6;72.928;9.328
5259884;24462;2018;D;;84.1;79.696;4.404
5259882;24462;2018;D;;63.09;78.607;15.517
5259881;24462;2018;D;;75.63;74.164;1.466
5259887;24462;2018;D;;80.21;74.049;6.161
5259888;24462;2018;D;;63.77;73.944;10.174
5259889;24462;2018;D;;72.58;74.07;1.49
5259860;24462;2018;D;;68.17;76.271;8.101
5259640;24467;2018;D;;61.22;69.839;8.619
5259644;24467;2018;D;;68.85;69.685;0.835
5259647;24467;2018;D;;63.6;69.283;5.683
5259646;24467;2018;D;;71.56;69.615;1.945
5259649;24467;2018;D;;65.8;69.463;3.663
5259620;24467;2018;D;;63.6;69.604;6.004
5259625;24467;2018;D;;62.41;69.604;7.194
5259624;24467;2018;D;;64.61;69.604;4.994
5259621;24467;2018;D;;59.7;69.722;10.022
5259628;24467;2018;D;;60.38;69.722;9.342
5259629;24467;2018;D;;59.36;69.564;10.204
5259615;24467;2018;D;;69.87;69.564;0.306
5259614;24467;2018;D;;51.22;69.564;18.344
5259616;24467;2018;D;;57.16;70.535;13.375
5259619;24467;2018;D;;62.07;70.825;8.755
5259670;24467;2018;D;;69.36;69.846;0.486
5259675;24467;2018;D;;73.77;70.319;3.451
5259674;24467;2018;D;;67.66;70.319;2.659
5259671;24467;2018;D;;43.77;70.184;26.414
5259676;24467;2018;D;;55.97;67.679;11.709
5259681;24467;2018;D;;75.97;73.944;2.026
5259687;24467;2018;D;;78.0;74.07;3.93
5259688;24467;2018;D;;72.07;74.07;2.0
5259686;24467;2018;D;;66.65;76.365;9.715
5259683;24468;2018;D;;63.6;69.839;6.239
5259665;24468;2018;D;;51.56;69.685;18.125
5259664;24468;2018;D;;58.85;70.252;11.402
5259662;24468;2018;D;;63.77;69.676;5.906
5259661;24468;2018;D;;56.65;69.283;12.633
5259667;24468;2018;D;;57.49;69.465;11.975
5259669;24468;2018;D;;58.85;69.604;10.754
5259663;24468;2018;D;;58.17;69.604;11.434
5259694;24468;2018;D;;65.12;69.604;4.484
5259698;24468;2018;D;;65.29;69.603;4.313
5259699;24468;2018;D;;70.04;69.564;0.476
5259630;24468;2018;D;;71.39;69.564;1.826
5259634;24468;2018;D;;79.53;69.652;9.878
5259637;24468;2018;D;;60.55;69.282;8.732
5259633;24468;2018;D;;59.53;69.846;10.316
5259900;24468;2018;D;;64.95;70.319;5.369
5259905;24468;2018;D;;65.29;70.319;5.029
5259904;24468;2018;D;;60.88;70.319;9.439
5259902;24468;2018;D;;67.83;70.184;2.354
5259901;24468;2018;D;;56.48;70.184;13.704
5259908;24468;2018;D;;59.02;67.679;8.659
5259906;24468;2018;D;;67.32;70.116;2.796
5259909;24468;2018;D;;67.32;72.928;5.608
5259903;24468;2018;D;;71.9;79.696;7.796
5259954;24468;2018;D;;72.07;74.049;1.979
5259952;24468;2018;D;;78.17;73.944;4.226
5259958;24468;2018;D;;71.05;76.365;5.315
5253099;24492;2018;D;;59.87;69.839;9.969
5253093;24492;2018;D;;57.32;69.842;12.522
5253035;24492;2018;D;;60.55;70.252;9.702
5253034;24492;2018;D;;69.53;69.676;0.146
5253032;24492;2018;D;;57.49;69.283;11.793
5253037;24492;2018;D;;64.61;69.615;5.005
5253033;24492;2018;D;;64.44;69.604;5.164
5253504;24492;2018;D;;58.68;69.722;11.042
5253501;24492;2018;D;;55.8;69.722;13.922
5253507;24492;2018;D;;60.88;69.603;8.723
5253503;24492;2018;D;;64.95;69.564;4.614
5253555;24492;2018;D;;64.61;69.652;5.042
5253554;24492;2018;D;;47.32;71.506;24.186
5253557;24492;2018;D;;45.8;70.535;24.735
5253558;24492;2018;D;;53.09;70.825;17.735
5253556;24492;2018;D;;50.21;70.536;20.326
5253553;24492;2018;D;;43.93;70.319;26.389
5253544;24492;2018;D;;49.7;70.184;20.484
5253541;24492;2018;D;;65.97;70.077;4.107
5253548;24492;2018;D;;55.46;70.116;14.656
5253549;24492;2018;D;;76.14;79.696;3.556
5253525;24492;2018;D;;62.07;74.049;11.979
5253524;24492;2018;D;;63.93;73.944;10.014
5253521;24492;2018;D;;75.8;74.07;1.73
5253527;24492;2018;D;;78.85;76.365;2.485
5256569;24432;2018;D;;67.16;69.839;2.679
5256563;24432;2018;D;;54.78;69.842;15.062
5256590;24432;2018;D;;52.41;69.685;17.275
5256592;24432;2018;D;;53.43;69.283;15.853
5256597;24432;2018;D;;72.58;69.615;2.965
5256598;24432;2018;D;;58.0;69.463;11.463
5256596;24432;2018;D;;55.8;69.604;13.804
5256599;24432;2018;D;;72.07;69.604;2.466
5256593;24432;2018;D;;58.68;69.604;10.924
5256535;24432;2018;D;;54.61;69.604;14.994
5256537;24432;2018;D;;65.63;69.603;3.973
5256536;24432;2018;D;;66.99;69.564;2.574
5256400;24432;2018;D;;56.31;69.564;13.254
5256405;24432;2018;D;;55.46;69.652;14.192
5256404;24432;2018;D;;53.43;71.506;18.076
5256402;24432;2018;D;;49.02;70.008;20.988
5256408;24432;2018;D;;57.16;70.825;13.665
5256406;24432;2018;D;;67.83;70.536;2.706
5256409;24432;2018;D;;75.29;69.846;5.444
5256403;24432;2018;D;;70.21;70.319;0.109
5256450;24432;2018;D;;64.1;70.319;6.219
5256454;24432;2018;D;;53.26;70.184;16.924
5256451;24432;2018;D;;56.82;70.077;13.257
5256458;24432;2018;D;;56.65;70.116;13.466
5256456;24432;2018;D;;63.43;72.928;9.498
5256445;24432;2018;D;;57.83;74.049;16.219
5256442;24432;2018;D;;65.12;74.07;8.95
5253294;24436;2018;D;;59.87;69.839;9.969
5253292;24436;2018;D;;57.83;69.842;12.012
5253293;24436;2018;D;;61.22;69.615;8.395
5253232;24436;2018;D;;53.93;69.604;15.674
5253231;24436;2018;D;;56.65;69.604;12.954
5253239;24436;2018;D;;56.31;69.722;13.412
5253233;24436;2018;D;;58.85;69.603;10.753
5253100;24436;2018;D;;65.12;69.564;4.444
5253105;24436;2018;D;;56.48;69.564;13.084
5253102;24436;2018;D;;60.38;69.564;9.184
5253101;24436;2018;D;;60.55;69.564;9.014
5253108;24436;2018;D;;50.88;71.506;20.626
5253150;24436;2018;D;;71.73;70.825;0.905
5253152;24436;2018;D;;50.71;70.319;19.609
5253151;24436;2018;D;;47.66;70.319;22.659
5253157;24436;2018;D;;57.49;70.319;12.829
5253156;24436;2018;D;;68.68;70.184;1.504
5253159;24436;2018;D;;56.82;70.077;13.257
5253153;24436;2018;D;;58.68;67.679;8.999
5253145;24436;2018;D;;52.07;72.928;20.858
5253147;24436;2018;D;;58.17;74.049;15.879
5253148;24436;2018;D;;67.66;73.944;6.284
5241203;24255;2018;D;;88.82;69.842;18.978
5241255;24255;2018;D;;89.41;70.252;19.158
5241254;24255;2018;D;;71.95;69.676;2.274
5241252;24255;2018;D;;84.92;69.283;15.637
5241251;24255;2018;D;;79.0;69.465;9.535
5241257;24255;2018;D;;73.32;69.615;3.705
5241258;24255;2018;D;;70.95;69.463;1.487
5241256;24255;2018;D;;77.94;69.604;8.336
5241259;24255;2018;D;;85.35;69.604;15.746
5241253;24255;2018;D;;75.6;69.604;5.996
5241240;24255;2018;D;;76.6;69.604;6.996
5241247;24255;2018;D;;79.8;69.603;10.197
5241246;24255;2018;D;;93.25;69.564;23.686
5241243;24255;2018;D;;85.79;69.564;16.226
5241220;24255;2018;D;;84.68;69.564;15.116
5241225;24255;2018;D;;86.19;69.652;16.538
5241228;24255;2018;D;;89.92;70.825;19.095
5241226;24255;2018;D;;82.24;70.536;11.704
5241229;24255;2018;D;;88.55;69.846;18.704
5241210;24255;2018;D;;77.81;70.319;7.491
5241215;24255;2018;D;;90.38;70.319;20.061
5241214;24255;2018;D;;88.93;70.184;18.746
5241212;24255;2018;D;;90.48;70.184;20.296
5241211;24255;2018;D;;85.62;70.077;15.543
5241216;24255;2018;D;;86.5;72.928;13.572
5241219;24255;2018;D;;93.93;79.696;14.234
5241275;24255;2018;D;;92.9;74.049;18.851
5241274;24255;2018;D;;94.8;73.944;20.856
5241277;24255;2018;D;;85.29;76.365;8.925
5241278;24255;2018;D;;79.28;76.271;3.009
5253942;24254;2018;D;;70.21;69.839;0.371
5253941;24254;2018;D;;71.22;69.842;1.378
5253947;24254;2018;D;;66.82;69.685;2.865
5253921;24254;2018;D;;69.7;69.604;0.096
5253928;24254;2018;D;;74.78;69.604;5.176
5253910;24254;2018;D;;66.31;69.603;3.293
5253914;24254;2018;D;;59.7;69.564;9.864
5253912;24254;2018;D;;61.22;69.564;8.344
5253917;24254;2018;D;;70.71;69.564;1.146
5253918;24254;2018;D;;67.83;69.652;1.822
5253919;24254;2018;D;;67.16;70.008;2.848
5253972;24254;2018;D;;60.71;69.846;9.136
5253971;24254;2018;D;;58.17;70.319;12.149
5253978;24254;2018;D;;79.02;70.319;8.701
5253976;24254;2018;D;;68.17;70.184;2.014
5253979;24254;2018;D;;67.83;70.184;2.354
5253973;24254;2018;D;;65.63;70.077;4.447
5253985;24254;2018;D;;65.12;70.116;4.996
5253984;24254;2018;D;;57.83;72.928;15.098
5253982;24254;2018;D;;73.93;79.696;5.766
5253981;24254;2018;D;;76.65;78.607;1.957
5253988;24254;2018;D;;68.51;74.049;5.539
5253986;24254;2018;D;;70.55;73.944;3.394
5253989;24254;2018;D;;69.87;74.07;4.2
5253965;24254;2018;D;;59.02;76.271;17.251
5253365;24258;2018;D;;74.44;69.842;4.598
5253361;24258;2018;D;;73.6;69.676;3.924
5253368;24258;2018;D;;64.95;69.465;4.515
5253363;24258;2018;D;;63.09;69.604;6.514
5253395;24258;2018;D;;73.6;69.604;3.996
5253397;24258;2018;D;;60.88;69.722;8.842
5253396;24258;2018;D;;67.83;69.603;1.773
5253399;24258;2018;D;;59.7;69.564;9.864
5253334;24258;2018;D;;69.53;69.564;0.034
5253331;24258;2018;D;;68.51;71.506;2.996
5253337;24258;2018;D;;63.43;70.008;6.578
5253336;24258;2018;D;;53.77;70.535;16.765
5253339;24258;2018;D;;42.41;70.825;28.415
5240004;24258;2018;D;;69.19;70.319;1.129
5240001;24258;2018;D;;68.34;70.184;1.844
5240007;24258;2018;D;;67.49;70.184;2.694
5240008;24258;2018;D;;65.29;70.077;4.787
5240006;24258;2018;D;;57.66;67.679;10.019
5240003;24258;2018;D;;68.85;72.928;4.078
5240050;24258;2018;D;;72.41;79.696;7.286
5240052;24258;2018;D;;60.71;74.049;13.339
5240051;24258;2018;D;;69.02;73.944;4.924
5240057;24258;2018;D;;67.83;74.07;6.24
5240058;24258;2018;D;;57.16;74.07;16.91
5241106;24248;2018;D;;81.39;69.842;11.548
5241109;24248;2018;D;;85.97;69.685;16.285
5241154;24248;2018;D;;59.89;69.465;9.575
5241152;24248;2018;D;;79.19;69.615;9.575
5241151;24248;2018;D;;69.81;69.463;0.347
5241157;24248;2018;D;;75.38;69.604;5.776
5241158;24248;2018;D;;79.1;69.604;9.496
5241156;24248;2018;D;;72.37;69.604;2.766
5241153;24248;2018;D;;73.43;69.604;3.826
5241140;24248;2018;D;;73.97;69.722;4.248
5241143;24248;2018;D;;96.43;69.652;26.778
5241120;24248;2018;D;;65.24;71.506;6.266
5241124;24248;2018;D;;73.29;69.282;4.008
5241121;24248;2018;D;;83.31;70.825;12.485
5241126;24248;2018;D;;79.43;70.319;9.111
5241129;24248;2018;D;;77.79;70.319;7.471
5241123;24248;2018;D;;77.09;70.319;6.771
5241110;24248;2018;D;;91.39;70.184;21.206
5241114;24248;2018;D;;89.35;70.077;19.273
5241112;24248;2018;D;;76.78;67.679;9.101
5241117;24248;2018;D;;95.18;72.928;22.252
5241118;24248;2018;D;;96.49;79.696;16.794
5241116;24248;2018;D;;98.31;78.607;19.703
5241113;24248;2018;D;;89.65;74.049;15.601
5241172;24248;2018;D;;86.65;76.365;10.285
5241417;24222;2018;D;;70.05;69.839;0.211
5241416;24222;2018;D;;85.44;69.685;15.755
5241413;24222;2018;D;;77.33;69.676;7.654
5241478;24222;2018;D;;87.39;69.604;17.786
5240251;24227;2018;D;;58.45;69.842;11.392
5240257;24227;2018;D;;50.34;69.685;19.345
5240259;24227;2018;D;;56.38;69.283;12.903
5240240;24227;2018;D;;51.72;69.615;17.895
5240245;24227;2018;D;;55.52;69.463;13.943
5240244;24227;2018;D;;50.0;69.604;19.604
5240247;24227;2018;D;;58.27;69.604;11.334
5240248;24227;2018;D;;45.34;69.604;24.264
5240246;24227;2018;D;;48.62;69.722;21.102
5240249;24227;2018;D;;40.86;69.722;28.862
5240243;24227;2018;D;;40.17;69.722;29.552
5240220;24227;2018;D;;43.96;69.603;25.643
5240225;24227;2018;D;;57.07;69.564;12.494
5240224;24227;2018;D;;48.1;69.564;21.464
5240227;24227;2018;D;;60.86;69.564;8.704
5240226;24227;2018;D;;53.62;71.506;17.886
5240229;24227;2018;D;;60.69;70.008;9.318
5240223;24227;2018;D;;53.27;69.282;16.012
5240210;24227;2018;D;;57.24;70.535;13.295
5240215;24227;2018;D;;54.48;70.825;16.345
5240212;24227;2018;D;;61.9;69.846;7.946
5240211;24227;2018;D;;54.31;70.319;16.009
5240275;24227;2018;D;;57.76;70.116;12.356
5240274;24227;2018;D;;56.03;72.928;16.898
5240279;24227;2018;D;;57.41;74.07;16.66
5240285;24227;2018;D;;57.24;76.271;19.031
5245132;24229;2018;D;;42.58;69.842;27.262
5245137;24229;2018;D;;52.24;70.252;18.012
5245138;24229;2018;D;;44.31;69.676;25.366
5245136;24229;2018;D;;66.72;69.283;2.563
5245139;24229;2018;D;;58.1;69.465;11.365
5245133;24229;2018;D;;52.41;69.615;17.205
5245700;24229;2018;D;;53.1;69.463;16.363
5245705;24229;2018;D;;50.17;69.604;19.434
5245120;24215;2018;D;;41.39;69.839;28.449
5245125;24215;2018;D;;50.04;69.842;19.802
5245124;24215;2018;D;;68.0;69.685;1.685
5245127;24215;2018;D;;48.68;69.283;20.603
5245128;24215;2018;D;;55.8;69.465;13.665
5245123;24215;2018;D;;58.0;69.604;11.604
5245115;24215;2018;D;;51.56;69.604;18.044
5245114;24215;2018;D;;43.26;69.604;26.344
5245112;24215;2018;D;;62.92;69.604;6.684
5245117;24215;2018;D;;68.0;69.722;1.722
5245118;24215;2018;D;;67.16;69.722;2.562
5245116;24215;2018;D;;71.9;69.603;2.297
5245175;24215;2018;D;;64.1;69.564;5.464
5245174;24215;2018;D;;55.46;69.564;14.104
5245171;24215;2018;D;;64.78;71.506;6.726
5245177;24215;2018;D;;71.39;70.008;1.382
5244025;24216;2018;D;;48.45;70.118;21.668
5244024;24216;2018;D;;41.21;69.685;28.475
5244021;24216;2018;D;;45.52;70.252;24.732
5244027;24216;2018;D;;43.27;70.528;27.258
5244026;24216;2018;D;;41.03;69.952;28.922
5244023;24216;2018;D;;42.07;69.558;27.488
5244015;24216;2018;D;;50.69;69.704;19.014
5244014;24216;2018;D;;33.96;69.615;35.655
5244012;24216;2018;D;;28.27;69.891;41.621
5244011;24216;2018;D;;48.96;69.463;20.503
5244018;24216;2018;D;;44.65;69.604;24.954
5244070;24216;2018;D;;41.38;69.604;28.224
5244074;24216;2018;D;;45.17;69.604;24.434
5244072;24216;2018;D;;36.38;69.88;33.5
5244071;24216;2018;D;;44.48;69.604;25.124
5244077;24216;2018;D;;53.79;69.88;16.09
5244078;24216;2018;D;;54.65;69.722;15.072
5244079;24216;2018;D;;52.58;69.722;17.142
5244080;24216;2018;D;;50.0;69.722;19.722
5244085;24216;2018;D;;52.41;69.998;17.588
5244082;24216;2018;D;;61.55;69.879;8.329
5244088;24216;2018;D;;41.38;69.564;28.184
5244086;24216;2018;D;;40.0;69.84;29.84
5244083;24216;2018;D;;36.21;69.84;33.63
5244060;24216;2018;D;;40.0;69.564;29.564
5244065;24216;2018;D;;50.34;69.84;19.5
5244062;24216;2018;D;;36.72;69.84;33.12
5244067;24216;2018;D;;55.34;69.928;14.588
5244068;24216;2018;D;;43.79;71.506;27.716
5244066;24216;2018;D;;56.55;71.828;15.278
5244063;24216;2018;D;;45.0;70.285;25.285
5244090;24216;2018;D;;43.62;69.282;25.662
5244094;24216;2018;D;;42.24;70.535;28.295
5244091;24216;2018;D;;56.21;70.825;14.615
5244097;24216;2018;D;;75.52;73.755;1.765
5244098;24216;2018;D;;63.96;70.536;6.576
5244096;24216;2018;D;;63.62;73.465;9.845
5244099;24216;2018;D;;65.0;69.846;4.846
5244030;24216;2018;D;;64.14;70.319;6.179
5244034;24216;2018;D;;55.17;70.319;15.149
5244032;24216;2018;D;;59.14;73.601;14.461
5244031;24216;2018;D;;41.03;70.319;29.289
5244037;24216;2018;D;;53.96;73.601;19.641
5244036;24216;2018;D;;58.96;73.601;14.641
5244504;24216;2018;D;;51.72;67.679;15.959
5244502;24216;2018;D;;55.69;74.626;18.936
5244501;24216;2018;D;;65.34;70.116;4.776
5244506;24216;2018;D;;55.86;75.126;19.266
5244555;24216;2018;D;;67.76;78.474;10.714
5244551;24216;2018;D;;55.52;74.049;18.529
5244557;24216;2018;D;;69.65;76.346;6.696
5244558;24216;2018;D;;50.86;73.944;23.084
5244556;24216;2018;D;;52.24;76.241;24.001
5244541;24216;2018;D;;50.69;76.271;25.581
5244547;24216;2018;D;;45.69;76.98;31.29
5241688;24277;2018;D;;71.17;70.308;0.862
5241683;24277;2018;D;;76.06;69.685;6.375
5241660;24277;2018;D;;79.43;69.961;9.469
5241665;24277;2018;D;;62.47;70.252;7.782
5241664;24277;2018;D;;65.85;70.528;4.678
5241662;24277;2018;D;;59.29;69.676;10.386
5241661;24277;2018;D;;67.16;69.952;2.792
5241669;24277;2018;D;;76.26;69.704;6.556
5241663;24277;2018;D;;74.55;69.615;4.935
5241690;24277;2018;D;;73.92;69.891;4.029
5241695;24277;2018;D;;58.26;69.463;11.203
5241694;24277;2018;D;;65.23;69.739;4.509
5241693;24277;2018;D;;71.16;69.604;1.556
5241630;24277;2018;D;;73.92;69.88;4.04
5241635;24277;2018;D;;60.89;69.604;8.714
5241637;24277;2018;D;;67.44;69.722;2.282
5241638;24277;2018;D;;68.61;69.998;1.388
5241905;24277;2018;D;;63.3;69.564;6.264
5241901;24277;2018;D;;58.46;69.84;11.38
5241907;24277;2018;D;;57.37;69.564;12.194
5241908;24277;2018;D;;57.51;69.84;12.33
5241950;24277;2018;D;;54.38;69.84;15.46
5241952;24277;2018;D;;58.89;71.506;12.616
5241951;24277;2018;D;;66.68;71.828;5.148
5241957;24277;2018;D;;77.75;70.008;7.742
5241956;24277;2018;D;;55.15;69.282;14.132
5241959;24277;2018;D;;49.45;70.997;21.547
5241940;24277;2018;D;;77.47;74.358;3.112
5241945;24277;2018;D;;76.75;70.825;5.925
5241941;24277;2018;D;;79.07;73.465;5.605
5241948;24277;2018;D;;77.77;73.601;4.169
5241949;24277;2018;D;;79.34;73.601;5.739
5241924;24277;2018;D;;69.92;73.601;3.681
5241922;24277;2018;D;;76.59;70.184;6.406
5241929;24277;2018;D;;68.75;74.626;5.876
5241910;24277;2018;D;;68.54;74.626;6.086
5241911;24277;2018;D;;66.2;75.126;8.926
5241917;24277;2018;D;;77.58;79.696;2.116
5241913;24277;2018;D;;74.96;74.164;0.796
5241971;24277;2018;D;;78.05;76.241;1.809
5241978;24277;2018;D;;81.77;76.367;5.403
5241976;24277;2018;D;;71.92;74.07;2.15
5241979;24277;2018;D;;77.09;76.367;0.723
5241973;24277;2018;D;;75.02;76.365;1.345
5241985;24277;2018;D;;77.83;76.271;1.559
5241981;24277;2018;D;;75.9;71.137;4.763
5242853;24286;2018;D;;80.79;69.839;10.951
5242841;24286;2018;D;;74.28;69.961;4.319
5242849;24286;2018;D;;85.68;69.952;15.728
5242825;24286;2018;D;;77.55;69.465;8.085
5242824;24286;2018;D;;83.32;69.704;13.616
5242821;24286;2018;D;;76.1;69.891;6.209
5242827;24286;2018;D;;59.72;69.463;9.743
5242828;24286;2018;D;;66.12;69.739;3.619
5242826;24286;2018;D;;74.12;69.604;4.516
5242829;24286;2018;D;;68.67;69.88;1.21
5242823;24286;2018;D;;74.1;69.604;4.496
5242810;24286;2018;D;;72.83;69.88;2.95
5242815;24286;2018;D;;73.69;69.604;4.086
5242812;24286;2018;D;;65.09;69.604;4.514
5242818;24286;2018;D;;67.52;69.88;2.36
5242816;24286;2018;D;;79.37;69.722;9.648
5242819;24286;2018;D;;82.0;69.998;12.002
5242813;24286;2018;D;;79.43;69.722;9.708
5242875;24286;2018;D;;76.69;69.722;6.968
5242874;24286;2018;D;;77.39;69.998;7.392
5242878;24286;2018;D;;64.45;69.84;5.39
5242879;24286;2018;D;;71.91;69.84;2.07
5242885;24286;2018;D;;83.4;69.564;13.836
5242884;24286;2018;D;;82.24;69.84;12.4
5242882;24286;2018;D;;79.81;69.564;10.246
5242881;24286;2018;D;;84.37;69.84;14.53
5242888;24286;2018;D;;76.56;69.928;6.632
5242883;24286;2018;D;;66.32;70.008;3.688
5242865;24286;2018;D;;76.03;69.282;6.748
5242862;24286;2018;D;;65.49;70.535;5.045
5242868;24286;2018;D;;60.92;73.755;12.835
5242866;24286;2018;D;;66.3;70.536;4.236
5242869;24286;2018;D;;63.42;73.465;10.045
5242892;24286;2018;D;;77.81;70.319;7.491
5242891;24286;2018;D;;81.03;73.601;7.429
5242897;24286;2018;D;;66.69;70.319;3.629
5242898;24286;2018;D;;69.02;73.601;4.581
5242896;24286;2018;D;;82.75;70.184;12.566
5242893;24286;2018;D;;68.47;70.184;1.714
5242830;24286;2018;D;;76.93;73.601;3.329
5242835;24286;2018;D;;72.72;70.077;2.643
5242838;24286;2018;D;;83.6;74.681;8.919
5242833;24286;2018;D;;84.15;79.696;4.454
5242605;24286;2018;D;;94.12;78.607;15.513
5242604;24286;2018;D;;88.45;78.474;9.976
5242602;24286;2018;D;;86.82;74.164;12.656
5242601;24286;2018;D;;88.8;76.135;12.665
5242609;24286;2018;D;;88.66;76.241;12.419
5242654;24286;2018;D;;70.57;76.367;5.797
5242652;24286;2018;D;;73.75;76.365;2.615
5242658;24286;2018;D;;79.67;76.98;2.69
5258195;24290;2018;D;;66.82;69.839;3.019
5258194;24290;2018;D;;72.24;69.842;2.398
5258192;24290;2018;D;;69.02;69.685;0.665
5258197;24290;2018;D;;71.56;69.676;1.884
5258198;24290;2018;D;;76.65;69.283;7.367
5258193;24290;2018;D;;66.82;69.463;2.643
5258130;24290;2018;D;;62.92;69.604;6.684
5258134;24290;2018;D;;69.02;69.604;0.584
5258132;24290;2018;D;;75.63;69.604;6.026
5258131;24290;2018;D;;73.09;69.604;3.486
5258136;24290;2018;D;;64.27;69.722;5.452
5258139;24290;2018;D;;73.26;69.603;3.657
5258133;24290;2018;D;;65.63;69.564;3.934
5258700;24290;2018;D;;65.46;69.564;4.104
5258705;24290;2018;D;;60.38;69.564;9.184
5258702;24290;2018;D;;68.51;69.564;1.054
5258707;24290;2018;D;;66.99;71.506;4.516
5258708;24290;2018;D;;80.21;70.008;10.202
5258706;24290;2018;D;;72.24;69.282;2.958
5258709;24290;2018;D;;74.1;70.535;3.565
5258750;24290;2018;D;;67.32;70.536;3.216
5258752;24290;2018;D;;67.66;70.319;2.659
5258751;24290;2018;D;;63.6;70.319;6.719
5258753;24290;2018;D;;67.83;70.116;2.286
5258745;24290;2018;D;;71.73;79.696;7.966
5258741;24290;2018;D;;66.65;74.049;7.399
5258747;24290;2018;D;;60.04;73.944;13.904
5258746;24290;2018;D;;55.8;74.07;18.27
5258743;24290;2018;D;;48.68;76.271;27.591
5256140;24109;2018;O;;63.01;77.206;14.196
5256144;24109;2018;O;;65.03;77.272;12.242
5256142;24109;2018;O;;60.7;77.165;16.465
5256141;24109;2018;O;;72.62;77.165;4.545
5256147;24109;2018;O;;50.22;77.165;26.945
5256149;24109;2018;O;;61.76;76.966;15.206
5256143;24109;2018;O;;34.64;76.966;42.326
5256125;24109;2018;O;;53.78;76.966;23.186
5256122;24109;2018;O;;54.64;77.083;22.443
5256121;24109;2018;O;;50.51;76.965;26.455
5256127;24109;2018;O;;53.78;76.564;22.784
5256126;24109;2018;O;;40.89;76.564;35.674
5256129;24109;2018;O;;47.72;76.564;28.844
5256123;24109;2018;O;;47.82;76.564;28.744
5256115;24109;2018;O;;48.39;77.083;28.693
5256114;24109;2018;O;;63.39;76.652;13.262
5256264;24150;2018;O;MIDI-PYRÉNÉES;59.16;53.894;5.266
5256262;24150;2018;O;MIDI-PYRÉNÉES;69.64;52.92;16.72
5256261;24150;2018;O;MIDI-PYRÉNÉES;67.72;53.913;13.807
5256268;24150;2018;O;MIDI-PYRÉNÉES;67.72;53.511;14.209
5256269;24150;2018;O;MIDI-PYRÉNÉES;57.43;53.511;3.919
5256263;24150;2018;O;MIDI-PYRÉNÉES;57.05;53.804;3.246
5256295;24150;2018;O;MIDI-PYRÉNÉES;62.34;54.913;7.427
5256294;24150;2018;O;MIDI-PYRÉNÉES;77.91;54.913;22.997
5256292;24150;2018;O;MIDI-PYRÉNÉES;24.74;54.913;30.173
5256235;24150;2018;O;MIDI-PYRÉNÉES;38.11;54.248;16.138
5256234;24150;2018;O;MIDI-PYRÉNÉES;65.99;54.337;11.653
5256231;24150;2018;O;MIDI-PYRÉNÉES;89.55;53.511;36.039
5256237;24150;2018;O;MIDI-PYRÉNÉES;67.14;55.543;11.597
5257335;24121;2018;D;;52.41;69.842;17.432
5257333;24121;2018;D;;74.95;69.604;5.346
5258004;24121;2018;D;;57.83;69.604;11.774
5258002;24121;2018;D;;62.58;69.604;7.024
5258050;24121;2018;D;;65.63;69.564;3.934
5258054;24121;2018;D;;72.07;69.564;2.506
5258051;24121;2018;D;;64.61;71.506;6.896
5258056;24121;2018;D;;62.75;70.535;7.785
5258059;24121;2018;D;;60.55;70.825;10.275
5241357;24178;2018;D;;82.87;69.839;13.031
5241356;24178;2018;D;;78.96;69.685;9.275
5241359;24178;2018;D;;78.96;70.252;8.708
5241342;24178;2018;D;;64.89;69.463;4.573
5241341;24178;2018;D;;74.74;69.604;5.136
5241347;24178;2018;D;;69.51;69.604;0.094
5241348;24178;2018;D;;66.27;69.604;3.334
5241346;24178;2018;D;;72.95;69.604;3.346
5241343;24178;2018;D;;66.82;69.722;2.902
5241320;24178;2018;D;;75.63;69.722;5.908
5241325;24178;2018;D;;70.82;69.722;1.098
5241321;24178;2018;D;;68.4;69.564;1.164
5241328;24178;2018;D;;77.58;69.564;8.016
5204164;24180;2018;D;;65.34;69.839;4.499
5204161;24180;2018;D;;52.58;69.842;17.262
5204167;24180;2018;D;;60.0;70.118;10.118
5204168;24180;2018;D;;53.96;69.685;15.725
5204169;24180;2018;D;;60.0;70.252;10.252
5204163;24180;2018;D;;61.21;70.528;9.318
5204195;24180;2018;D;;52.24;69.952;17.712
5204192;24180;2018;D;;52.41;69.558;17.148
5204196;24180;2018;D;;57.58;69.891;12.311
5204130;24180;2018;D;;53.1;69.604;16.504
5204135;24180;2018;D;;50.52;69.88;19.36
5204134;24180;2018;D;;52.93;69.604;16.674
5204131;24180;2018;D;;54.48;69.604;15.124
5204137;24180;2018;D;;56.9;69.88;12.98
5204700;24180;2018;D;;46.72;69.722;23.002
5204707;24180;2018;D;;52.58;69.998;17.418
5204706;24180;2018;D;;62.58;69.879;7.299
5204709;24180;2018;D;;62.07;69.564;7.494
5204732;24182;2018;D;;56.39;69.842;13.452
5204731;24182;2018;D;;64.06;69.685;5.625
5204736;24182;2018;D;;64.75;69.283;4.533
5204733;24182;2018;D;;57.22;69.615;12.395
5204800;24182;2018;D;;61.64;69.463;7.823
5204805;24182;2018;D;;52.52;69.604;17.084
5204804;24182;2018;D;;64.13;69.604;5.474
5204801;24182;2018;D;;63.92;69.604;5.684
5204807;24182;2018;D;;62.61;69.604;6.994
5204806;24182;2018;D;;58.33;69.722;11.392
5204809;24182;2018;D;;52.8;69.722;16.922
5204803;24182;2018;D;;63.51;69.603;6.093
5204855;24182;2018;D;;67.16;69.564;2.404
5204962;24162;2018;D;;77.16;70.308;6.852
5204967;24162;2018;D;;59.7;70.118;10.418
5204966;24162;2018;D;;68.68;69.961;1.281
5204969;24162;2018;D;;59.7;70.252;10.552
5204995;24162;2018;D;;63.43;69.952;6.522
5204994;24162;2018;D;;46.65;69.283;22.633
5204992;24162;2018;D;;57.32;69.558;12.238
5204991;24162;2018;D;;73.93;69.465;4.465
5204997;24162;2018;D;;79.7;69.704;9.996
5204996;24162;2018;D;;67.66;69.891;2.231
5204999;24162;2018;D;;65.63;69.463;3.833
5204993;24162;2018;D;;75.8;69.739;6.061
5204930;24162;2018;D;;65.29;69.604;4.314
5204935;24162;2018;D;;59.36;69.88;10.52
5204932;24162;2018;D;;66.14;69.88;3.74
5204931;24162;2018;D;;60.38;69.604;9.224
5204937;24162;2018;D;;63.09;69.88;6.79
5204938;24162;2018;D;;61.73;69.604;7.874
5204939;24162;2018;D;;66.48;69.604;3.124
5204933;24162;2018;D;;60.21;69.88;9.67
5204305;24162;2018;D;;69.36;69.998;0.638
5204302;24162;2018;D;;67.32;69.998;2.678
5204301;24162;2018;D;;63.09;69.722;6.632
5204307;24162;2018;D;;60.88;69.998;9.118
5204306;24162;2018;D;;77.16;69.879;7.281
5204309;24162;2018;D;;60.21;69.564;9.354
5204358;24162;2018;D;;71.39;69.564;1.826
5204359;24162;2018;D;;62.75;69.652;6.902
5204353;24162;2018;D;;77.66;69.928;7.732
5204346;24162;2018;D;;67.49;74.358;6.868
5204349;24162;2018;D;;72.75;70.825;1.925
5204343;24162;2018;D;;76.48;73.755;2.725
5204325;24162;2018;D;;60.71;73.465;12.755
5204324;24161;2018;D;;67.41;69.839;2.429
5204322;24161;2018;D;;59.65;70.308;10.658
5204321;24161;2018;D;;55.86;69.842;13.982
5204328;24161;2018;D;;63.45;69.685;6.235
5204326;24161;2018;D;;58.79;69.961;11.171
5204314;24161;2018;D;;49.14;69.283;20.143
5204317;24161;2018;D;;66.03;69.704;3.674
5204370;24161;2018;D;;50.52;69.604;19.084
5204375;24161;2018;D;;48.79;69.88;21.09
5204374;24161;2018;D;;54.83;69.604;14.774
5204372;24161;2018;D;;61.55;69.88;8.33
5204377;24161;2018;D;;45.52;69.88;24.36
5204380;24161;2018;D;;69.83;69.722;0.108
5204385;24161;2018;D;;57.07;69.998;12.928
5204382;24161;2018;D;;58.45;69.998;11.548
5204381;24161;2018;D;;56.38;69.722;13.342
5204387;24161;2018;D;;53.96;69.998;16.038
5204388;24161;2018;D;;61.03;69.603;8.573
5204386;24161;2018;D;;60.34;69.879;9.539
5204389;24161;2018;D;;62.24;69.564;7.324
5204360;24161;2018;D;;60.17;69.564;9.394
5204362;24161;2018;D;;61.55;69.84;8.29
5204361;24161;2018;D;;55.69;69.564;13.874
5204367;24161;2018;D;;46.9;69.84;22.94
5204368;24161;2018;D;;53.45;69.564;16.114
5204369;24161;2018;D;;58.45;69.652;11.202
5204363;24161;2018;D;;50.34;69.928;19.588
5204395;24161;2018;D;;50.0;71.828;21.828
5204391;24161;2018;D;;62.41;69.282;6.872
5204397;24161;2018;D;;60.86;70.997;10.137
5204398;24161;2018;D;;57.24;70.535;13.295
5204399;24161;2018;D;;53.62;70.825;17.205
5204393;24161;2018;D;;60.17;73.755;13.585
5204330;24161;2018;D;;48.96;70.536;21.576
5201945;24705;2018;W;;105.14;93.948;11.192
5201942;24705;2018;W;;128.5;94.093;34.407
5201301;24705;2018;W;;94.77;94.234;0.536
5201307;24705;2018;W;;90.03;94.234;4.204
5201306;24705;2018;W;;75.55;94.234;18.684
5201350;24705;2018;W;;102.63;94.234;8.396
5201355;24705;2018;W;;110.95;94.234;16.716
5201351;24705;2018;W;;90.9;94.23;3.33
5201356;24705;2018;W;;93.34;94.23;0.89
5201344;24705;2018;W;;115.49;95.777;19.713
5201342;24705;2018;W;;111.38;94.862;16.518
5201346;24705;2018;W;;90.03;95.846;5.816
5201349;24705;2018;W;;112.54;95.846;16.694
5201343;24705;2018;W;;108.91;95.846;13.064
5201325;24705;2018;W;;117.69;95.22;22.47
5201321;24705;2018;W;;106.4;95.488;10.912
5201328;24705;2018;W;;98.49;95.765;2.725
5201315;24705;2018;W;;109.71;95.6;14.11
5201314;24705;2018;W;;108.63;96.639;11.991
5201312;24705;2018;W;;106.71;96.302;10.408
5254977;24752;2018;W;;89.05;95.223;6.173
5254978;24752;2018;W;;92.39;94.496;2.106
5254980;24752;2018;W;;89.42;94.093;4.673
5254985;24752;2018;W;;97.69;93.948;3.742
5254984;24752;2018;W;;87.84;93.948;6.108
5254982;24752;2018;W;;100.46;94.093;6.367
5252147;24752;2018;W;;90.72;94.234;3.514
5252146;24752;2018;W;;83.78;94.234;10.454
5252149;24752;2018;W;;84.89;94.234;9.344
5252143;24752;2018;W;;90.48;94.234;3.754
5252124;24752;2018;W;;74.97;94.234;19.264
5252122;24752;2018;W;;88.78;94.195;5.415
5252121;24752;2018;W;;87.44;94.23;6.79
5252127;24752;2018;W;;86.54;94.23;7.69
5252115;24752;2018;W;;93.27;94.608;1.338
5252114;24752;2018;W;;93.76;95.777;2.017
5252112;24752;2018;W;;96.18;94.862;1.318
5252111;24752;2018;W;;81.66;94.325;12.665
5252117;24752;2018;W;;98.07;96.951;1.119
5252118;24752;2018;W;;83.52;95.846;12.326
5252170;24752;2018;W;;90.84;95.846;5.006
5252172;24752;2018;W;;104.16;97.737;6.423
5252176;24752;2018;W;;103.41;97.716;5.694
5252179;24752;2018;W;;97.74;96.645;1.095
5252180;24752;2018;W;;109.43;95.6;13.83
5252184;24752;2018;W;;100.43;96.639;3.791
5257257;24759;2018;W;;140.38;94.862;45.518
5257258;24759;2018;W;;134.44;95.777;38.663
5257244;24759;2018;W;;109.87;94.093;15.777
5257241;24759;2018;W;;102.24;93.948;8.292
5257243;24759;2018;W;;115.8;94.234;21.566
5257220;24759;2018;W;;92.07;94.234;2.164
5257225;24759;2018;W;;89.53;94.234;4.704
5257222;24759;2018;W;;137.83;94.234;43.596
5257227;24759;2018;W;;124.27;94.23;30.04
5257228;24759;2018;W;;125.12;94.23;30.89
5257229;24759;2018;W;;136.99;94.234;42.756
5257223;24759;2018;W;;108.17;94.195;13.975
5257215;24759;2018;W;;114.1;94.23;19.87
5257214;24759;2018;W;;119.19;94.336;24.854
5257107;24753;2018;W;;147.16;94.862;52.298
5257108;24753;2018;W;;94.61;95.223;0.613
5257109;24753;2018;W;;99.7;94.365;5.335
5257103;24753;2018;W;;94.61;94.496;0.114
5257150;24753;2018;W;;61.56;94.969;33.409
5257155;24753;2018;W;;121.73;94.093;27.637
5257154;24753;2018;W;;73.43;93.948;20.518
5257151;24753;2018;W;;103.09;94.234;8.856
5257158;24753;2018;W;;107.32;94.172;13.148
5257156;24753;2018;W;;94.61;94.234;0.376
5257153;24753;2018;W;;114.1;94.234;19.866
5257144;24753;2018;W;;134.44;94.23;40.21
5257142;24753;2018;W;;80.21;94.093;13.883
5257147;24753;2018;W;;101.39;94.234;7.156
5257148;24753;2018;W;;96.31;94.234;2.076
5257146;24753;2018;W;;114.1;94.234;19.866
5257149;24753;2018;W;;124.27;94.234;30.036
5257122;24753;2018;W;;138.68;94.325;44.355
5257976;24741;2018;W;;122.58;94.496;28.084
5257979;24741;2018;W;;102.24;94.969;7.271
5257973;24741;2018;W;;109.02;94.093;14.927
5257985;24741;2018;W;;71.73;94.234;22.504
5257984;24741;2018;W;;112.41;94.234;18.176
5257982;24741;2018;W;;139.53;94.862;44.668
5257981;24741;2018;W;;109.87;94.234;15.636
5257987;24741;2018;W;;87.83;94.234;6.404
5257988;24741;2018;W;;116.65;95.223;21.427
5257986;24741;2018;W;;85.29;94.365;9.075
5257989;24741;2018;W;;90.38;94.234;3.854
5257983;24741;2018;W;;89.53;94.172;4.642
5257960;24741;2018;W;;106.48;94.23;12.25
5257965;24741;2018;W;;114.95;93.948;21.002
5257964;24741;2018;W;;117.49;94.093;23.397
5257963;24741;2018;W;;82.75;94.195;11.445
5257994;24741;2018;W;;99.7;94.336;5.364
5257992;24741;2018;W;;122.58;94.325;28.255
5258317;24712;2018;D;;65.63;69.952;4.322
5258316;24712;2018;D;;67.32;69.558;2.238
5258313;24712;2018;D;;63.6;69.704;6.104
5258375;24712;2018;D;;65.8;69.891;4.091
5258374;24712;2018;D;;67.32;69.463;2.143
5258372;24712;2018;D;;62.24;69.739;7.499
5258378;24712;2018;D;;55.46;69.604;14.144
5258376;24712;2018;D;;49.87;69.88;20.01
5258379;24712;2018;D;;61.73;69.604;7.874
5258373;24712;2018;D;;50.88;69.88;19.0
5258380;24712;2018;D;;77.49;69.604;7.886
5258385;24712;2018;D;;66.99;69.88;2.89
5258382;24712;2018;D;;69.53;69.88;0.35
5258381;24712;2018;D;;63.93;69.722;5.792
5258388;24712;2018;D;;70.55;69.722;0.828
5258386;24712;2018;D;;59.7;69.998;10.298
5258389;24712;2018;D;;62.41;69.722;7.312
5258364;24712;2018;D;;71.39;69.564;1.826
5258362;24712;2018;D;;60.38;69.84;9.46
5258361;24712;2018;D;;68.68;69.564;0.884
5258367;24712;2018;D;;54.27;69.84;15.57
5258368;24712;2018;D;;73.09;69.839;3.251
5258395;24712;2018;D;;61.05;69.961;8.911
5245411;24733;2018;D;;58.79;70.308;11.518
5245418;24733;2018;D;;50.34;70.118;19.778
5245416;24733;2018;D;;54.65;69.685;15.035
5245413;24733;2018;D;;48.27;70.252;21.982
5245472;24733;2018;D;;26.9;69.283;42.383
5245478;24733;2018;D;;39.65;69.704;30.054
5245479;24733;2018;D;;40.0;69.891;29.891
5245480;24733;2018;D;;43.79;69.739;25.949
5245482;24733;2018;D;;30.86;69.604;38.744
5245481;24733;2018;D;;34.48;69.88;35.4
5245488;24733;2018;D;;23.79;69.88;46.09
5245489;24733;2018;D;;30.0;69.88;39.88
5245460;24733;2018;D;;54.31;69.88;15.57
5245464;24733;2018;D;;44.31;69.998;25.688
5245462;24733;2018;D;;37.76;69.722;31.962
5245461;24733;2018;D;;18.27;69.998;51.728
5245467;24733;2018;D;;17.24;69.722;52.482
5245466;24733;2018;D;;35.0;69.603;34.603
5245463;24733;2018;D;;35.34;69.564;34.224
5245494;24733;2018;D;;34.31;69.84;35.53
5245492;24733;2018;D;;22.93;69.564;46.634
5245497;24733;2018;D;;44.65;69.564;24.914
5245496;24733;2018;D;;22.07;69.564;47.494
5245499;24733;2018;D;;22.07;69.84;47.77
5245493;24733;2018;D;;34.31;69.652;35.342
5245432;24733;2018;D;;26.38;70.008;43.628
5245431;24733;2018;D;;49.31;70.285;20.975
5245438;24733;2018;D;;55.0;70.997;15.997
5245439;24733;2018;D;;62.93;74.358;11.428
5245433;24800;2018;D;;13.62;69.839;56.219
5245200;24800;2018;D;;8.45;70.308;61.858
5245202;24800;2018;D;;23.62;69.685;46.065
5245208;24800;2018;D;;34.83;70.528;35.698
5245203;24800;2018;D;;16.38;69.283;52.903
5245255;24800;2018;D;;13.45;69.465;56.015
5245254;24800;2018;D;;25.0;69.704;44.704
5245251;24800;2018;D;;27.07;69.891;42.821
5245259;24800;2018;D;;25.0;69.88;44.88
5245253;24800;2018;D;;19.65;69.604;49.954
5245240;24800;2018;D;;20.52;69.88;49.36
5245244;24800;2018;D;;22.07;69.88;47.81
5245242;24800;2018;D;;11.72;69.604;57.884
5245241;24800;2018;D;;13.27;69.88;56.61
5245247;24800;2018;D;;20.86;69.604;48.744
5245246;24800;2018;D;;27.58;69.722;42.142
5245225;24800;2018;D;;11.03;69.722;58.692
5245222;24800;2018;D;;24.83;69.603;44.773
5245221;24800;2018;D;;25.86;69.879;44.019
5245226;24800;2018;D;;24.14;69.564;45.424
5245229;24800;2018;D;;18.45;69.84;51.39
5245215;24800;2018;D;;12.58;69.564;56.984
5245214;24800;2018;D;;22.07;69.84;47.77
5245212;24800;2018;D;;18.27;69.564;51.294
5245211;24800;2018;D;;20.0;69.84;49.84
5245217;24800;2018;D;;23.62;69.652;46.032
5245218;24800;2018;D;;26.9;69.928;43.028
5245270;24800;2018;D;;20.52;70.285;49.765
5245275;24800;2018;D;;21.38;69.282;47.902
5245272;24800;2018;D;;23.62;70.535;46.915
5245271;24800;2018;D;;21.9;74.358;52.458
5245743;24801;2018;D;;23.79;69.961;46.171
5245720;24801;2018;D;;23.27;70.252;46.982
5245724;24801;2018;D;;33.62;69.676;36.056
5245722;24801;2018;D;;27.07;69.952;42.882
5245721;24801;2018;D;;24.65;69.283;44.633
5245727;24801;2018;D;;21.21;69.558;48.348
5245723;24801;2018;D;;32.41;69.891;37.481
5245710;24801;2018;D;;25.34;69.463;44.123
5245715;24801;2018;D;;9.83;69.739;59.909
5245714;24801;2018;D;;8.79;69.604;60.814
5245712;24801;2018;D;;28.45;69.88;41.43
5245711;24801;2018;D;;41.9;69.604;27.704
5245770;24801;2018;D;;10.17;69.604;59.434
5245775;24801;2018;D;;38.1;69.88;31.78
5245774;24801;2018;D;;39.65;69.722;30.072
5245772;24801;2018;D;;23.96;69.998;46.038
5245771;24801;2018;D;;19.31;69.722;50.412
5245777;24801;2018;D;;23.62;69.998;46.378
5245778;24801;2018;D;;14.31;69.722;55.412
5245779;24801;2018;D;;17.24;69.603;52.363
5245773;24801;2018;D;;47.41;69.879;22.469
5245785;24801;2018;D;;21.72;69.84;48.12
5245782;24801;2018;D;;16.21;69.84;53.63
5245787;24801;2018;D;;28.79;69.84;41.05
5245789;24801;2018;D;;31.72;69.564;37.844
5245783;24801;2018;D;;29.14;69.84;40.7
5245760;24801;2018;D;;23.45;69.652;46.202
5245765;24801;2018;D;;36.03;69.928;33.898
5245762;24801;2018;D;;37.41;71.828;34.418
5244786;24806;2018;D;;62.95;69.685;6.735
5244789;24806;2018;D;;52.56;69.961;17.401
5244760;24806;2018;D;;67.34;70.528;3.188
5244765;24806;2018;D;;62.3;69.676;7.376
5244762;24806;2018;D;;62.89;69.283;6.393
5244767;24806;2018;D;;55.55;69.465;13.915
5244763;24806;2018;D;;54.67;69.463;14.793
5244795;24806;2018;D;;61.95;69.604;7.654
5244794;24806;2018;D;;52.24;69.88;17.64
5244792;24806;2018;D;;62.36;69.604;7.244
5244791;24806;2018;D;;58.53;69.88;11.35
5244798;24806;2018;D;;65.06;69.88;4.82
5244799;24806;2018;D;;59.03;69.88;10.85
5244793;24806;2018;D;;55.89;69.604;13.714
5244730;24806;2018;D;;67.31;69.88;2.57
5244731;24806;2018;D;;61.03;69.998;8.968
5244738;24806;2018;D;;60.3;69.998;9.698
5244739;24806;2018;D;;61.03;69.879;8.849
5244800;24806;2018;D;;60.9;69.84;8.94
5244804;24806;2018;D;;56.9;69.84;12.94
5244801;24806;2018;D;;61.7;69.84;8.14
5244808;24806;2018;D;;55.98;69.84;13.86
5244809;24806;2018;D;;67.23;69.84;2.61
5244855;24806;2018;D;;56.43;71.506;15.076
5244854;24806;2018;D;;49.28;71.828;22.548
5244851;24806;2018;D;;55.25;70.285;15.035
5244858;24806;2018;D;;53.15;70.997;17.847
5244856;24806;2018;D;;63.64;70.535;6.895
5244859;24806;2018;D;;64.55;74.358;9.808
5244853;24806;2018;D;;47.78;70.825;23.045
5244841;24806;2018;D;;63.48;73.601;10.121
5244847;24806;2018;D;;59.39;70.319;10.929
5244848;24806;2018;D;;53.95;73.601;19.651
5244849;24806;2018;D;;51.06;73.601;22.541
5244825;24806;2018;D;;47.34;70.184;22.844
5244822;24806;2018;D;;32.93;70.184;37.254
5244826;24806;2018;D;;49.46;67.679;18.219
5244420;24859;2018;D;;39.83;70.308;30.478
5244428;24859;2018;D;;34.14;70.528;36.388
5244429;24859;2018;D;;22.76;69.952;47.192
5244423;24859;2018;D;;21.21;69.283;48.073
5244410;24859;2018;D;;23.1;69.558;46.458
5244415;24859;2018;D;;16.72;69.465;52.745
5244414;24859;2018;D;;8.79;69.704;60.914
5244412;24859;2018;D;;26.03;69.615;43.585
5244417;24859;2018;D;;32.58;69.463;36.883
5244418;24859;2018;D;;18.1;69.739;51.639
5244419;24859;2018;D;;37.58;69.88;32.3
5244413;24859;2018;D;;31.21;69.604;38.394
5244470;24859;2018;D;;34.65;69.88;35.23
5244474;24859;2018;D;;41.55;69.88;28.33
5244471;24859;2018;D;;31.9;69.88;37.98
5244478;24859;2018;D;;37.07;69.88;32.81
5244476;24859;2018;D;;34.31;69.722;35.412
5244479;24859;2018;D;;28.45;69.998;41.548
5244473;24859;2018;D;;24.31;69.722;45.412
5244480;24859;2018;D;;22.07;69.998;47.928
5244485;24859;2018;D;;19.31;69.722;50.412
5244482;24859;2018;D;;24.48;69.603;45.123
5244487;24859;2018;D;;28.45;69.564;41.114
5244488;24859;2018;D;;21.9;69.84;47.94
5244465;24859;2018;D;;9.14;69.564;60.424
5244462;24859;2018;D;;30.34;69.564;39.224
5244461;24859;2018;D;;10.52;69.84;59.32
5244468;24859;2018;D;;33.96;69.928;35.968
5244469;24859;2018;D;;35.0;71.828;36.828
5244986;24841;2018;D;;72.17;69.839;2.331
5244964;24841;2018;D;;69.23;69.961;0.731
5244967;24841;2018;D;;75.68;69.676;6.004
5244968;24841;2018;D;;74.73;69.952;4.778
5244966;24841;2018;D;;73.86;69.283;4.577
5244969;24841;2018;D;;77.02;69.558;7.462
5244963;24841;2018;D;;71.05;69.465;1.585
5244995;24841;2018;D;;74.94;69.615;5.325
5244994;24841;2018;D;;73.7;69.891;3.809
5244992;24841;2018;D;;82.54;69.463;13.077
5244997;24841;2018;D;;72.26;69.604;2.656
5244998;24841;2018;D;;70.57;69.88;0.69
5244999;24841;2018;D;;80.91;69.88;11.03
5244930;24841;2018;D;;83.87;69.88;13.99
5244932;24841;2018;D;;80.49;69.604;10.886
5244937;24841;2018;D;;78.33;69.722;8.608
5244938;24841;2018;D;;78.58;69.998;8.582
5244936;24841;2018;D;;72.95;69.722;3.228
5244933;24841;2018;D;;80.52;69.722;10.798
5244300;24841;2018;D;;79.05;69.998;9.052
5244302;24841;2018;D;;87.07;69.564;17.506
5244301;24841;2018;D;;72.76;69.84;2.92
5244308;24841;2018;D;;82.94;69.84;13.1
5244303;24841;2018;D;;78.12;69.564;8.556
5244350;24841;2018;D;;76.02;69.84;6.18
5244355;24841;2018;D;;82.06;69.564;12.496
5244354;24841;2018;D;;78.08;69.84;8.24
5244356;24841;2018;D;;81.6;70.008;11.592
5244359;24841;2018;D;;86.99;70.285;16.705
5244353;24841;2018;D;;83.86;69.282;14.578
5242435;24843;2018;D;;23.79;69.685;45.895
5242434;24843;2018;D;;34.31;70.252;35.942
5242432;24843;2018;D;;40.17;69.676;29.506
5242431;24843;2018;D;;26.21;69.283;43.073
5242438;24843;2018;D;;35.86;69.615;33.755
5242200;24843;2018;D;;37.58;69.604;32.024
5242205;24843;2018;D;;30.34;69.604;39.264
5242204;24843;2018;D;;30.0;69.604;39.604
5242202;24843;2018;D;;31.9;69.722;37.822
5242201;24843;2018;D;;40.86;69.722;28.862
5242208;24843;2018;D;;36.72;69.603;32.883
5242209;24843;2018;D;;39.83;69.564;29.734
5242255;24843;2018;D;;37.58;69.564;31.984
5242254;24843;2018;D;;47.93;69.652;21.722
5242259;24843;2018;D;;27.58;70.536;42.956
5242242;24843;2018;D;;33.62;70.184;36.564
5242243;24843;2018;D;;36.72;79.696;42.976
5242220;24843;2018;D;;42.24;78.607;36.367
5242224;24843;2018;D;;34.65;74.049;39.399
5242222;24843;2018;D;;35.0;73.944;38.944
5242221;24843;2018;D;;30.69;74.07;43.38
5242227;24843;2018;D;;37.93;74.07;36.14
5242226;24843;2018;D;;38.62;76.271;37.651
5242223;24843;2018;D;;35.34;70.429;35.089
5242210;24843;2018;D;;42.24;70.429;28.189
5242215;24843;2018;D;;28.79;70.429;41.639
5242214;24843;2018;D;;43.45;70.429;26.979
5242211;24843;2018;D;;40.52;70.429;29.909
5242217;24843;2018;D;;40.69;66.452;25.762
5242218;24843;2018;D;;23.1;66.452;43.352
5242275;24843;2018;D;;16.21;66.452;50.242
5242274;24843;2018;D;;31.21;66.452;35.242
5242272;24843;2018;D;;33.1;66.452;33.352
5242271;24843;2018;D;;31.21;66.452;35.242
5242277;24843;2018;D;;26.03;66.452;40.422
5242278;24843;2018;D;;25.69;66.452;40.762
5242279;24843;2018;D;;30.69;66.452;35.762
5242273;24843;2018;D;;17.58;66.452;48.872
5242285;24843;2018;D;;29.14;66.452;37.312
5242287;24843;2018;D;;26.38;66.452;40.072
5242288;24843;2018;D;;27.24;66.452;39.212
5242289;24843;2018;D;;36.72;66.452;29.732
5242260;24843;2018;D;;31.21;66.452;35.242
5242265;24843;2018;D;;29.14;66.452;37.312
5242264;24843;2018;D;;28.96;66.452;37.492
5242262;24843;2018;D;;19.83;66.452;46.622
5242261;24843;2018;D;;26.21;66.452;40.242
5242263;24843;2018;D;;13.79;66.452;52.662
5242290;24843;2018;D;;9.83;66.452;56.622
5242295;24843;2018;D;;12.07;66.452;54.382
5242294;24843;2018;D;;23.62;66.452;42.832
5242291;24843;2018;D;;26.72;66.452;39.732
5242297;24843;2018;D;;29.83;66.452;36.622
5242298;24843;2018;D;;27.24;66.452;39.212
5242296;24843;2018;D;;22.76;66.452;43.692
5242299;24843;2018;D;;33.27;66.452;33.182
5242230;24843;2018;D;;28.27;66.452;38.182
5242234;24843;2018;D;;28.1;66.452;38.352
5242232;24843;2018;D;;24.14;66.452;42.312
5242231;24843;2018;D;;23.79;66.452;42.662
5242236;24843;2018;D;;22.24;66.452;44.212
5242100;24843;2018;D;;31.21;66.452;35.242
5242104;24843;2018;D;;37.76;66.452;28.692
5242102;24843;2018;D;;26.72;66.452;39.732
5242155;24843;2018;D;;23.79;66.452;42.662
5242152;24843;2018;D;;29.14;66.452;37.312
5242158;24843;2018;D;;35.34;66.452;31.112
5242153;24843;2018;D;;27.24;66.452;39.212
5242145;24843;2018;D;;17.24;66.452;49.212
5242144;24843;2018;D;;24.83;66.452;41.622
5242141;24843;2018;D;;24.83;66.452;41.622
5242147;24843;2018;D;;21.9;66.452;44.552
5242148;24843;2018;D;;21.9;66.452;44.552
5242149;24843;2018;D;;12.07;66.452;54.382
5242143;24843;2018;D;;15.86;66.452;50.592
5242122;24843;2018;D;;37.24;66.452;29.212
5242128;24843;2018;D;;23.96;66.452;42.492
5242676;24810;2018;W;;84.24;94.234;9.994
5242673;24810;2018;W;;72.41;94.234;21.824
5242680;24810;2018;W;;73.24;94.234;20.994
5242685;24810;2018;W;;77.91;94.234;16.324
5242684;24810;2018;W;;81.91;94.234;12.324
5242682;24810;2018;W;;77.57;94.234;16.664
5242681;24810;2018;W;;84.07;94.234;10.164
5242688;24810;2018;W;;76.24;94.23;17.99
5242686;24810;2018;W;;77.57;94.23;16.66
5242683;24810;2018;W;;91.91;94.23;2.32
5242661;24810;2018;W;;85.24;95.777;10.537
5242667;24810;2018;W;;75.07;94.862;19.792
5241577;24813;2018;W;;83.41;95.223;11.813
5241579;24813;2018;W;;77.91;94.969;17.059
5241573;24813;2018;W;;64.41;94.172;29.762
5241585;24813;2018;W;;71.57;93.948;22.378
5241584;24813;2018;W;;81.57;93.948;12.378
5241581;24813;2018;W;;62.24;94.234;31.994
5241589;24813;2018;W;;63.41;94.234;30.824
5241565;24813;2018;W;;76.24;94.234;17.994
5241567;24813;2018;W;;82.24;94.23;11.99
5241590;24813;2018;W;;84.91;94.336;9.426
5241595;24813;2018;W;;61.41;94.608;33.198
5241591;24813;2018;W;;59.57;94.325;34.755
5247226;24889;2018;O;BRETAGNE;73.6;77.041;3.441
5247229;24889;2018;O;BRETAGNE;65.82;77.212;11.392
5247223;24889;2018;O;BRETAGNE;72.95;77.639;4.689
5247210;24889;2018;O;BRETAGNE;85.06;77.31;7.75
5247215;24889;2018;O;BRETAGNE;81.92;77.737;4.183
5247212;24889;2018;O;BRETAGNE;75.12;77.815;2.695
5247211;24889;2018;O;BRETAGNE;71.03;77.105;6.075
5247218;24889;2018;O;BRETAGNE;74.5;77.105;2.605
5247216;24889;2018;O;BRETAGNE;78.55;77.532;1.018
5247270;24889;2018;O;BRETAGNE;70.68;76.857;6.177
5247275;24889;2018;O;BRETAGNE;79.89;77.284;2.606
5247274;24889;2018;O;BRETAGNE;64.13;76.857;12.727
5247272;24889;2018;O;BRETAGNE;74.99;77.284;2.294
5247277;24889;2018;O;BRETAGNE;70.46;76.002;5.542
5247276;24889;2018;O;BRETAGNE;81.37;76.002;5.368
5247273;24889;2018;O;BRETAGNE;67.64;76.258;8.618
5247280;24889;2018;O;BRETAGNE;84.81;75.683;9.127
5247285;24889;2018;O;BRETAGNE;81.4;76.11;5.29
5247284;24889;2018;O;BRETAGNE;81.47;75.683;5.787
5247282;24889;2018;O;BRETAGNE;76.29;76.11;0.18
5247281;24889;2018;O;BRETAGNE;86.54;75.811;10.729
5247287;24889;2018;O;BRETAGNE;74.59;76.238;1.648
5243621;24891;2018;W;;111.77;94.496;17.274
5243627;24891;2018;W;;113.28;94.365;18.915
5243628;24891;2018;W;;114.74;94.969;19.771
5243610;24891;2018;W;;106.59;93.948;12.642
5243615;24891;2018;W;;104.64;94.093;10.547
5243692;24891;2018;W;;84.41;94.234;9.824
5243691;24891;2018;W;;89.03;94.234;5.204
5243697;24891;2018;W;;86.86;94.234;7.374
5243698;24891;2018;W;;88.22;94.234;6.014
5243693;24891;2018;W;;108.99;94.234;14.756
5243630;24891;2018;W;;111.41;94.234;17.176
5243634;24891;2018;W;;88.26;94.23;5.97
5243636;24891;2018;W;;94.78;94.336;0.444
5243900;24891;2018;W;;98.44;95.777;2.663
5243905;24891;2018;W;;105.32;94.862;10.458
5243904;24891;2018;W;;98.83;94.325;4.505
5243901;24891;2018;W;;106.73;95.846;10.884
5243906;24891;2018;W;;97.45;95.846;1.604
5243903;24891;2018;W;;105.74;95.22;10.52
5243955;24891;2018;W;;106.81;97.737;9.073
5243952;24891;2018;W;;98.9;95.952;2.948
5243951;24891;2018;W;;101.97;95.765;6.205
5243958;24891;2018;W;;103.63;96.645;6.985
5243959;24891;2018;W;;105.41;95.6;9.81
5243940;24891;2018;W;;102.11;96.639;5.471
5243945;24891;2018;W;;99.09;96.302;2.788
5224815;24896;2018;W;;93.7;94.496;0.796
5224812;24896;2018;W;;86.24;94.969;8.729
5224816;24896;2018;W;;94.65;93.948;0.702
5224819;24896;2018;W;;92.03;94.093;2.063
5224950;24896;2018;W;;90.16;94.234;4.074
5224952;24896;2018;W;;111.78;94.234;17.546
5224958;24896;2018;W;;89.62;94.234;4.614
5224940;24896;2018;W;;93.69;94.23;0.54
5224945;24896;2018;W;;96.74;94.23;2.51
5224944;24896;2018;W;;99.55;94.23;5.32
5224942;24896;2018;W;;93.69;94.23;0.54
5224941;24896;2018;W;;91.06;94.336;3.276
5224947;24896;2018;W;;94.01;94.336;0.326
5224948;24896;2018;W;;96.6;94.608;1.992
5224925;24896;2018;W;;91.53;95.846;4.316
5224924;24896;2018;W;;99.12;95.846;3.274
5224928;24896;2018;W;;99.94;95.22;4.72
5224929;24896;2018;W;;93.3;97.737;4.437
5224923;24896;2018;W;;106.15;95.488;10.662
5224915;24896;2018;W;;83.18;95.765;12.585
5224911;24896;2018;W;;92.91;95.275;2.365
5224918;24896;2018;W;;108.4;95.6;12.8
5224919;24896;2018;W;;99.28;96.302;2.978
5228756;24835;2018;W;;105.84;94.496;11.344
5228759;24835;2018;W;;82.67;94.365;11.695
5228753;24835;2018;W;;87.0;94.969;7.969
5228740;24835;2018;W;;83.14;94.172;11.032
5228744;24835;2018;W;;99.1;93.948;5.152
5228742;24835;2018;W;;105.11;93.948;11.162
5228917;24835;2018;W;;94.13;94.234;0.104
5228918;24835;2018;W;;91.06;94.234;3.174
5228916;24835;2018;W;;87.08;94.234;7.154
5228919;24835;2018;W;;84.93;94.234;9.304
5228975;24835;2018;W;;93.96;94.234;0.274
5228971;24835;2018;W;;99.56;94.195;5.365
5228977;24835;2018;W;;83.88;94.23;10.35
5228978;24835;2018;W;;93.6;94.23;0.63
5228973;24835;2018;W;;112.98;94.23;18.75
5228980;24835;2018;W;;109.26;94.336;14.924
5228984;24835;2018;W;;114.31;94.608;19.702
5228981;24835;2018;W;;91.71;94.862;3.152
5228988;24835;2018;W;;67.12;96.951;29.831
5228989;24835;2018;W;;95.52;95.846;0.326
5228983;24835;2018;W;;103.86;95.846;8.014
5228964;24835;2018;W;;102.49;95.22;7.27
5228962;24835;2018;W;;99.82;95.22;4.6
5228967;24835;2018;W;;77.58;95.488;17.908
5228966;24835;2018;W;;98.76;95.765;2.995
5228990;24835;2018;W;;112.24;95.275;16.965
5228995;24835;2018;W;;119.49;95.6;23.89
5228994;24835;2018;W;;102.79;95.6;7.19
5228992;24835;2018;W;;100.25;96.639;3.611
5228991;24835;2018;W;;107.71;96.302;11.408
5229171;24832;2018;W;;115.36;95.223;20.137
5229178;24832;2018;W;;95.2;94.365;0.835
5229176;24832;2018;W;;87.76;94.969;7.209
5229179;24832;2018;W;;101.74;94.172;7.568
5229185;24832;2018;W;;110.93;93.948;16.982
5229184;24832;2018;W;;89.55;94.093;4.543
5229987;24832;2018;W;;82.1;94.234;12.134
5229988;24832;2018;W;;89.14;94.234;5.094
5229986;24832;2018;W;;104.37;94.234;10.136
5229960;24832;2018;W;;69.09;94.234;25.144
5229964;24832;2018;W;;113.17;94.195;18.975
5229969;24832;2018;W;;92.19;94.336;2.146
5229995;24832;2018;W;;85.8;95.777;9.977
5229992;24832;2018;W;;84.67;94.325;9.655
5229997;24832;2018;W;;96.22;95.846;0.374
5229998;24832;2018;W;;100.68;95.846;4.834
5229996;24832;2018;W;;92.86;95.846;2.986
5229993;24832;2018;W;;96.86;95.846;1.014
5229930;24832;2018;W;;91.66;95.22;3.56
5229935;24832;2018;W;;97.51;95.22;2.29
5229932;24832;2018;W;;98.18;95.488;2.692
5229931;24832;2018;W;;101.39;95.952;5.438
5229937;24832;2018;W;;87.72;95.765;8.045
5229936;24832;2018;W;;109.75;96.645;13.105
5229933;24832;2018;W;;104.09;95.6;8.49
5229305;24832;2018;W;;105.13;96.639;8.491
5214220;24836;2018;W;;113.92;95.223;18.697
5214221;24836;2018;W;;98.12;94.172;3.948
5214227;24836;2018;W;;90.47;94.093;3.623
5214226;24836;2018;W;;101.05;93.948;7.102
5214300;24836;2018;W;;100.29;94.234;6.056
5214305;24836;2018;W;;101.48;94.234;7.246
5214301;24836;2018;W;;125.14;94.234;30.906
5214307;24836;2018;W;;118.05;94.234;23.816
5214308;24836;2018;W;;104.2;94.234;9.966
5214306;24836;2018;W;;89.02;94.234;5.214
5214309;24836;2018;W;;110.26;94.195;16.065
5214303;24836;2018;W;;103.5;94.23;9.27
5214350;24836;2018;W;;108.78;94.23;14.55
5214355;24836;2018;W;;97.48;94.23;3.25
5214354;24836;2018;W;;95.89;94.23;1.66
5214352;24836;2018;W;;97.53;94.23;3.3
5214356;24836;2018;W;;77.72;95.777;18.057
5214359;24836;2018;W;;99.63;94.862;4.768
5214340;24836;2018;W;;106.54;96.951;9.589
5214345;24836;2018;W;;113.35;95.846;17.504
5214344;24836;2018;W;;107.9;95.846;12.054
5214341;24836;2018;W;;108.19;95.846;12.344
5214343;24836;2018;W;;102.63;95.488;7.142
5214325;24836;2018;W;;114.68;95.765;18.915
5214328;24836;2018;W;;120.47;95.6;24.87
5214326;24836;2018;W;;114.66;96.639;18.021
5217426;24600;2018;W;;123.02;95.223;27.797
5217429;24600;2018;W;;107.43;94.496;12.934
5217423;24600;2018;W;;123.73;94.365;29.365
5217410;24600;2018;W;;105.94;94.969;10.971
5217412;24600;2018;W;;116.1;93.948;22.152
5217411;24600;2018;W;;121.75;93.948;27.802
5217417;24600;2018;W;;111.04;94.093;16.947
5217348;24600;2018;W;;104.45;94.234;10.216
5217346;24600;2018;W;;97.26;94.234;3.026
5217343;24600;2018;W;;94.45;94.234;0.216
5217321;24600;2018;W;;111.58;94.234;17.346
5217329;24600;2018;W;;111.28;94.23;17.05
5217323;24600;2018;W;;106.57;94.23;12.34
5217310;24600;2018;W;;107.89;94.23;13.66
5217312;24600;2018;W;;105.35;94.608;10.742
5217311;24600;2018;W;;119.62;95.777;23.843
5217316;24600;2018;W;;113.18;96.951;16.229
5217319;24600;2018;W;;115.42;95.846;19.574
5217370;24600;2018;W;;118.31;95.846;22.464
5217374;24600;2018;W;;117.35;95.846;21.504
5217371;24600;2018;W;;111.11;95.22;15.89
5217376;24600;2018;W;;117.09;95.952;21.138
5217379;24600;2018;W;;115.83;95.765;20.065
5217373;24600;2018;W;;113.43;97.716;15.714
5217385;24600;2018;W;;97.24;95.275;1.965
5217382;24600;2018;W;;97.66;95.6;2.06
5217381;24600;2018;W;;91.52;96.639;5.119
5217387;24600;2018;W;;97.27;96.302;0.968
5249651;24651;2018;O;CENTRE;41.84;71.635;29.795
5249657;24651;2018;O;CENTRE;42.61;70.8;28.19
5249658;24651;2018;O;CENTRE;41.19;71.287;30.097
5249656;24651;2018;O;CENTRE;44.32;71.385;27.065
5249659;24651;2018;O;CENTRE;45.86;71.463;25.603
5249640;24651;2018;O;CENTRE;52.15;71.18;19.03
5249645;24651;2018;O;CENTRE;53.29;71.419;18.129
5249644;24651;2018;O;CENTRE;67.02;71.419;4.399
5249642;24651;2018;O;CENTRE;10.25;71.419;61.169
5249641;24651;2018;O;CENTRE;60.38;71.419;11.039
5249647;24651;2018;O;CENTRE;68.47;71.272;2.802
5249649;24651;2018;O;CENTRE;57.15;71.49;14.34
5249643;24651;2018;O;CENTRE;60.77;71.451;10.681
5249620;24651;2018;O;CENTRE;57.63;71.451;13.821
5249625;24651;2018;O;CENTRE;64.19;71.451;7.261
5249624;24651;2018;O;CENTRE;62.26;71.451;9.191
5249622;24651;2018;O;CENTRE;68.18;72.444;4.264
5249627;24651;2018;O;CENTRE;63.12;71.451;8.331
5249628;24651;2018;O;CENTRE;78.51;71.419;7.091
5249626;24651;2018;O;CENTRE;58.56;71.18;12.62
5249143;24649;2018;D;;79.26;69.839;9.421
5249124;24649;2018;D;;80.12;70.118;10.002
5249122;24649;2018;D;;76.95;69.685;7.265
5249127;24649;2018;D;;74.07;70.252;3.818
5249126;24649;2018;D;;82.24;69.676;12.564
5249129;24649;2018;D;;75.89;69.952;5.938
5249123;24649;2018;D;;77.62;69.283;8.337
5249110;24649;2018;D;;71.86;69.558;2.302
5249115;24649;2018;D;;76.86;69.465;7.395
5249114;24649;2018;D;;72.34;69.704;2.636
5249786;24625;2018;D;;39.74;69.839;30.099
5249789;24625;2018;D;;40.99;70.308;29.318
5249783;24625;2018;D;;51.95;69.842;17.892
5249761;24625;2018;D;;32.72;70.528;37.808
5249767;24625;2018;D;;34.55;69.676;35.126
5249766;24625;2018;D;;37.14;69.283;32.143
5249790;24625;2018;D;;32.24;69.704;37.464
5274776;24618;2018;O;CHAMPAGNE-ARDENNE;72.61;69.566;3.044
5274779;24618;2018;O;CHAMPAGNE-ARDENNE;75.98;69.283;6.697
5274773;24618;2018;O;CHAMPAGNE-ARDENNE;58.5;69.283;10.783
5274780;24618;2018;O;CHAMPAGNE-ARDENNE;73.03;69.523;3.507
5274785;24618;2018;O;CHAMPAGNE-ARDENNE;77.21;69.523;7.687
5274784;24618;2018;O;CHAMPAGNE-ARDENNE;31.25;69.523;38.273
5274782;24618;2018;O;CHAMPAGNE-ARDENNE;77.0;69.523;7.477
5274781;24618;2018;O;CHAMPAGNE-ARDENNE;79.92;69.865;10.055
5274787;24618;2018;O;CHAMPAGNE-ARDENNE;60.33;69.865;9.535
5274788;24618;2018;O;CHAMPAGNE-ARDENNE;81.05;69.993;11.057
5274786;24618;2018;O;CHAMPAGNE-ARDENNE;72.12;69.593;2.527
5274783;24618;2018;O;CHAMPAGNE-ARDENNE;84.28;69.554;14.726
5274805;24618;2018;O;CHAMPAGNE-ARDENNE;86.81;69.985;16.825
5274804;24618;2018;O;CHAMPAGNE-ARDENNE;87.06;69.523;17.537
5274802;24618;2018;O;CHAMPAGNE-ARDENNE;77.23;69.554;7.676
5279392;24618;2018;O;CHAMPAGNE-ARDENNE;70.99;69.738;1.252
5279391;24618;2018;O;CHAMPAGNE-ARDENNE;78.75;68.764;9.986
5279398;24618;2018;O;CHAMPAGNE-ARDENNE;67.75;69.489;1.739
5277500;24672;2018;O;;84.2;77.165;7.035
5277539;24672;2018;O;;72.48;77.049;4.569
5277533;24672;2018;O;;75.62;77.272;1.652
5277400;24672;2018;O;;66.43;77.165;10.735
5277402;24672;2018;O;;66.9;79.959;13.059
5277401;24672;2018;O;;82.48;80.047;2.433
5277407;24672;2018;O;;82.53;76.966;5.564
5277408;24672;2018;O;;85.02;76.966;8.054
5277403;24672;2018;O;;83.74;77.083;6.657
5277454;24672;2018;O;;82.77;76.564;6.206
5277452;24672;2018;O;;70.55;76.564;6.014
5277458;24672;2018;O;;78.46;76.652;1.808
5276410;24673;2018;O;;85.42;76.966;8.454
5276415;24673;2018;O;;76.96;77.453;0.493
5276414;24673;2018;O;;81.92;76.564;5.356
5276412;24673;2018;O;;81.84;77.165;4.675
5276184;24673;2018;O;;76.14;77.165;1.025
5276182;24673;2018;O;;68.25;77.165;8.915
5276187;24673;2018;O;;75.05;79.959;4.909
5276188;24673;2018;O;;73.25;80.047;6.797
5276186;24673;2018;O;;73.58;76.966;3.386
5276189;24673;2018;O;;82.68;76.966;5.714
5276160;24673;2018;O;;87.12;77.083;10.037
5276165;24673;2018;O;;72.8;77.083;4.283
5276162;24673;2018;O;;61.0;76.965;15.965
5276167;24673;2018;O;;74.89;76.564;1.674
5276168;24673;2018;O;;82.7;76.564;6.136
5276169;24673;2018;O;;69.24;76.652;7.412
5276774;24673;2018;O;;78.24;76.668;1.572
5276371;24685;2018;O;;90.58;77.453;13.127
5276376;24685;2018;O;;77.21;76.564;0.646
5276380;24685;2018;O;;88.62;76.668;11.952
5279451;24685;2018;O;;77.21;77.049;0.161
5279456;24685;2018;O;;79.78;77.165;2.615
5279440;24685;2018;O;;72.23;80.047;7.817
5279444;24685;2018;O;;71.53;76.966;5.436
5279441;24685;2018;O;;69.05;77.083;8.033
5279447;24685;2018;O;;72.2;77.083;4.883
5279443;24685;2018;O;;75.09;76.564;1.474
5279420;24685;2018;O;;83.08;76.564;6.516
5279425;24685;2018;O;;74.25;76.564;2.314
5279424;24685;2018;O;;75.8;76.652;0.852
5279860;24682;2018;O;CHAMPAGNE-ARDENNE;77.25;69.554;7.696
5279865;24682;2018;O;CHAMPAGNE-ARDENNE;73.67;69.283;4.387
5279386;24682;2018;O;CHAMPAGNE-ARDENNE;71.43;69.738;1.692
5279389;24682;2018;O;CHAMPAGNE-ARDENNE;68.48;68.764;0.284
5279360;24682;2018;O;CHAMPAGNE-ARDENNE;68.98;69.489;0.509
5279361;24682;2018;O;CHAMPAGNE-ARDENNE;72.36;69.523;2.837
5279367;24682;2018;O;CHAMPAGNE-ARDENNE;67.53;69.523;1.993
5279368;24682;2018;O;CHAMPAGNE-ARDENNE;71.4;69.523;1.877
5279366;24682;2018;O;CHAMPAGNE-ARDENNE;69.58;69.523;0.057
5279363;24682;2018;O;CHAMPAGNE-ARDENNE;70.21;69.865;0.345
5279390;24682;2018;O;CHAMPAGNE-ARDENNE;78.96;70.133;8.827
5279393;24682;2018;O;CHAMPAGNE-ARDENNE;79.12;69.554;9.566
5279330;24682;2018;O;CHAMPAGNE-ARDENNE;74.37;69.554;4.816
5273014;24681;2018;O;;79.31;77.049;2.261
5273018;24681;2018;O;;71.27;77.083;5.813
5273068;24681;2018;O;;65.98;76.564;10.584
5273093;24681;2018;O;;76.34;76.564;0.224
5273584;24681;2018;O;;80.09;77.165;2.925
5273587;24681;2018;O;;79.09;76.564;2.526
5273442;24681;2018;O;;81.33;76.965;4.365
5273411;24681;2018;O;;73.18;77.083;3.903
5273205;24681;2018;O;;84.61;79.959;4.651
5273224;24681;2018;O;;76.31;76.564;0.254
5273288;24681;2018;O;;81.93;76.966;4.964
5273260;24681;2018;O;;74.98;80.047;5.067
5273154;24681;2018;O;;87.73;77.453;10.277
5273152;24681;2018;O;;78.78;76.966;1.814
5273982;24688;2018;O;;79.73;76.966;2.764
5273356;24688;2018;O;;85.11;79.959;5.151
5273349;24688;2018;O;;75.39;76.966;1.576
5273394;24688;2018;O;;73.75;76.966;3.216
5280005;24688;2018;O;;78.37;77.165;1.205
5280099;24688;2018;O;;81.62;76.564;5.056
5280503;24688;2018;O;;92.46;77.453;15.007
5280570;24688;2018;O;;79.43;77.206;2.224
5280406;24688;2018;O;;80.98;76.966;4.014
5280455;24688;2018;O;;83.64;77.165;6.475
5280440;24688;2018;O;;76.3;79.959;3.659
5280410;24688;2018;O;;77.67;77.272;0.398
5280474;24688;2018;O;;87.43;77.049;10.381
5280472;24688;2018;O;;80.17;77.083;3.087
5284276;24664;2018;O;;63.65;77.453;13.803
5284283;24664;2018;O;;69.24;76.966;7.726
5284106;24664;2018;O;;74.86;76.564;1.704
5284115;24664;2018;O;;78.61;77.165;1.445
5284193;24664;2018;O;;76.93;77.165;0.235
5284828;24664;2018;O;;70.81;77.083;6.273
5284880;24664;2018;O;;82.15;76.966;5.184
5284881;24664;2018;O;;79.73;76.966;2.764
5284865;24664;2018;O;;77.2;76.652;0.548
5284836;24664;2018;O;;71.53;76.965;5.435
5284644;24664;2018;O;;74.93;76.966;2.036
5284662;24664;2018;O;;81.12;76.564;4.556
5282820;24667;2018;O;CHAMPAGNE-ARDENNE;67.21;69.865;2.655
5282656;24667;2018;O;CHAMPAGNE-ARDENNE;76.36;68.764;7.596
5282624;24667;2018;O;CHAMPAGNE-ARDENNE;76.23;69.523;6.707
5282693;24667;2018;O;CHAMPAGNE-ARDENNE;79.42;69.523;9.897
5282999;24667;2018;O;CHAMPAGNE-ARDENNE;69.45;69.554;0.104
5282350;24667;2018;O;CHAMPAGNE-ARDENNE;71.15;69.554;1.596
5282315;24667;2018;O;CHAMPAGNE-ARDENNE;69.53;69.993;0.463
5282311;24667;2018;O;CHAMPAGNE-ARDENNE;70.73;69.593;1.137
5286312;24696;2018;W;;125.47;95.223;30.247
5286318;24696;2018;W;;111.19;94.969;16.221
5286319;24696;2018;W;;112.95;94.093;18.857
5286313;24696;2018;W;;110.63;93.948;16.682
5286370;24696;2018;W;;115.58;93.948;21.632
5286339;24696;2018;W;;109.27;94.234;15.036
5286333;24696;2018;W;;101.66;94.234;7.426
5289000;24696;2018;W;;106.19;94.234;11.956
5289005;24696;2018;W;;112.42;94.195;18.225
5289007;24696;2018;W;;105.8;94.23;11.57
5289008;24696;2018;W;;107.77;94.23;13.54
5289009;24696;2018;W;;105.99;94.336;11.654
5289003;24696;2018;W;;107.58;94.608;12.972
5289055;24696;2018;W;;99.37;94.862;4.508
5289052;24696;2018;W;;103.18;96.951;6.229
5289051;24696;2018;W;;95.22;95.846;0.626
5289057;24696;2018;W;;95.84;95.846;0.006
5289058;24696;2018;W;;116.18;95.846;20.334
5289044;24696;2018;W;;109.93;95.488;14.442
5289041;24696;2018;W;;103.95;95.765;8.185
5289049;24696;2018;W;;114.53;95.6;18.93
5289020;24696;2018;W;;110.88;96.639;14.241
5283992;24693;2018;W;;116.45;94.365;22.085
5283991;24693;2018;W;;105.92;94.969;10.951
5283998;24693;2018;W;;112.11;94.093;18.017
5283996;24693;2018;W;;117.34;93.948;23.392
5283999;24693;2018;W;;114.19;93.948;20.242
5260050;24693;2018;W;;110.24;94.234;16.006
5260054;24693;2018;W;;108.81;94.234;14.576
5260052;24693;2018;W;;100.85;94.234;6.616
5260051;24693;2018;W;;98.9;94.234;4.666
5260057;24693;2018;W;;105.09;94.234;10.856
5260058;24693;2018;W;;99.63;94.234;5.396
5260053;24693;2018;W;;103.65;94.195;9.455
5260042;24693;2018;W;;97.67;94.23;3.44
5260041;24693;2018;W;;99.57;94.23;5.34
5260043;24693;2018;W;;111.42;94.862;16.558
5260020;24693;2018;W;;113.72;94.325;19.395
5260025;24693;2018;W;;108.02;96.951;11.069
5260024;24693;2018;W;;102.56;95.846;6.714
5260028;24693;2018;W;;126.91;95.846;31.064
5260026;24693;2018;W;;104.73;95.22;9.51
5260010;24693;2018;W;;106.91;95.488;11.422
5260014;24693;2018;W;;103.9;95.765;8.135
5260011;24693;2018;W;;99.02;96.645;2.375
5260018;24693;2018;W;;102.56;95.6;6.96
5260016;24693;2018;W;;101.57;95.6;5.97
5260019;24693;2018;W;;99.53;96.639;2.891
5262676;24632;2018;W;;117.66;95.223;22.437
5262679;24632;2018;W;;116.11;94.496;21.614
5262673;24632;2018;W;;111.97;94.365;17.605
5262684;24632;2018;W;;112.67;94.093;18.577
5262681;24632;2018;W;;115.06;93.948;21.112
5261013;24632;2018;W;;97.23;94.234;2.996
5261070;24632;2018;W;;96.02;94.234;1.786
5261074;24632;2018;W;;103.49;94.234;9.256
5261072;24632;2018;W;;106.11;94.234;11.876
5261071;24632;2018;W;;113.02;94.234;18.786
5261077;24632;2018;W;;107.09;94.195;12.895
5261079;24632;2018;W;;106.58;94.23;12.35
5261080;24632;2018;W;;106.36;94.23;12.13
5261085;24632;2018;W;;108.83;94.336;14.494
5261082;24632;2018;W;;106.67;94.608;12.062
5261083;24632;2018;W;;109.55;95.846;13.704
5261060;24632;2018;W;;105.36;95.846;9.514
5261062;24632;2018;W;;117.21;95.22;21.99
5261061;24632;2018;W;;107.6;95.22;12.38
5261066;24632;2018;W;;110.31;95.952;14.358
5261069;24632;2018;W;;112.77;95.765;17.005
5261094;24632;2018;W;;104.45;95.6;8.85
5261091;24632;2018;W;;104.69;96.639;8.051
5261097;24632;2018;W;;106.04;96.302;9.738
5263765;24633;2018;W;;115.45;95.223;20.227
5263764;24633;2018;W;;117.92;94.496;23.424
5263762;24633;2018;W;;127.82;94.365;33.455
5263767;24633;2018;W;;122.24;94.172;28.068
5263768;24633;2018;W;;113.92;94.093;19.827
5263766;24633;2018;W;;123.91;93.948;29.962
5263769;24633;2018;W;;111.32;93.948;17.372
5263763;24633;2018;W;;110.3;94.093;16.207
5290500;24633;2018;W;;114.1;94.234;19.866
5290504;24633;2018;W;;113.39;94.234;19.156
5290555;24633;2018;W;;98.17;94.23;3.94
5290554;24633;2018;W;;101.6;94.23;7.37
5290558;24633;2018;W;;105.34;94.336;11.004
5290556;24633;2018;W;;109.24;94.608;14.632
5290540;24633;2018;W;;116.26;94.325;21.935
5290545;24633;2018;W;;112.96;96.951;16.009
5290542;24633;2018;W;;110.22;95.846;14.374
5290541;24633;2018;W;;119.02;95.846;23.174
5290548;24633;2018;W;;114.07;95.846;18.224
5290520;24633;2018;W;;128.58;95.488;33.092
5290521;24633;2018;W;;124.24;96.645;27.595
5290526;24633;2018;W;;121.2;95.6;25.6
5290529;24633;2018;W;;122.18;96.639;25.541
5291158;24901;2018;W;;111.8;95.223;16.577
5291156;24901;2018;W;;114.66;94.496;20.164
5291159;24901;2018;W;;113.27;94.365;18.905
5291153;24901;2018;W;;108.26;94.969;13.291
5291145;24901;2018;W;;106.69;94.093;12.597
5291142;24901;2018;W;;110.41;93.948;16.462
5297517;24901;2018;W;;111.38;94.234;17.146
5297518;24901;2018;W;;112.56;94.234;18.326
5297516;24901;2018;W;;104.28;94.234;10.046
5297519;24901;2018;W;;107.43;94.234;13.196
5297513;24901;2018;W;;107.68;94.234;13.446
5297575;24901;2018;W;;101.36;94.234;7.126
5297574;24901;2018;W;;99.64;94.234;5.406
5297571;24901;2018;W;;100.66;94.195;6.465
5297577;24901;2018;W;;113.67;94.23;19.44
5297578;24901;2018;W;;104.05;94.23;9.82
5297579;24901;2018;W;;113.5;94.23;19.27
5297580;24901;2018;W;;109.42;94.336;15.084
5297584;24901;2018;W;;110.38;94.608;15.772
5297582;24901;2018;W;;111.65;95.777;15.873
5297587;24901;2018;W;;101.1;94.325;6.775
5297588;24901;2018;W;;97.09;96.951;0.139
5297586;24901;2018;W;;113.87;95.846;18.024
5297589;24901;2018;W;;109.05;95.846;13.204
5297583;24901;2018;W;;115.72;95.846;19.874
5297560;24901;2018;W;;114.79;95.846;18.944
5297565;24901;2018;W;;113.3;95.846;17.454
5297561;24901;2018;W;;108.42;97.737;10.683
5297569;24901;2018;W;;108.8;97.716;11.084
5297590;24901;2018;W;;115.54;95.275;20.265
5297594;24901;2018;W;;105.38;95.6;9.78
5297592;24901;2018;W;;113.33;96.639;16.691
5297591;24901;2018;W;;114.55;96.302;18.248
5298271;24908;2018;W;;111.87;95.223;16.647
5298278;24908;2018;W;;116.09;94.365;21.725
5298279;24908;2018;W;;111.71;94.172;17.538
5298280;24908;2018;W;;114.48;93.948;20.532
5298285;24908;2018;W;;112.84;93.948;18.892
5298284;24908;2018;W;;116.08;94.093;21.987
5296581;24908;2018;W;;101.97;94.234;7.736
5296588;24908;2018;W;;109.79;94.234;15.556
5296586;24908;2018;W;;114.5;94.234;20.266
5296583;24908;2018;W;;118.53;94.234;24.296
5296560;24908;2018;W;;106.27;94.234;12.036
5296565;24908;2018;W;;104.57;94.234;10.336
5296564;24908;2018;W;;103.23;94.195;9.035
5296562;24908;2018;W;;105.97;94.23;11.74
5296568;24908;2018;W;;116.67;94.23;22.44
5296569;24908;2018;W;;97.58;94.336;3.244
5296563;24908;2018;W;;101.36;94.336;7.024
5296590;24908;2018;W;;103.46;94.608;8.852
5296595;24908;2018;W;;101.78;95.777;6.003
5296594;24908;2018;W;;99.91;94.862;5.048
5296592;24908;2018;W;;104.69;94.325;10.365
5296597;24908;2018;W;;110.82;95.846;14.974
5296596;24908;2018;W;;112.36;95.846;16.514
5296599;24908;2018;W;;122.37;95.846;26.524
5296593;24908;2018;W;;114.62;95.846;18.774
5296530;24908;2018;W;;107.87;95.22;12.65
5296535;24908;2018;W;;108.67;95.22;13.45
5296537;24908;2018;W;;106.75;95.765;10.985
5296400;24908;2018;W;;121.62;95.6;26.02
5296405;24908;2018;W;;122.83;96.639;26.191
5296241;24906;2018;W;;127.78;94.496;33.284
5296247;24906;2018;W;;113.59;94.365;19.225
5296246;24906;2018;W;;108.55;94.172;14.378
5296249;24906;2018;W;;123.38;94.093;29.287
5296243;24906;2018;W;;107.91;93.948;13.962
5296225;24906;2018;W;;112.69;94.093;18.597
5299561;24906;2018;W;;105.32;94.234;11.086
5299566;24906;2018;W;;118.29;94.234;24.056
5299569;24906;2018;W;;114.75;94.234;20.516
5299595;24906;2018;W;;107.33;94.195;13.135
5299594;24906;2018;W;;111.24;94.23;17.01
5299591;24906;2018;W;;103.87;94.23;9.64
5299593;24906;2018;W;;94.38;94.608;0.228
5299530;24906;2018;W;;101.08;95.777;5.303
5299534;24906;2018;W;;104.35;94.325;10.025
5299538;24906;2018;W;;101.59;95.846;5.744
5299536;24906;2018;W;;94.96;95.846;0.886
5299402;24906;2018;W;;115.22;95.952;19.268
5299408;24906;2018;W;;107.75;96.645;11.105
5299450;24906;2018;W;;106.82;96.639;10.181
5235217;24945;2018;O;PICARDIE;81.18;93.476;12.296
5235218;24945;2018;O;PICARDIE;80.94;90.76;9.82
5235216;24945;2018;O;PICARDIE;79.81;93.108;13.298
5235270;24945;2018;O;PICARDIE;85.45;87.77;2.32
5235272;24945;2018;O;PICARDIE;79.6;93.36;13.76
5235277;24945;2018;O;PICARDIE;82.54;93.582;11.042
5235285;24945;2018;O;PICARDIE;85.38;93.476;8.096
5235281;24945;2018;O;PICARDIE;79.08;90.76;11.68
5235286;24945;2018;O;PICARDIE;76.55;93.125;16.575
5235289;24945;2018;O;PICARDIE;77.05;90.409;13.359
5235283;24945;2018;O;PICARDIE;83.39;93.125;9.735
5235260;24945;2018;O;PICARDIE;82.64;90.409;7.769
5235264;24945;2018;O;PICARDIE;79.24;90.409;11.169
5235262;24945;2018;O;PICARDIE;81.52;93.125;11.605
5235261;24945;2018;O;PICARDIE;79.82;90.409;10.589
5235267;24945;2018;O;PICARDIE;88.17;93.108;4.938
5235266;24945;2018;O;PICARDIE;84.79;93.108;8.318
5235269;24945;2018;O;PICARDIE;81.98;90.392;8.412
5235263;24945;2018;O;PICARDIE;82.43;92.99;10.56
5235290;24945;2018;O;PICARDIE;80.9;90.274;9.374
5235291;24945;2018;O;PICARDIE;81.86;89.98;8.12
5235297;24945;2018;O;PICARDIE;74.93;92.589;17.659
5235299;24945;2018;O;PICARDIE;78.86;87.682;8.822
5235230;24945;2018;O;PICARDIE;84.07;87.682;3.612
5235123;24942;2018;O;;80.04;77.083;2.957
5235110;24942;2018;O;;81.94;75.488;6.452
5235115;24942;2018;O;;81.66;76.652;5.008
5235112;24942;2018;O;;83.51;77.453;6.057
5235119;24942;2018;O;;83.01;75.184;7.826
5235113;24942;2018;O;;77.87;77.049;0.821
5235175;24942;2018;O;;80.53;77.272;3.258
5235174;24942;2018;O;;77.83;75.249;2.581
5235171;24942;2018;O;;80.47;75.143;5.327
5235176;24942;2018;O;;72.13;77.165;5.035
5235179;24942;2018;O;;72.99;75.143;2.153
5235173;24942;2018;O;;79.47;79.959;0.489
5235184;24942;2018;O;;86.7;75.23;11.47
5235182;24942;2018;O;;77.19;76.966;0.224
5235189;24942;2018;O;;78.58;75.371;3.209
5235183;24942;2018;O;;79.98;76.966;3.014
5235165;24942;2018;O;;81.33;77.083;4.247
5235161;24942;2018;O;;75.74;75.488;0.252
5235167;24942;2018;O;;79.96;76.965;2.995
5235168;24942;2018;O;;75.3;75.37;0.07
5235166;24942;2018;O;;82.11;76.564;5.546
5235190;24942;2018;O;;82.05;72.685;9.365
5235194;24942;2018;O;;85.58;72.685;12.895
5235191;24942;2018;O;;82.05;71.102;10.948
5235197;24942;2018;O;;75.4;76.564;1.164
5235198;24942;2018;O;;76.74;71.102;5.638
5234205;24917;2018;W;;112.74;95.223;17.517
5234206;24917;2018;W;;109.99;93.948;16.042
5234209;24917;2018;W;;112.73;93.948;18.782
5234203;24917;2018;W;;117.82;94.093;23.727
5234235;24917;2018;W;;111.27;94.234;17.036
5234234;24917;2018;W;;112.61;94.234;18.376
5234232;24917;2018;W;;110.65;94.234;16.416
5234239;24917;2018;W;;111.04;94.234;16.806
5234233;24917;2018;W;;107.86;94.195;13.665
5234105;24917;2018;W;;109.86;94.23;15.63
5234104;24917;2018;W;;113.24;94.23;19.01
5234102;24917;2018;W;;116.14;94.23;21.91
5234107;24917;2018;W;;112.37;94.336;18.034
5234106;24917;2018;W;;109.15;94.608;14.542
5234109;24917;2018;W;;111.82;95.777;16.043
5234103;24917;2018;W;;118.26;94.862;23.398
5234150;24917;2018;W;;113.65;94.325;19.325
5234154;24917;2018;W;;106.28;95.846;10.434
5234152;24917;2018;W;;100.21;95.846;4.364
5234151;24917;2018;W;;114.1;95.846;18.254
5234140;24917;2018;W;;114.85;95.488;19.362
5234144;24917;2018;W;;107.97;95.765;12.205
5234142;24917;2018;W;;108.13;97.716;10.414
5234147;24917;2018;W;;103.53;95.275;8.255
5234148;24917;2018;W;;98.57;95.6;2.97
5234149;24917;2018;W;;107.83;96.639;11.191
5234143;24917;2018;W;;112.49;96.302;16.188
5232109;24919;2018;W;;116.04;95.223;20.817
5232150;24919;2018;W;;117.62;94.365;23.255
5232155;24919;2018;W;;117.74;94.969;22.771
5232154;24919;2018;W;;121.67;94.172;27.498
5232158;24919;2018;W;;115.38;94.093;21.287
5232856;24919;2018;W;;104.32;94.234;10.086
5232859;24919;2018;W;;109.65;94.234;15.416
5232845;24919;2018;W;;104.62;94.234;10.386
5232844;24919;2018;W;;100.59;94.234;6.356
5232842;24919;2018;W;;104.94;94.234;10.706
5232847;24919;2018;W;;104.4;94.234;10.166
5232848;24919;2018;W;;103.1;94.195;8.905
5232846;24919;2018;W;;116.73;94.23;22.5
5232849;24919;2018;W;;97.92;94.23;3.69
5232843;24919;2018;W;;98.24;94.23;4.01
5232820;24919;2018;W;;97.38;94.23;3.15
5232824;24919;2018;W;;102.59;94.336;8.254
5232827;24919;2018;W;;120.9;95.777;25.123
5232829;24919;2018;W;;124.56;96.951;27.609
5232823;24919;2018;W;;124.2;95.846;28.354
5232815;24919;2018;W;;116.3;95.846;20.454
5232814;24919;2018;W;;115.66;95.846;19.814
5232812;24919;2018;W;;121.29;95.846;25.444
5232818;24919;2018;W;;111.76;97.737;14.023
5232813;24919;2018;W;;112.69;95.765;16.925
5232872;24919;2018;W;;111.36;95.6;15.76
5232871;24919;2018;W;;117.74;95.6;22.14
5231758;24975;2018;W;;114.7;94.496;20.204
5231753;24975;2018;W;;116.75;94.172;22.578
5231740;24975;2018;W;;105.0;94.093;10.907
5231745;24975;2018;W;;118.56;93.948;24.612
5231744;24975;2018;W;;111.95;93.948;18.002
5231742;24975;2018;W;;112.28;94.093;18.187
5231911;24975;2018;W;;97.5;94.234;3.266
5231916;24975;2018;W;;107.12;94.234;12.886
5231913;24975;2018;W;;110.09;94.234;15.856
5231975;24975;2018;W;;105.63;94.234;11.396
5231971;24975;2018;W;;111.72;94.23;17.49
5231977;24975;2018;W;;108.85;94.23;14.62
5231978;24975;2018;W;;110.51;94.23;16.28
5231973;24975;2018;W;;105.72;94.336;11.384
5231984;24975;2018;W;;127.76;95.777;31.983
5231988;24975;2018;W;;116.88;95.846;21.034
5231983;24975;2018;W;;105.36;95.846;9.514
5231960;24975;2018;W;;109.98;95.846;14.134
5231965;24975;2018;W;;116.43;95.22;21.21
5231964;24975;2018;W;;103.79;95.22;8.57
5231962;24975;2018;W;;121.1;97.737;23.363
5231961;24975;2018;W;;105.62;95.488;10.132
5231967;24975;2018;W;;112.69;95.952;16.738
5231968;24975;2018;W;;121.95;95.765;26.185
5231966;24975;2018;W;;106.11;97.716;8.394
5231992;24975;2018;W;;89.3;96.302;7.002
5238008;24960;2018;W;;110.84;95.223;15.617
5238006;24960;2018;W;;117.61;99.973;17.637
5238003;24960;2018;W;;114.81;94.496;20.314
5238050;24960;2018;W;;101.54;97.691;3.849
5238055;24960;2018;W;;99.61;101.358;1.748
5238054;24960;2018;W;;96.09;94.365;1.725
5238052;24960;2018;W;;114.6;96.125;18.475
5238051;24960;2018;W;;112.03;100.287;11.743
5238057;24960;2018;W;;86.08;94.969;8.889
5238053;24960;2018;W;;110.84;95.8;15.04
5238040;24960;2018;W;;109.31;100.755;8.555
5238045;24960;2018;W;;111.03;94.093;16.937
5238044;24960;2018;W;;115.62;95.721;19.899
5238042;24960;2018;W;;104.56;99.87;4.69
5238041;24960;2018;W;;96.12;93.948;2.172
5238048;24960;2018;W;;103.94;98.793;5.147
5238046;24960;2018;W;;105.6;93.948;11.652
5238043;24960;2018;W;;105.04;98.793;6.247
5238020;24960;2018;W;;108.08;94.093;13.987
5238024;24960;2018;W;;110.53;99.202;11.328
5238021;24960;2018;W;;109.24;96.024;13.216
5238028;24960;2018;W;;108.94;94.234;14.706
5238026;24960;2018;W;;107.68;96.024;11.656
5238029;24960;2018;W;;98.69;99.758;1.068
5238023;24960;2018;W;;95.99;94.234;1.756
5238015;24960;2018;W;;109.67;100.02;9.65
5238014;24960;2018;W;;95.07;94.234;0.836
5238012;24960;2018;W;;111.01;96.554;14.456
5238011;24960;2018;W;;106.68;100.11;6.57
5238017;24960;2018;W;;78.2;94.234;16.034
5238075;24960;2018;W;;98.3;94.234;4.066
5238074;24960;2018;W;;100.78;96.554;4.226
5238072;24960;2018;W;;96.43;99.6;3.17
5238079;24960;2018;W;;114.52;96.554;17.966
5238073;24960;2018;W;;109.25;99.6;9.65
5238082;24960;2018;W;;101.18;94.23;6.95
5238087;24960;2018;W;;106.49;99.596;6.894
5238086;24960;2018;W;;107.36;96.55;10.81
5238089;24960;2018;W;;105.48;99.596;5.884
5238060;24960;2018;W;;111.77;96.55;15.22
5238065;24960;2018;W;;106.39;99.596;6.794
5238061;24960;2018;W;;108.53;99.596;8.934
5238069;24960;2018;W;;82.94;94.336;11.396
5238063;24960;2018;W;;110.27;96.701;13.569
5238090;24960;2018;W;;105.2;99.27;5.93
5238094;24960;2018;W;;106.12;96.925;9.195
5238091;24960;2018;W;;104.65;94.608;10.042
5238096;24960;2018;W;;97.47;95.777;1.693
5238099;24960;2018;W;;115.93;98.062;17.868
5238093;24960;2018;W;;112.19;96.782;15.408
5238030;24960;2018;W;;83.04;94.862;11.822
5238035;24960;2018;W;;105.79;97.304;8.486
5238031;24960;2018;W;;102.34;96.768;5.572
5238037;24960;2018;W;;105.39;97.836;7.554
5238038;24960;2018;W;;110.88;96.951;13.929
5238033;24960;2018;W;;89.79;95.846;6.056
5238500;24960;2018;W;;113.97;98.242;15.728
5238505;24960;2018;W;;116.12;97.231;18.889
5238501;24960;2018;W;;106.1;97.231;8.869
5238507;24960;2018;W;;82.79;95.846;13.056
5238506;24960;2018;W;;106.29;97.251;9.039
5238503;24960;2018;W;;101.61;98.262;3.348
5238555;24960;2018;W;;87.07;95.846;8.776
5238554;24960;2018;W;;101.09;97.83;3.26
5238552;24960;2018;W;;100.78;97.203;3.577
5238557;24960;2018;W;;106.58;97.011;9.569
5238556;24960;2018;W;;102.84;95.22;7.62
5238545;24960;2018;W;;114.16;101.508;12.652
5238544;24960;2018;W;;110.36;101.464;8.896
5238541;24960;2018;W;;113.79;99.828;13.962
5238546;24960;2018;W;;111.01;99.245;11.765
5238543;24960;2018;W;;100.47;95.765;4.705
5238525;24960;2018;W;;110.31;98.491;11.819
5238524;24960;2018;W;;113.28;97.716;15.564
5238522;24960;2018;W;;107.25;98.973;8.277
5238523;24960;2018;W;;114.09;98.235;15.855
5238510;24960;2018;W;;95.17;97.463;2.293
5238515;24960;2018;W;;120.44;95.6;24.84
5238512;24960;2018;W;;111.64;98.01;13.63
5238511;24960;2018;W;;112.19;95.6;16.59
5238517;24960;2018;W;;117.97;98.561;19.409
5238518;24960;2018;W;;108.03;99.163;8.867
5238516;24960;2018;W;;115.05;96.639;18.411
5238519;24960;2018;W;;110.83;99.207;11.623
5238513;24960;2018;W;;115.98;99.81;16.17
5238570;24960;2018;W;;88.26;96.302;8.042
5238575;24960;2018;W;;100.28;97.816;2.464
5238200;24964;2018;W;;70.95;95.223;24.273
5238205;24964;2018;W;;72.59;99.973;27.383
5238201;24964;2018;W;;86.94;94.365;7.425
5238208;24964;2018;W;;90.61;94.969;4.359
5238209;24964;2018;W;;87.92;94.172;6.252
5238254;24964;2018;W;;91.72;93.948;2.228
5238252;24964;2018;W;;86.76;95.738;8.978
5238257;24964;2018;W;;89.36;95.738;6.378
5238240;24964;2018;W;;88.55;94.234;5.684
5238242;24964;2018;W;;87.19;96.464;9.274
5238247;24964;2018;W;;85.22;96.554;11.334
5238248;24964;2018;W;;93.47;94.234;0.764
5238246;24964;2018;W;;88.7;96.554;7.854
5238243;24964;2018;W;;112.57;96.554;16.016
5238220;24964;2018;W;;83.23;94.234;11.004
5238225;24964;2018;W;;91.4;96.554;5.154
5238224;24964;2018;W;;89.56;94.234;4.674
5238222;24964;2018;W;;96.75;96.554;0.196
5238221;24964;2018;W;;104.92;94.234;10.686
5238227;24964;2018;W;;102.72;96.554;6.166
5238229;24964;2018;W;;92.02;94.23;2.21
5238212;24964;2018;W;;80.95;96.55;15.6
5238211;24964;2018;W;;106.91;94.23;12.68
5238217;24964;2018;W;;102.04;96.55;5.49
5238218;24964;2018;W;;89.6;94.23;4.63
5238219;24964;2018;W;;88.29;94.336;6.046
5238213;24964;2018;W;;89.97;96.701;6.731
5238271;24964;2018;W;;90.86;95.777;4.917
5238278;24964;2018;W;;82.16;94.862;12.702
5238276;24964;2018;W;;79.75;97.304;17.554
5238279;24964;2018;W;;84.27;94.325;10.055
5238273;24964;2018;W;;86.58;96.768;10.188
5238288;24964;2018;W;;74.5;95.846;21.346
5238286;24964;2018;W;;73.71;98.262;24.552
5238289;24964;2018;W;;84.44;95.846;11.406
5238260;24964;2018;W;;67.15;95.846;28.696
5238265;24964;2018;W;;69.15;97.83;28.68
5238267;24964;2018;W;;79.8;97.011;17.211
5238266;24964;2018;W;;91.1;101.508;10.408
5238269;24964;2018;W;;85.67;95.488;9.818
5238290;24964;2018;W;;85.7;95.952;10.252
5238295;24964;2018;W;;86.06;99.245;13.185
5238292;24964;2018;W;;81.62;99.245;17.625
5238297;24964;2018;W;;81.46;98.973;17.513
5238296;24964;2018;W;;76.99;98.385;21.395
5238299;24964;2018;W;;95.42;95.275;0.145
5238293;24964;2018;W;;87.5;98.235;10.735
5238234;24964;2018;W;;74.05;95.6;21.55
5238236;24964;2018;W;;89.45;97.816;8.366
5238923;24966;2018;W;;110.94;95.223;15.717
5238910;24966;2018;W;;90.06;99.973;9.913
5238915;24966;2018;W;;111.21;103.673;7.537
5238914;24966;2018;W;;111.96;94.496;17.464
5238917;24966;2018;W;;93.05;94.365;1.315
5238916;24966;2018;W;;114.53;100.287;14.243
5238913;24966;2018;W;;106.99;96.598;10.392
5238970;24966;2018;W;;109.3;101.553;7.747
5238974;24966;2018;W;;85.34;95.8;10.46
5238977;24966;2018;W;;78.71;95.721;17.011
5238978;24966;2018;W;;110.09;99.87;10.22
5238976;24966;2018;W;;113.11;93.948;19.162
5238979;24966;2018;W;;115.02;95.738;19.282
5238973;24966;2018;W;;118.96;98.793;20.167
5238980;24966;2018;W;;73.32;93.948;20.628
5238985;24966;2018;W;;109.15;95.738;13.412
5238984;24966;2018;W;;111.16;98.793;12.367
5238981;24966;2018;W;;95.17;95.883;0.713
5238987;24966;2018;W;;113.91;99.202;14.708
5238986;24966;2018;W;;103.11;96.024;7.086
5238989;24966;2018;W;;116.2;99.392;16.808
5238960;24966;2018;W;;109.3;96.024;13.276
5238965;24966;2018;W;;116.54;99.758;16.782
5238962;24966;2018;W;;124.23;96.464;27.766
5238961;24966;2018;W;;110.33;100.02;10.31
5238967;24966;2018;W;;63.67;94.234;30.564
5238968;24966;2018;W;;112.89;96.554;16.336
5238963;24966;2018;W;;113.55;96.554;16.996
5238990;24966;2018;W;;98.9;100.11;1.21
5238992;24966;2018;W;;96.22;100.11;3.89
5238991;24966;2018;W;;79.47;94.234;14.764
5238997;24966;2018;W;;83.9;96.554;12.654
5238998;24966;2018;W;;114.23;99.6;14.63
5238999;24966;2018;W;;60.16;96.554;36.394
5238932;24966;2018;W;;76.87;94.195;17.325
5238931;24966;2018;W;;68.26;96.514;28.254
5238938;24966;2018;W;;104.22;94.23;9.99
5238936;24966;2018;W;;123.14;96.55;26.59
5238939;24966;2018;W;;109.3;99.596;9.704
5238933;24966;2018;W;;101.83;94.23;7.6
5238300;24966;2018;W;;101.84;96.55;5.29
5238304;24966;2018;W;;93.37;94.23;0.86
5238307;24966;2018;W;;67.26;94.23;26.97
5238308;24966;2018;W;;87.62;96.55;8.93
5238354;24966;2018;W;;106.68;96.701;9.979
5238351;24966;2018;W;;91.93;94.336;2.406
5238356;24966;2018;W;;102.96;94.608;8.352
5238345;24966;2018;W;;86.77;98.062;11.292
5238342;24966;2018;W;;48.66;94.862;46.202
5238347;24966;2018;W;;98.44;98.372;0.068
5238346;24966;2018;W;;101.17;96.768;4.402
5238343;24966;2018;W;;94.59;96.951;2.361
5238320;24966;2018;W;;105.95;99.089;6.861
5238324;24966;2018;W;;93.79;95.846;2.056
5238322;24966;2018;W;;94.53;98.242;3.712
5238321;24966;2018;W;;74.97;97.231;22.261
5238326;24966;2018;W;;106.34;97.231;9.109
5238329;24966;2018;W;;88.86;95.846;6.986
5238310;24966;2018;W;;94.56;97.251;2.691
5238314;24966;2018;W;;108.74;98.262;10.478
5238316;24966;2018;W;;104.6;95.22;9.38
5238370;24966;2018;W;;109.71;95.22;14.49
5238377;24966;2018;W;;115.56;101.464;14.096
5238378;24966;2018;W;;100.43;95.488;4.942
5238376;24966;2018;W;;82.49;99.828;17.338
5238379;24966;2018;W;;106.86;98.613;8.247
5238380;24966;2018;W;;95.93;99.245;3.315
5238385;24966;2018;W;;103.42;98.491;4.929
5238381;24966;2018;W;;114.43;98.491;15.939
5238387;24966;2018;W;;54.65;97.716;43.066
5238388;24966;2018;W;;98.69;98.973;0.283
5238386;24966;2018;W;;106.33;97.853;8.477
5238383;24966;2018;W;;105.34;98.385;6.955
5238360;24966;2018;W;;115.24;97.613;17.627
5238365;24966;2018;W;;70.93;95.275;24.345
5238364;24966;2018;W;;67.11;98.235;31.125
5238361;24966;2018;W;;107.04;95.6;11.44
5238367;24966;2018;W;;100.06;98.561;1.499
5238368;24966;2018;W;;109.49;98.01;11.48
5238366;24966;2018;W;;111.73;95.6;16.13
5238395;24966;2018;W;;100.8;99.207;1.593
5238391;24966;2018;W;;75.14;97.816;22.676
5236521;24963;2018;W;;85.69;99.973;14.283
5236528;24963;2018;W;;89.81;94.496;4.686
5236526;24963;2018;W;;85.18;97.691;12.511
5236510;24963;2018;W;;73.41;96.125;22.715
5236515;24963;2018;W;;75.97;100.287;24.317
5236514;24963;2018;W;;99.16;94.969;4.191
5236512;24963;2018;W;;74.94;96.598;21.658
5236511;24963;2018;W;;69.22;101.553;32.333
5236517;24963;2018;W;;108.76;94.172;14.588
5236518;24963;2018;W;;87.48;95.8;8.32
5236575;24963;2018;W;;77.44;93.948;16.508
5236572;24963;2018;W;;87.19;98.793;11.603
5236577;24963;2018;W;;81.89;95.738;13.848
5236578;24963;2018;W;;62.58;98.793;36.213
5236573;24963;2018;W;;52.73;99.202;46.472
5236580;24963;2018;W;;75.97;94.234;18.264
5236585;24963;2018;W;;71.5;96.024;24.524
5236584;24963;2018;W;;71.72;99.392;27.672
5236581;24963;2018;W;;95.42;96.024;0.604
5236587;24963;2018;W;;62.44;99.758;37.318
5236588;24963;2018;W;;83.76;94.234;10.474
5236586;24963;2018;W;;96.18;96.464;0.284
5236583;24963;2018;W;;99.86;94.234;5.626
5236560;24963;2018;W;;75.51;96.554;21.044
5236565;24963;2018;W;;69.92;100.11;30.19
5236564;24963;2018;W;;105.67;94.234;11.436
5236561;24963;2018;W;;70.83;100.11;29.28
5236567;24963;2018;W;;91.4;94.234;2.834
5236568;24963;2018;W;;83.39;96.554;13.164
5236566;24963;2018;W;;55.43;100.11;44.68
5236590;24963;2018;W;;72.12;99.6;27.48
5236592;24963;2018;W;;72.21;99.6;27.39
5236591;24963;2018;W;;82.54;94.234;11.694
5236597;24963;2018;W;;98.4;96.554;1.846
5236596;24963;2018;W;;106.61;94.195;12.415
5236599;24963;2018;W;;66.58;96.514;29.934
5236593;24963;2018;W;;79.11;99.561;20.451
5236530;24963;2018;W;;97.3;94.23;3.07
5236532;24963;2018;W;;92.79;94.23;1.44
5236531;24963;2018;W;;71.29;96.55;25.26
5236538;24963;2018;W;;101.71;94.23;7.48
5236536;24963;2018;W;;67.8;96.55;28.75
5236539;24963;2018;W;;74.11;99.596;25.486
5236404;24963;2018;W;;68.45;94.23;25.78
5236402;24963;2018;W;;83.39;96.55;13.16
5236407;24963;2018;W;;84.76;94.336;9.576
5236406;24963;2018;W;;71.16;99.27;28.11
5236450;24963;2018;W;;52.34;99.326;46.986
5236454;24963;2018;W;;61.81;97.688;35.878
5236452;24963;2018;W;;67.8;99.799;31.999
5236451;24963;2018;W;;90.21;95.777;5.567
5236457;24963;2018;W;;69.08;98.062;28.982
5236444;24963;2018;W;;61.87;97.836;35.966
5236442;24963;2018;W;;84.55;96.951;12.401
5236441;24963;2018;W;;69.06;99.089;30.029
5236447;24963;2018;W;;55.29;98.37;43.08
5236446;24963;2018;W;;94.8;98.242;3.442
5236449;24963;2018;W;;53.79;97.231;43.441
5236443;24963;2018;W;;77.09;95.846;18.756
5236420;24963;2018;W;;63.29;98.242;34.952
5236422;24963;2018;W;;102.41;98.262;4.148
5236427;24963;2018;W;;94.31;95.846;1.536
5236428;24963;2018;W;;71.57;98.262;26.692
5236426;24963;2018;W;;64.28;97.251;32.971
5236429;24963;2018;W;;95.19;95.846;0.656
5236423;24963;2018;W;;82.96;97.83;14.87
5236410;24963;2018;W;;71.46;97.203;25.743
5236415;24963;2018;W;;91.95;95.22;3.27
5236414;24963;2018;W;;66.98;97.011;30.031
5236417;24963;2018;W;;98.25;97.011;1.239
5236416;24963;2018;W;;87.22;97.737;10.517
5236470;24963;2018;W;;86.52;95.488;8.968
5236475;24963;2018;W;;87.79;99.828;12.038
5236474;24963;2018;W;;73.58;98.613;25.033
5236472;24963;2018;W;;77.28;95.952;18.672
5236471;24963;2018;W;;71.89;99.245;27.355
5236478;24963;2018;W;;86.35;95.765;9.415
5236476;24963;2018;W;;101.69;99.245;2.445
5236479;24963;2018;W;;72.66;98.491;25.831
5236480;24963;2018;W;;68.21;98.973;30.763
5236485;24963;2018;W;;64.95;97.853;32.903
5236484;24963;2018;W;;84.06;96.645;12.585
5236482;24963;2018;W;;71.89;98.385;26.495
5236481;24963;2018;W;;63.59;97.613;34.023
5236486;24963;2018;W;;73.06;97.463;24.403
5236489;24963;2018;W;;84.9;95.6;10.7
5236483;24963;2018;W;;64.49;98.561;34.071
5236465;24963;2018;W;;89.54;95.6;6.06
5236464;24963;2018;W;;89.02;98.561;9.541
5236462;24963;2018;W;;71.63;99.163;27.533
5236468;24963;2018;W;;68.27;99.81;31.54
5236466;24963;2018;W;;106.11;96.302;9.808
5236469;24963;2018;W;;76.61;97.816;21.206
5236767;24994;2018;W;;76.3;99.973;23.673
5236766;24994;2018;W;;78.09;97.691;19.601
5236790;24994;2018;W;;77.58;94.969;17.389
5236795;24994;2018;W;;75.85;96.598;20.748
5236794;24994;2018;W;;78.44;94.172;15.732
5236792;24994;2018;W;;90.07;95.8;5.73
5236791;24994;2018;W;;91.48;94.093;2.613
5236797;24994;2018;W;;91.71;95.721;4.011
5236798;24994;2018;W;;91.86;93.948;2.088
5236799;24994;2018;W;;84.94;93.948;9.008
5236793;24994;2018;W;;78.09;95.738;17.648
5236730;24994;2018;W;;95.19;94.093;1.097
5236735;24994;2018;W;;86.29;95.883;9.593
5236734;24994;2018;W;;103.96;94.234;9.726
5236732;24994;2018;W;;93.24;96.024;2.784
5236731;24994;2018;W;;100.35;94.234;6.116
5236737;24994;2018;W;;86.0;96.024;10.024
5236736;24994;2018;W;;71.74;96.464;24.724
5236739;24994;2018;W;;86.81;94.234;7.424
5236733;24994;2018;W;;83.42;96.554;13.134
5236802;24994;2018;W;;81.7;96.554;14.854
5236801;24994;2018;W;;76.57;94.234;17.664
5236807;24994;2018;W;;69.41;96.554;27.144
5236806;24994;2018;W;;85.81;96.554;10.744
5236809;24994;2018;W;;93.69;94.234;0.544
5236803;24994;2018;W;;80.94;96.554;15.614
5236850;24994;2018;W;;81.2;94.195;12.995
5236855;24994;2018;W;;89.98;96.514;6.534
5236854;24994;2018;W;;65.57;94.23;28.66
5236858;24994;2018;W;;82.15;94.23;12.08
5236856;24994;2018;W;;66.1;96.55;30.45
5236859;24994;2018;W;;90.65;94.23;3.58
5236845;24994;2018;W;;86.2;96.55;10.35
5236844;24994;2018;W;;88.53;94.336;5.806
5236842;24994;2018;W;;69.34;96.701;27.361
5236849;24994;2018;W;;83.01;95.777;12.767
5236843;24994;2018;W;;85.79;98.062;12.272
5236825;24994;2018;W;;80.8;97.304;16.504
5236821;24994;2018;W;;75.78;96.951;21.171
5236828;24994;2018;W;;100.77;95.846;4.924
5236829;24994;2018;W;;76.99;95.846;18.856
5236815;24994;2018;W;;90.65;98.262;7.612
5236811;24994;2018;W;;89.52;95.846;6.326
5236817;24994;2018;W;;71.41;97.83;26.42
5236818;24994;2018;W;;81.32;95.22;13.9
5236819;24994;2018;W;;77.7;95.22;17.52
5236813;24994;2018;W;;91.86;97.011;5.151
5236875;24994;2018;W;;81.97;101.508;19.538
5236871;24994;2018;W;;87.32;95.952;8.632
5236876;24994;2018;W;;90.62;99.245;8.625
5236879;24994;2018;W;;81.19;97.716;16.526
5236873;24994;2018;W;;108.13;98.973;9.157
5236885;24994;2018;W;;68.74;98.385;29.645
5236884;24994;2018;W;;93.1;95.275;2.175
5236882;24994;2018;W;;75.09;98.235;23.145
5236881;24994;2018;W;;82.96;95.6;12.64
5236886;24994;2018;W;;71.0;98.561;27.561
5236889;24994;2018;W;;90.43;96.639;6.209
5236860;24994;2018;W;;79.94;96.302;16.362
5239256;24324;2018;W;;109.08;99.973;9.107
5239259;24324;2018;W;;109.22;103.673;5.547
5239240;24324;2018;W;;115.67;94.496;21.174
5239244;24324;2018;W;;96.43;101.358;4.928
5239247;24324;2018;W;;109.05;96.125;12.925
5239248;24324;2018;W;;87.36;100.287;12.927
5239246;24324;2018;W;;83.34;113.254;29.914
5239225;24324;2018;W;;94.74;114.519;19.779
5239224;24324;2018;W;;109.41;94.172;15.238
5239222;24324;2018;W;;101.06;95.8;5.26
5239221;24324;2018;W;;102.47;100.755;1.715
5239227;24324;2018;W;;108.0;113.722;5.722
5239228;24324;2018;W;;112.45;94.093;18.357
5239229;24324;2018;W;;108.27;99.87;8.4
5239210;24324;2018;W;;104.37;93.948;10.422
5239218;24324;2018;W;;109.51;98.793;10.717
5239216;24324;2018;W;;96.88;112.155;15.275
5239219;24324;2018;W;;109.0;94.093;14.907
5239213;24324;2018;W;;93.4;95.883;2.483
5239270;24324;2018;W;;89.1;99.202;10.102
5239275;24324;2018;W;;82.51;112.564;30.054
5239274;24324;2018;W;;110.74;94.234;16.506
5239276;24324;2018;W;;115.41;96.024;19.386
5239279;24324;2018;W;;92.72;99.758;7.038
5239280;24324;2018;W;;108.46;94.234;14.226
5239282;24324;2018;W;;99.54;113.798;14.258
5239289;24324;2018;W;;116.55;94.234;22.316
5239283;24324;2018;W;;100.49;96.554;3.936
5239260;24324;2018;W;;85.48;100.11;14.63
5239264;24324;2018;W;;109.19;94.234;14.956
5239267;24324;2018;W;;99.01;113.888;14.878
5239263;24324;2018;W;;93.33;113.888;20.558
5239290;24324;2018;W;;109.98;94.234;15.746
5239294;24324;2018;W;;92.22;99.6;7.38
5239296;24324;2018;W;;100.85;113.888;13.038
5239235;24324;2018;W;;111.76;113.848;2.088
5239234;24324;2018;W;;107.12;94.23;12.89
5239232;24324;2018;W;;108.44;96.55;11.89
5239231;24324;2018;W;;95.26;99.596;4.336
5239238;24324;2018;W;;109.77;94.23;15.54
5239239;24324;2018;W;;85.05;99.596;14.546
5239233;24324;2018;W;;108.12;113.883;5.763
5239104;24324;2018;W;;108.03;99.596;8.434
5239102;24324;2018;W;;116.74;113.883;2.857
5239101;24324;2018;W;;110.1;94.23;15.87
5239108;24324;2018;W;;106.55;99.596;6.954
5239109;24324;2018;W;;100.23;94.23;6.0
5239103;24324;2018;W;;99.4;96.55;2.85
5239150;24324;2018;W;;103.96;99.596;4.364
5239155;24324;2018;W;;99.42;113.883;14.463
5239151;24324;2018;W;;108.84;99.27;9.57
5239158;24324;2018;W;;103.16;94.336;8.824
5239156;24324;2018;W;;103.8;96.925;6.875
5239159;24324;2018;W;;106.44;99.326;7.114
5239153;24324;2018;W;;102.51;113.047;10.537
5239140;24324;2018;W;;112.9;94.608;18.292
5239144;24324;2018;W;;108.91;99.799;9.111
5239148;24324;2018;W;;94.36;96.782;2.422
5239789;24329;2018;W;;90.21;95.223;5.013
5239762;24329;2018;W;;87.97;97.691;9.721
5239761;24329;2018;W;;88.61;101.358;12.748
5239767;24329;2018;W;;88.97;114.324;25.354
5239763;24329;2018;W;;84.49;113.254;28.764
5239795;24329;2018;W;;91.81;96.598;4.788
5239791;24329;2018;W;;92.3;94.172;1.872
5239798;24329;2018;W;;92.49;100.755;8.265
5239730;24329;2018;W;;87.97;99.87;11.9
5239735;24329;2018;W;;92.92;113.232;20.312
5239734;24329;2018;W;;94.39;93.948;0.442
5239732;24329;2018;W;;83.96;95.738;11.778
5239731;24329;2018;W;;93.17;98.793;5.623
5239737;24329;2018;W;;92.92;112.155;19.235
5233237;24374;2018;W;;100.54;99.973;0.567
5233238;24374;2018;W;;92.1;94.496;2.396
5233236;24374;2018;W;;97.98;97.691;0.289
5233100;24374;2018;W;;113.58;94.969;18.611
5233106;24374;2018;W;;86.81;95.738;8.928
5233109;24374;2018;W;;88.32;93.948;5.628
5233103;24374;2018;W;;92.92;95.738;2.818
5233150;24374;2018;W;;99.6;94.093;5.507
5233154;24374;2018;W;;91.19;94.234;3.044
5233151;24374;2018;W;;89.59;94.234;4.644
5233159;24374;2018;W;;97.43;94.234;3.196
5233144;24374;2018;W;;88.52;94.234;5.714
5233142;24374;2018;W;;88.51;96.554;8.044
5233141;24374;2018;W;;92.88;94.234;1.354
5233149;24374;2018;W;;94.35;94.234;0.116
5233143;24374;2018;W;;84.26;96.554;12.294
5233120;24374;2018;W;;83.24;94.195;10.955
5233125;24374;2018;W;;75.53;96.514;20.984
5233124;24374;2018;W;;89.06;94.23;5.17
5233122;24374;2018;W;;89.65;96.55;6.9
5233121;24374;2018;W;;89.04;94.23;5.19
5233129;24374;2018;W;;94.8;94.23;0.57
5233117;24374;2018;W;;98.92;96.925;1.995
5233118;24374;2018;W;;91.25;94.608;3.358
5233119;24374;2018;W;;97.6;95.777;1.823
5233113;24374;2018;W;;95.72;98.062;2.342
5233170;24374;2018;W;;82.56;94.862;12.302
5233174;24374;2018;W;;99.42;94.325;5.095
5233172;24374;2018;W;;84.2;96.768;12.568
5233171;24374;2018;W;;93.42;96.951;3.531
5233177;24374;2018;W;;76.29;99.089;22.799
5233178;24374;2018;W;;76.73;95.846;19.116
5233176;24374;2018;W;;83.99;98.242;14.252
5233179;24374;2018;W;;97.73;95.846;1.884
5233180;24374;2018;W;;94.79;95.846;1.056
5233185;24374;2018;W;;88.19;98.262;10.072
5233184;24374;2018;W;;102.4;95.846;6.554
5233182;24374;2018;W;;83.92;98.262;14.342
5233187;24374;2018;W;;97.56;97.83;0.27
5233188;24374;2018;W;;86.62;95.22;8.6
5233186;24374;2018;W;;89.06;97.011;7.951
5233160;24374;2018;W;;82.45;97.737;15.287
5233163;24374;2018;W;;90.01;98.973;8.963
5233194;24374;2018;W;;107.86;95.275;12.585
5233197;24374;2018;W;;81.51;98.561;17.051
5233198;24374;2018;W;;86.1;95.6;9.5
5233196;24374;2018;W;;99.03;98.561;0.469
5233135;24374;2018;W;;99.68;97.816;1.864
5233830;24378;2018;W;;97.19;94.496;2.694
5233835;24378;2018;W;;99.26;97.691;1.569
5233834;24378;2018;W;;86.73;94.365;7.635
5233832;24378;2018;W;;90.4;96.125;5.725
5233838;24378;2018;W;;107.58;94.172;13.408
5233836;24378;2018;W;;95.02;95.8;0.78
5233833;24378;2018;W;;85.77;95.721;9.951
5233600;24378;2018;W;;78.95;93.948;14.998
5233604;24378;2018;W;;91.47;93.948;2.478
5233602;24378;2018;W;;85.58;95.738;10.158
5233601;24378;2018;W;;93.56;94.093;0.533
5233608;24378;2018;W;;94.03;94.234;0.204
5233654;24378;2018;W;;89.75;94.234;4.484
5233652;24378;2018;W;;94.69;96.554;1.864
5233657;24378;2018;W;;79.68;96.554;16.874
5233659;24378;2018;W;;91.8;94.234;2.434
5233645;24378;2018;W;;94.47;96.554;2.084
5233642;24378;2018;W;;98.79;96.514;2.276
5233641;24378;2018;W;;91.8;94.23;2.43
5233648;24378;2018;W;;101.04;94.23;6.81
5233646;24378;2018;W;;86.37;96.55;10.18
5233643;24378;2018;W;;86.13;96.55;10.42
5233624;24378;2018;W;;94.8;94.23;0.57
5233622;24378;2018;W;;84.92;96.55;11.63
5233621;24378;2018;W;;96.62;94.23;2.39
5233627;24378;2018;W;;86.17;96.55;10.38
5233629;24378;2018;W;;93.84;94.336;0.496
5233614;24378;2018;W;;89.97;95.777;5.807
5233612;24378;2018;W;;86.73;98.062;11.332
5233617;24378;2018;W;;94.97;97.304;2.334
5233618;24378;2018;W;;88.05;94.325;6.275
5233616;24378;2018;W;;85.91;96.768;10.858
5233670;24378;2018;W;;92.25;95.846;3.596
5233675;24378;2018;W;;90.02;98.242;8.222
5233674;24378;2018;W;;100.77;95.846;4.924
5233671;24378;2018;W;;97.4;95.846;1.554
5233677;24378;2018;W;;87.15;98.262;11.112
5233678;24378;2018;W;;83.28;95.846;12.566
5233673;24378;2018;W;;96.0;97.83;1.83
5233685;24378;2018;W;;94.31;97.011;2.701
5233684;24378;2018;W;;89.6;95.22;5.62
5233687;24378;2018;W;;95.29;101.508;6.218
5233688;24378;2018;W;;103.22;95.488;7.732
5233686;24378;2018;W;;98.3;99.828;1.528
5233689;24378;2018;W;;87.0;95.952;8.952
5233683;24378;2018;W;;87.0;99.245;12.245
5233665;24378;2018;W;;87.33;99.245;11.915
5233664;24378;2018;W;;94.4;97.716;3.316
5233661;24378;2018;W;;95.82;96.645;0.825
5233667;24378;2018;W;;94.41;98.385;3.975
5233666;24378;2018;W;;99.14;98.235;0.905
5233663;24378;2018;W;;97.95;98.561;0.611
5233690;24378;2018;W;;90.88;95.6;4.72
5233694;24378;2018;W;;91.56;96.639;5.079
5233691;24378;2018;W;;102.9;96.302;6.598
5233991;24373;2018;W;;117.65;95.223;22.427
5233997;24373;2018;W;;97.03;99.973;2.943
5233998;24373;2018;W;;117.18;94.496;22.684
5233993;24373;2018;W;;116.51;96.125;20.385
5233935;24373;2018;W;;111.83;96.598;15.232
5233934;24373;2018;W;;124.77;94.172;30.598
5233937;24373;2018;W;;111.56;95.721;15.839
5233933;24373;2018;W;;88.64;95.738;7.098
5233300;24373;2018;W;;117.49;94.093;23.397
5233305;24373;2018;W;;78.25;95.883;17.633
5233307;24373;2018;W;;98.58;96.024;2.556
5233308;24373;2018;W;;103.86;94.234;9.626
5233306;24373;2018;W;;84.7;96.464;11.764
5233354;24373;2018;W;;103.7;94.234;9.466
5233352;24373;2018;W;;100.31;96.554;3.756
5233357;24373;2018;W;;114.13;96.554;17.576
5233358;24373;2018;W;;119.97;94.234;25.736
5233340;24373;2018;W;;108.5;94.195;14.305
5233342;24373;2018;W;;117.16;96.55;20.61
5233347;24373;2018;W;;89.02;96.55;7.53
5233349;24373;2018;W;;120.28;94.23;26.05
5233320;24373;2018;W;;102.31;94.23;8.08
5233321;24373;2018;W;;95.34;94.336;1.004
5233328;24373;2018;W;;99.83;94.608;5.222
5233323;24373;2018;W;;83.21;98.062;14.852
5233314;24373;2018;W;;110.52;94.325;16.195
5233312;24373;2018;W;;102.37;96.768;5.602
5233311;24373;2018;W;;100.14;96.951;3.189
5233317;24373;2018;W;;111.65;99.089;12.561
5233318;24373;2018;W;;108.23;95.846;12.384
5233319;24373;2018;W;;103.55;95.846;7.704
5233370;24373;2018;W;;121.67;95.846;25.824
5233375;24373;2018;W;;101.45;98.262;3.188
5233374;24373;2018;W;;108.49;95.846;12.644
5233371;24373;2018;W;;108.66;95.846;12.814
5233377;24373;2018;W;;94.84;97.83;2.99
5233378;24373;2018;W;;103.39;95.22;8.17
5233379;24373;2018;W;;104.94;95.22;9.72
5233382;24373;2018;W;;95.68;99.828;4.148
5233381;24373;2018;W;;106.87;95.952;10.918
5233387;24373;2018;W;;75.14;99.245;24.105
5233383;24373;2018;W;;90.69;98.973;8.283
5233360;24373;2018;W;;113.26;96.645;16.615
5233365;24373;2018;W;;108.79;98.385;10.405
5233367;24373;2018;W;;71.5;98.561;27.061
5233366;24373;2018;W;;113.32;98.561;14.759
5233369;24373;2018;W;;106.8;96.639;10.161
5233390;24373;2018;W;;111.26;96.302;14.958
5233395;24373;2018;W;;92.72;97.816;5.096
5233391;24380;2018;W;;105.34;94.496;10.844
5233399;24380;2018;W;;93.47;94.969;1.499
5233330;24380;2018;W;;96.99;94.172;2.818
5233338;24380;2018;W;;97.57;93.948;3.622
5233336;24380;2018;W;;96.97;95.738;1.232
5100000;24380;2018;W;;94.54;94.234;0.306
5100002;24380;2018;W;;100.79;96.024;4.766
5100008;24380;2018;W;;97.27;94.234;3.036
5100009;24380;2018;W;;97.41;94.234;3.176
5100003;24380;2018;W;;106.94;96.554;10.386
5100055;24380;2018;W;;99.45;96.554;2.896
5100054;24380;2018;W;;89.78;94.234;4.454
5100052;24380;2018;W;;100.19;96.554;3.636
5100051;24380;2018;W;;95.34;94.234;1.106
5100058;24380;2018;W;;93.01;94.234;1.224
5100053;24380;2018;W;;99.5;96.514;2.986
5100040;24380;2018;W;;91.26;94.23;2.97
5100041;24380;2018;W;;102.07;94.23;7.84
5100048;24380;2018;W;;91.22;94.23;3.01
5100046;24380;2018;W;;99.1;96.55;2.55
5100043;24380;2018;W;;103.01;96.55;6.46
5100025;24380;2018;W;;97.04;96.701;0.339
5100022;24380;2018;W;;85.09;96.925;11.835
5100027;24380;2018;W;;101.0;97.688;3.312
5100028;24380;2018;W;;86.54;95.777;9.237
5100026;24380;2018;W;;91.52;98.062;6.542
5100029;24380;2018;W;;91.91;94.862;2.952
5100023;24380;2018;W;;94.66;97.304;2.644
5100010;24380;2018;W;;87.41;94.325;6.915
5100012;24380;2018;W;;97.58;99.089;1.509
5100011;24380;2018;W;;87.64;95.846;8.206
5100017;24380;2018;W;;87.04;98.242;11.202
5100018;24380;2018;W;;88.02;95.846;7.826
5100070;24380;2018;W;;90.41;95.846;5.436
5100074;24380;2018;W;;96.27;95.846;0.424
5100072;24380;2018;W;;91.34;97.83;6.49
5100071;24380;2018;W;;91.44;95.22;3.78
5100079;24380;2018;W;;88.74;97.737;8.997
5100080;24380;2018;W;;96.38;95.488;0.892
5100085;24380;2018;W;;104.59;99.828;4.762
5100084;24380;2018;W;;90.67;95.952;5.282
5100082;24380;2018;W;;101.4;99.245;2.155
5100086;24380;2018;W;;97.68;98.973;1.293
5100089;24380;2018;W;;91.71;96.645;4.935
5100083;24380;2018;W;;96.48;98.385;1.905
5100064;24380;2018;W;;90.57;95.6;5.03
5100062;24380;2018;W;;96.79;98.561;1.771
5100061;24380;2018;W;;91.02;95.6;4.58
5100066;24380;2018;W;;98.9;99.207;0.307
5100069;24380;2018;W;;86.72;96.302;9.582
5100063;24380;2018;W;;88.92;97.816;8.896
5100090;24384;2018;W;;112.55;95.223;17.327
5100095;24384;2018;W;;103.27;99.973;3.297
5100094;24384;2018;W;;111.57;94.496;17.074
5100092;24384;2018;W;;102.07;97.691;4.379
5100099;24384;2018;W;;113.15;94.172;18.978
5100093;24384;2018;W;;97.01;95.8;1.21
5100034;24384;2018;W;;110.95;93.948;17.002
5100032;24384;2018;W;;91.39;95.738;4.348
5100031;24384;2018;W;;93.98;93.948;0.032
5100036;24384;2018;W;;97.35;95.883;1.467
5100039;24384;2018;W;;108.15;94.234;13.916
5100033;24384;2018;W;;93.97;96.024;2.054
5100500;24384;2018;W;;96.4;94.234;2.166
5100505;24384;2018;W;;91.01;96.024;5.014
5100501;24384;2018;W;;121.44;94.234;27.206
5100555;24384;2018;W;;102.37;96.554;5.816
5100554;24384;2018;W;;108.28;94.234;14.046
5100552;24384;2018;W;;108.94;96.554;12.386
5100557;24384;2018;W;;98.19;96.554;1.636
5100556;24384;2018;W;;102.24;96.514;5.726
5100545;24384;2018;W;;103.87;96.55;7.32
5100544;24384;2018;W;;108.49;94.23;14.26
5100546;24384;2018;W;;111.09;96.55;14.54
5100549;24384;2018;W;;117.71;94.336;23.374
5100543;24384;2018;W;;101.18;96.701;4.479
5100520;24384;2018;W;;102.71;94.336;8.374
5100525;24384;2018;W;;97.51;96.925;0.585
5100524;24384;2018;W;;106.62;94.608;12.012
5100527;24384;2018;W;;100.95;98.062;2.888
5100528;24384;2018;W;;97.18;94.862;2.318
5100529;24384;2018;W;;113.78;94.325;19.455
5100523;24384;2018;W;;101.18;96.768;4.412
5100516;24384;2018;W;;98.02;98.262;0.242
5100513;24384;2018;W;;96.47;98.262;1.792
5100575;24384;2018;W;;110.84;97.83;13.01
5100574;24384;2018;W;;108.03;95.22;12.81
5100572;24384;2018;W;;113.03;97.011;16.019
5100571;24384;2018;W;;99.2;95.22;3.98
5100577;24384;2018;W;;99.53;97.011;2.519
5100580;24384;2018;W;;101.25;95.952;5.298
5100585;24384;2018;W;;101.29;99.245;2.045
5100582;24384;2018;W;;96.73;99.245;2.515
5100581;24384;2018;W;;105.88;97.716;8.164
5100587;24384;2018;W;;105.27;98.973;6.297
5100589;24384;2018;W;;101.14;95.275;5.865
5100583;24384;2018;W;;101.85;98.235;3.615
5100565;24384;2018;W;;100.84;98.561;2.279
5100566;24384;2018;W;;85.91;97.816;11.906
5100981;24364;2018;W;;103.59;95.223;8.367
5100987;24364;2018;W;;91.81;99.973;8.163
5100988;24364;2018;W;;103.99;94.496;9.494
5100960;24364;2018;W;;100.79;94.969;5.821
5100965;24364;2018;W;;93.79;96.598;2.808
5100966;24364;2018;W;;93.11;95.738;2.628
5100969;24364;2018;W;;88.97;93.948;4.978
5100995;24364;2018;W;;82.29;95.883;13.593
5100994;24364;2018;W;;96.37;94.234;2.136
5100997;24364;2018;W;;84.64;96.024;11.384
5100998;24364;2018;W;;96.19;94.234;1.956
5100996;24364;2018;W;;91.79;96.464;4.674
5100993;24364;2018;W;;88.59;96.554;7.964
5100932;24364;2018;W;;88.59;96.554;7.964
5100931;24364;2018;W;;96.31;94.234;2.076
5100936;24364;2018;W;;92.06;96.554;4.494
5100939;24364;2018;W;;98.06;94.234;3.826
5100300;24364;2018;W;;100.72;94.195;6.525
5100301;24364;2018;W;;90.67;94.23;3.56
5100307;24364;2018;W;;91.92;96.55;4.63
5100308;24364;2018;W;;97.51;94.23;3.28
5100306;24364;2018;W;;83.21;96.55;13.34
5100350;24364;2018;W;;99.84;94.23;5.61
5100355;24364;2018;W;;90.89;96.55;5.66
5100352;24364;2018;W;;84.17;96.701;12.531
5100351;24364;2018;W;;88.46;94.336;5.876
5100358;24364;2018;W;;87.07;94.608;7.538
5100359;24364;2018;W;;92.92;95.777;2.857
5100340;24364;2018;W;;97.09;94.862;2.228
5100342;24364;2018;W;;89.47;96.768;7.298
5100341;24364;2018;W;;103.72;96.951;6.769
5100347;24364;2018;W;;92.82;99.089;6.269
5100349;24364;2018;W;;97.95;95.846;2.104
5100343;24364;2018;W;;96.42;98.242;1.822
5100325;24364;2018;W;;96.99;98.262;1.272
5100322;24364;2018;W;;101.04;98.262;2.778
5100321;24364;2018;W;;98.67;95.846;2.824
5100326;24364;2018;W;;87.96;97.011;9.051
5100315;24364;2018;W;;90.61;101.508;10.898
5100317;24364;2018;W;;88.84;99.245;10.405
5100318;24364;2018;W;;97.31;95.765;1.545
5100319;24364;2018;W;;99.64;97.716;1.924
5100370;24364;2018;W;;97.42;96.645;0.775
5100375;24364;2018;W;;88.26;98.385;10.125
5100374;24364;2018;W;;96.64;95.275;1.365
5100372;24364;2018;W;;96.47;98.235;1.765
5100379;24364;2018;W;;97.22;96.639;0.581
5100373;24364;2018;W;;85.51;99.207;13.697
5100380;24364;2018;W;;91.02;96.302;5.282
5100385;24364;2018;W;;88.17;97.816;9.646
5105585;24368;2018;W;;102.41;97.691;4.719
5105584;24368;2018;W;;94.98;94.365;0.615
5105582;24368;2018;W;;94.64;96.125;1.485
5105581;24368;2018;W;;100.78;94.969;5.811
5105586;24368;2018;W;;93.81;95.8;1.99
5105589;24368;2018;W;;97.12;94.093;3.027
5105560;24368;2018;W;;97.26;93.948;3.312
5105564;24368;2018;W;;90.97;93.948;2.978
5105567;24368;2018;W;;90.42;95.883;5.463
5105569;24368;2018;W;;87.67;94.234;6.564
5105563;24368;2018;W;;97.67;96.024;1.646
5105595;24368;2018;W;;88.36;96.464;8.104
5105591;24368;2018;W;;86.36;94.234;7.874
5105598;24368;2018;W;;91.77;94.234;2.464
5105593;24368;2018;W;;95.77;96.554;0.784
5105530;24368;2018;W;;86.56;94.234;7.674
5105538;24368;2018;W;;95.78;94.23;1.55
5105539;24368;2018;W;;93.47;94.23;0.76
5105400;24368;2018;W;;93.13;94.23;1.1
5105402;24368;2018;W;;95.15;96.55;1.4
5105406;24368;2018;W;;86.42;96.701;10.281
5105409;24368;2018;W;;97.73;94.336;3.394
5105450;24368;2018;W;;96.74;94.608;2.132
5105454;24368;2018;W;;92.69;95.777;3.087
5105452;24368;2018;W;;91.17;98.062;6.892
5105451;24368;2018;W;;89.81;94.862;5.052
5105458;24368;2018;W;;92.84;94.325;1.485
5105445;24368;2018;W;;90.01;98.242;8.232
5105444;24368;2018;W;;104.64;95.846;8.794
5105442;24368;2018;W;;90.61;98.242;7.632
5105441;24368;2018;W;;91.97;95.846;3.876
5105447;24368;2018;W;;94.17;98.262;4.092
5105449;24368;2018;W;;103.81;95.846;7.964
5105443;24368;2018;W;;81.84;97.83;15.99
5105425;24368;2018;W;;88.54;97.011;8.471
5105424;24368;2018;W;;88.61;95.22;6.61
5105422;24368;2018;W;;88.32;97.011;8.691
5105421;24368;2018;W;;94.64;97.737;3.097
5105426;24368;2018;W;;91.99;99.828;7.838
5105429;24368;2018;W;;94.46;95.952;1.492
5105415;24368;2018;W;;90.34;99.245;8.905
5105414;24368;2018;W;;86.11;97.716;11.606
5105411;24368;2018;W;;87.14;96.645;9.505
5105417;24368;2018;W;;93.52;98.385;4.865
5105416;24368;2018;W;;86.62;98.235;11.615
5105419;24368;2018;W;;89.47;95.6;6.13
5105413;24368;2018;W;;90.67;98.561;7.891
5105470;24368;2018;W;;81.76;95.6;13.84
5105474;24368;2018;W;;86.29;96.639;10.349
5105472;24368;2018;W;;95.62;99.207;3.587
5105477;24368;2018;W;;90.97;97.816;6.846
5105775;24394;2018;W;;115.07;99.973;15.097
5105774;24394;2018;W;;104.98;94.496;10.484
5105777;24394;2018;W;;104.09;96.125;7.965
5105778;24394;2018;W;;101.07;94.969;6.101
5105776;24394;2018;W;;105.27;96.598;8.672
5105779;24394;2018;W;;98.75;94.172;4.578
5105773;24394;2018;W;;112.52;95.8;16.72
5105785;24394;2018;W;;113.55;95.721;17.829
5105784;24394;2018;W;;91.28;93.948;2.668
5105786;24394;2018;W;;104.8;95.883;8.917
5105789;24394;2018;W;;88.44;94.234;5.794
5105783;24394;2018;W;;106.04;96.024;10.016
5105765;24394;2018;W;;91.95;96.024;4.074
5105764;24394;2018;W;;82.85;94.234;11.384
5105762;24394;2018;W;;92.0;96.464;4.464
5105761;24394;2018;W;;100.42;94.234;6.186
5105767;24394;2018;W;;98.02;96.554;1.466
5105768;24394;2018;W;;104.36;94.234;10.126
5105766;24394;2018;W;;108.64;96.554;12.086
5105769;24394;2018;W;;92.73;94.234;1.504
5105790;24394;2018;W;;104.55;94.234;10.316
5105794;24394;2018;W;;82.02;94.234;12.214
5105791;24394;2018;W;;97.18;94.234;2.946
5105798;24394;2018;W;;94.57;94.195;0.375
5105799;24394;2018;W;;101.64;94.23;7.41
5105793;24394;2018;W;;110.48;96.55;13.93
5105730;24394;2018;W;;100.56;94.23;6.33
5105735;24394;2018;W;;114.55;96.55;18.0
5105734;24394;2018;W;;104.57;94.23;10.34
5105732;24394;2018;W;;98.35;96.55;1.8
5105731;24394;2018;W;;105.17;94.23;10.94
5105739;24394;2018;W;;110.67;94.336;16.334
5105800;24394;2018;W;;90.26;94.336;4.076
5105805;24394;2018;W;;112.82;96.925;15.895
5105802;24394;2018;W;;107.63;97.688;9.942
5105808;24394;2018;W;;90.26;94.862;4.602
5105809;24394;2018;W;;99.59;94.325;5.265
5105803;24394;2018;W;;108.43;96.768;11.662
5105854;24394;2018;W;;96.13;95.846;0.284
5105857;24394;2018;W;;111.15;98.242;12.908
5105858;24394;2018;W;;113.24;95.846;17.394
5105859;24394;2018;W;;114.25;95.846;18.404
5105853;24394;2018;W;;108.31;98.262;10.048
5105840;24394;2018;W;;106.97;95.846;11.124
5105844;24394;2018;W;;93.13;95.22;2.09
5105842;24394;2018;W;;107.25;97.011;10.239
5105847;24394;2018;W;;101.74;97.011;4.729
5105848;24394;2018;W;;103.79;97.737;6.053
5105846;24394;2018;W;;112.36;101.508;10.852
5105849;24394;2018;W;;91.76;95.488;3.728
5105820;24394;2018;W;;87.87;95.952;8.082
5105825;24394;2018;W;;100.27;99.245;1.025
5105822;24394;2018;W;;110.5;99.245;11.255
5105821;24394;2018;W;;81.42;97.716;16.296
5105827;24394;2018;W;;101.96;98.973;2.987
5105828;24394;2018;W;;86.85;96.645;9.795
5105826;24394;2018;W;;103.58;98.385;5.195
5105829;24394;2018;W;;97.27;95.275;1.995
5105814;24394;2018;W;;83.72;95.6;11.88
5105812;24394;2018;W;;114.55;98.561;15.989
5105811;24394;2018;W;;89.01;96.639;7.629
5105817;24394;2018;W;;99.37;99.207;0.163
5105818;24394;2018;W;;98.19;96.302;1.888
5105919;24398;2018;W;;113.09;94.365;18.725
5105913;24398;2018;W;;99.78;96.125;3.655
5105972;24398;2018;W;;101.75;95.8;5.95
5105971;24398;2018;W;;105.48;94.093;11.387
5105976;24398;2018;W;;108.77;95.738;13.032
5105973;24398;2018;W;;83.42;95.738;12.318
5105985;24398;2018;W;;93.51;95.883;2.373
5105982;24398;2018;W;;96.37;96.024;0.346
5105981;24398;2018;W;;100.75;94.234;6.516
5105987;24398;2018;W;;88.72;96.024;7.304
5105989;24398;2018;W;;101.35;94.234;7.116
5105983;24398;2018;W;;98.08;96.554;1.526
5105961;24398;2018;W;;106.05;94.234;11.816
5105967;24398;2018;W;;100.25;96.554;3.696
5105968;24398;2018;W;;98.36;94.234;4.126
5105969;24398;2018;W;;107.24;94.234;13.006
5105963;24398;2018;W;;89.04;96.554;7.514
5105990;24398;2018;W;;99.56;94.195;5.365
5105994;24398;2018;W;;122.02;94.23;27.79
5105992;24398;2018;W;;101.19;96.55;4.64
5105999;24398;2018;W;;115.57;94.23;21.34
5105993;24398;2018;W;;108.86;96.55;12.31
5105930;24398;2018;W;;97.01;94.23;2.78
5105932;24398;2018;W;;106.17;96.701;9.469
5105937;24398;2018;W;;113.4;96.925;16.475
5105938;24398;2018;W;;110.08;94.608;15.472
5105936;24398;2018;W;;103.15;97.688;5.462
5105939;24398;2018;W;;107.57;95.777;11.793
5105933;24398;2018;W;;99.18;98.062;1.118
5105305;24398;2018;W;;100.63;97.304;3.326
5105309;24398;2018;W;;98.17;95.846;2.324
5105303;24398;2018;W;;106.1;98.242;7.858
5105355;24398;2018;W;;100.28;98.262;2.018
5105354;24398;2018;W;;94.93;95.846;0.916
5105351;24398;2018;W;;115.84;95.846;19.994
5105356;24398;2018;W;;99.14;97.011;2.129
5105359;24398;2018;W;;103.18;95.22;7.96
5105340;24398;2018;W;;109.71;97.737;11.973
5105342;24398;2018;W;;90.36;99.828;9.468
5105341;24398;2018;W;;104.93;95.952;8.978
5105349;24398;2018;W;;111.34;97.716;13.624
5105343;24398;2018;W;;98.45;98.973;0.523
5105320;24398;2018;W;;97.79;96.645;1.145
5105322;24398;2018;W;;104.37;98.235;6.135
5105321;24398;2018;W;;103.72;95.6;8.12
5105326;24398;2018;W;;102.34;98.561;3.779
5105310;24398;2018;W;;100.26;96.302;3.958
5105315;24398;2018;W;;98.85;97.816;1.034
5104423;24335;2018;W;;107.6;97.691;9.909
5104415;24335;2018;W;;100.25;96.125;4.125
5104411;24335;2018;W;;109.6;94.172;15.428
5104417;24335;2018;W;;108.9;95.8;13.1
5104416;24335;2018;W;;105.13;95.721;9.409
5104419;24335;2018;W;;108.02;93.948;14.072
5104470;24335;2018;W;;105.63;93.948;11.682
5104475;24335;2018;W;;86.88;95.738;8.858
5104472;24335;2018;W;;101.73;95.883;5.847
5104471;24335;2018;W;;119.29;94.234;25.056
5104476;24335;2018;W;;93.28;96.024;2.744
5104479;24335;2018;W;;99.28;94.234;5.046
5104473;24335;2018;W;;94.95;96.464;1.514
5104480;24335;2018;W;;110.88;94.234;16.646
5104485;24335;2018;W;;92.12;96.554;4.434
5104482;24335;2018;W;;96.93;96.554;0.376
5104486;24335;2018;W;;103.1;96.554;6.546
5104460;24335;2018;W;;109.13;94.234;14.896
5104464;24335;2018;W;;108.81;94.195;14.615
5104462;24335;2018;W;;96.85;96.514;0.336
5104467;24335;2018;W;;95.19;96.55;1.36
5104468;24335;2018;W;;99.92;94.23;5.69
5104490;24335;2018;W;;99.28;94.23;5.05
5104495;24335;2018;W;;100.19;96.55;3.64
5104494;24335;2018;W;;109.13;94.23;14.9
5104491;24335;2018;W;;109.6;94.336;15.264
5104497;24335;2018;W;;86.46;96.701;10.241
5104499;24335;2018;W;;91.5;94.608;3.108
5104493;24335;2018;W;;96.64;97.688;1.048
5104435;24335;2018;W;;103.49;98.062;5.428
5104434;24335;2018;W;;115.64;94.862;20.778
5104431;24335;2018;W;;114.78;94.325;20.455
5104438;24335;2018;W;;101.03;96.951;4.079
5104436;24335;2018;W;;90.61;99.089;8.479
5104439;24335;2018;W;;109.6;95.846;13.754
5104205;24335;2018;W;;100.38;98.242;2.138
5104204;24335;2018;W;;108.18;95.846;12.334
5104202;24335;2018;W;;98.65;98.262;0.388
5104201;24335;2018;W;;110.24;95.846;14.394
5104207;24335;2018;W;;93.79;98.262;4.472
5104209;24335;2018;W;;97.97;95.22;2.75
5104203;24335;2018;W;;85.53;97.011;11.481
5104250;24335;2018;W;;106.59;95.22;11.37
5104255;24335;2018;W;;96.77;97.011;0.241
5104254;24335;2018;W;;115.0;97.737;17.263
5104252;24335;2018;W;;100.11;101.508;1.398
5104251;24335;2018;W;;117.39;95.488;21.902
5104257;24335;2018;W;;103.39;99.828;3.562
5104240;24335;2018;W;;107.22;97.716;9.504
5104242;24335;2018;W;;103.95;98.385;5.565
5104247;24335;2018;W;;103.42;98.235;5.185
5104246;24335;2018;W;;109.43;98.561;10.869
5104249;24335;2018;W;;114.85;95.6;19.25
5104225;24335;2018;W;;109.26;99.207;10.053
5104224;24335;2018;W;;111.51;96.302;15.208
5104648;24333;2018;W;;106.48;95.223;11.257
5104649;24333;2018;W;;91.42;94.496;3.076
5104620;24333;2018;W;;112.24;94.365;17.875
5104625;24333;2018;W;;116.32;96.125;20.195
5104624;24333;2018;W;;97.8;94.969;2.831
5104622;24333;2018;W;;100.96;96.598;4.362
5104621;24333;2018;W;;105.91;94.172;11.738
5104629;24333;2018;W;;83.63;93.948;10.318
5104617;24333;2018;W;;110.22;96.024;14.196
5104616;24333;2018;W;;104.14;96.024;8.116
5104619;24333;2018;W;;109.57;94.234;15.336
5104670;24333;2018;W;;91.22;94.234;3.014
5104675;24333;2018;W;;125.02;96.554;28.466
5104674;24333;2018;W;;88.64;94.234;5.594
5104672;24333;2018;W;;112.87;96.554;16.316
5104680;24333;2018;W;;90.07;94.234;4.164
5104684;24333;2018;W;;99.41;94.195;5.215
5104681;24333;2018;W;;100.26;94.23;6.03
5104686;24333;2018;W;;110.39;96.55;13.84
5104660;24333;2018;W;;91.85;94.23;2.38
5104665;24333;2018;W;;106.36;96.55;9.81
5104664;24333;2018;W;;87.5;94.23;6.73
5104662;24333;2018;W;;109.28;96.55;12.73
5104666;24333;2018;W;;116.41;96.925;19.485
5104669;24333;2018;W;;110.36;94.608;15.752
5104690;24333;2018;W;;108.09;95.777;12.313
5104695;24333;2018;W;;114.83;98.062;16.768
5104693;24333;2018;W;;125.97;98.242;27.728
5104630;24333;2018;W;;91.46;95.846;4.386
5104634;24333;2018;W;;99.7;95.846;3.854
5104632;24333;2018;W;;120.85;98.262;22.588
5104631;24333;2018;W;;103.29;95.846;7.444
5104637;24333;2018;W;;107.27;98.262;9.008
5104636;24333;2018;W;;119.47;97.83;21.64
5104900;24333;2018;W;;89.66;95.22;5.56
5104904;24333;2018;W;;97.91;97.737;0.173
5104902;24333;2018;W;;121.44;101.508;19.932
5104901;24333;2018;W;;85.87;95.488;9.618
5104908;24333;2018;W;;92.83;95.952;3.122
5104909;24333;2018;W;;95.81;95.765;0.045
5104950;24333;2018;W;;112.04;97.716;14.324
5104955;24333;2018;W;;109.75;98.973;10.777
5104954;24333;2018;W;;88.57;96.645;8.075
5104958;24333;2018;W;;104.34;95.6;8.74
5104956;24333;2018;W;;101.09;98.561;2.529
5104959;24333;2018;W;;89.18;95.6;6.42
5104940;24333;2018;W;;87.65;96.639;8.989
5104942;24333;2018;W;;113.26;97.816;15.444
5104941;22000;2018;W;;114.0;95.223;18.777
5104949;22000;2018;W;;103.98;94.365;9.615
5104943;22000;2018;W;;89.64;96.125;6.485
5104924;22000;2018;W;;111.04;94.172;16.868
5104922;22000;2018;W;;100.64;95.8;4.84
5104921;22000;2018;W;;109.19;94.093;15.097
5104927;22000;2018;W;;111.69;95.721;15.969
5104928;22000;2018;W;;101.99;93.948;8.042
5104923;22000;2018;W;;89.95;95.738;5.788
5104914;22000;2018;W;;98.44;94.234;4.206
5104912;22000;2018;W;;98.05;96.024;2.026
5104911;22000;2018;W;;103.93;94.234;9.696
5104918;22000;2018;W;;111.3;94.234;17.066
5104916;22000;2018;W;;90.25;96.464;6.214
5104919;22000;2018;W;;102.87;94.234;8.636
5104913;22000;2018;W;;97.07;96.554;0.516
5104970;22000;2018;W;;111.2;94.234;16.966
5104974;22000;2018;W;;115.1;94.234;20.866
5104971;22000;2018;W;;110.61;94.234;16.376
5104973;22000;2018;W;;91.28;96.554;5.274
5104980;22000;2018;W;;96.67;94.195;2.475
5104984;22000;2018;W;;108.88;94.23;14.65
5104981;22000;2018;W;;99.16;94.23;4.93
5104987;22000;2018;W;;92.95;96.55;3.6
5104989;22000;2018;W;;104.54;94.23;10.31
5104960;22000;2018;W;;105.06;94.23;10.83
5104965;22000;2018;W;;82.07;96.55;14.48
5104964;22000;2018;W;;89.78;94.336;4.556
5104962;22000;2018;W;;78.97;96.701;17.731
5104961;22000;2018;W;;102.4;94.336;8.064
5104967;22000;2018;W;;101.33;96.925;4.405
5104968;22000;2018;W;;108.87;94.608;14.262
5104969;22000;2018;W;;110.49;95.777;14.713
5104963;22000;2018;W;;86.62;98.062;11.442
5104990;22000;2018;W;;107.76;94.862;12.898
5104994;22000;2018;W;;99.82;94.325;5.495
5104992;22000;2018;W;;90.86;96.768;5.908
5104997;22000;2018;W;;96.11;99.089;2.979
5104998;22000;2018;W;;112.75;95.846;16.904
5104999;22000;2018;W;;99.19;95.846;3.344
5104935;22000;2018;W;;97.41;98.262;0.852
5104934;22000;2018;W;;102.17;95.846;6.324
5104938;22000;2018;W;;86.24;95.22;8.98
5104936;22000;2018;W;;93.37;97.011;3.641
5104939;22000;2018;W;;108.62;95.22;13.4
5104933;22000;2018;W;;91.65;97.011;5.361
5104305;22000;2018;W;;88.77;101.508;12.738
5104301;22000;2018;W;;98.79;95.952;2.838
5104307;22000;2018;W;;85.43;99.245;13.815
5104306;22000;2018;W;;103.74;99.245;4.495
5104309;22000;2018;W;;102.6;97.716;4.884
5104350;22000;2018;W;;105.02;96.645;8.375
5104354;22000;2018;W;;96.08;95.275;0.805
5104352;22000;2018;W;;78.77;98.235;19.465
5104357;22000;2018;W;;86.41;98.561;12.151
5104358;22000;2018;W;;102.11;95.6;6.51
5104356;22000;2018;W;;88.79;98.561;9.771
5104359;22000;2018;W;;98.74;96.639;2.101
5104353;22000;2018;W;;89.96;99.207;9.247
5104340;22000;2018;W;;112.69;96.302;16.388
5104345;22000;2018;W;;101.54;97.816;3.724
5102459;22001;2018;W;;102.57;94.496;8.074
5102444;22001;2018;W;;91.33;94.969;3.639
5102442;22001;2018;W;;100.23;96.598;3.632
5102441;22001;2018;W;;116.08;94.172;21.908
5102447;22001;2018;W;;103.33;95.8;7.53
5102449;22001;2018;W;;101.31;93.948;7.362
5102425;22001;2018;W;;79.49;95.738;16.248
5102424;22001;2018;W;;95.39;94.093;1.297
5102422;22001;2018;W;;95.07;95.883;0.813
5102421;22001;2018;W;;95.14;94.234;0.906
5102426;22001;2018;W;;99.63;96.024;3.606
5102423;22001;2018;W;;101.33;96.464;4.866
5102410;22001;2018;W;;97.93;94.234;3.696
5102415;22001;2018;W;;92.24;96.554;4.314
5102414;22001;2018;W;;92.38;94.234;1.854
5102417;22001;2018;W;;89.41;96.554;7.144
5102416;22001;2018;W;;91.72;96.554;4.834
5102474;22001;2018;W;;90.82;94.195;3.375
5102476;22001;2018;W;;92.22;96.55;4.33
5102485;22001;2018;W;;92.32;96.55;4.23
5102484;22001;2018;W;;99.65;94.23;5.42
5102481;22001;2018;W;;100.26;94.336;5.924
5102487;22001;2018;W;;97.46;96.701;0.759
5102488;22001;2018;W;;94.45;94.336;0.114
5102486;22001;2018;W;;83.18;96.925;13.745
5102489;22001;2018;W;;105.66;94.608;11.052
5102460;22001;2018;W;;89.63;95.777;6.147
5102465;22001;2018;W;;94.9;98.062;3.162
5102462;22001;2018;W;;87.15;97.304;10.154
5102461;22001;2018;W;;91.54;94.325;2.785
5102468;22001;2018;W;;88.75;96.951;8.201
5102463;22001;2018;W;;86.2;98.242;12.042
5102490;22001;2018;W;;86.47;95.846;9.376
5102494;22001;2018;W;;94.01;95.846;1.836
5102491;22001;2018;W;;85.51;95.846;10.336
5102497;22001;2018;W;;89.17;98.262;9.092
5102496;22001;2018;W;;97.75;97.83;0.08
5102493;22001;2018;W;;100.36;97.011;3.349
5102430;22001;2018;W;;102.28;95.22;7.06
5102431;22001;2018;W;;98.79;95.488;3.302
5102437;22001;2018;W;;93.86;99.828;5.968
5102438;22001;2018;W;;108.45;95.952;12.498
5102439;22001;2018;W;;105.79;95.765;10.025
5102205;22001;2018;W;;87.08;98.973;11.893
5102204;22001;2018;W;;95.33;96.645;1.315
5102202;22001;2018;W;;90.03;98.385;8.355
5102201;22001;2018;W;;89.67;95.275;5.605
5102207;22001;2018;W;;89.96;98.235;8.275
5102206;22001;2018;W;;96.67;98.561;1.891
5102209;22001;2018;W;;95.18;95.6;0.42
5102203;22001;2018;W;;95.17;98.561;3.391
5102250;22001;2018;W;;94.08;96.639;2.559
5102255;22001;2018;W;;89.62;99.207;9.587
5102254;22001;2018;W;;94.7;96.302;1.602
5102252;22001;2018;W;;92.73;97.816;5.086
5102245;22008;2018;W;;107.35;96.598;10.752
5102244;22008;2018;W;;108.09;94.172;13.918
5102241;22008;2018;W;;101.97;94.093;7.877
5102247;22008;2018;W;;122.97;95.721;27.249
5102248;22008;2018;W;;98.3;93.948;4.352
5102220;22008;2018;W;;101.52;94.093;7.427
5102225;22008;2018;W;;105.92;95.883;10.037
5102224;22008;2018;W;;83.86;94.234;10.374
5102227;22008;2018;W;;97.28;96.024;1.256
5102229;22008;2018;W;;103.18;94.234;8.946
5102223;22008;2018;W;;112.81;96.554;16.256
5102210;22008;2018;W;;102.69;94.234;8.456
5102214;22008;2018;W;;91.62;94.234;2.614
5102211;22008;2018;W;;95.36;94.234;1.126
5102218;22008;2018;W;;95.49;94.234;1.256
5102216;22008;2018;W;;104.2;96.554;7.646
5102219;22008;2018;W;;93.17;94.234;1.064
5102213;22008;2018;W;;94.04;96.554;2.514
5102270;22008;2018;W;;91.1;94.195;3.095
5102275;22008;2018;W;;91.15;96.514;5.364
5102274;22008;2018;W;;99.97;94.23;5.74
5102272;22008;2018;W;;99.45;96.55;2.9
5102276;22008;2018;W;;103.82;96.55;7.27
5102279;22008;2018;W;;96.62;94.23;2.39
5102273;22008;2018;W;;100.2;96.55;3.65
5102281;22008;2018;W;;99.9;94.336;5.564
5102288;22008;2018;W;;106.28;94.608;11.672
5102289;22008;2018;W;;102.65;95.777;6.873
5102283;22008;2018;W;;105.63;98.062;7.568
5102260;22008;2018;W;;108.86;94.862;13.998
5102264;22008;2018;W;;110.05;94.325;15.725
5102261;22008;2018;W;;101.46;96.951;4.509
5102267;22008;2018;W;;104.75;99.089;5.661
5102268;22008;2018;W;;95.59;95.846;0.256
5102263;22008;2018;W;;116.91;98.242;18.668
5102290;22008;2018;W;;101.8;95.846;5.954
5102295;22008;2018;W;;116.86;98.262;18.598
5102294;22008;2018;W;;99.12;95.846;3.274
5102291;22008;2018;W;;97.45;95.846;1.604
5102298;22008;2018;W;;104.59;95.22;9.37
5102296;22008;2018;W;;107.29;97.011;10.279
5102299;22008;2018;W;;115.25;95.22;20.03
5102235;22008;2018;W;;122.71;101.508;21.202
5102232;22008;2018;W;;96.54;99.828;3.288
5102237;22008;2018;W;;114.22;99.245;14.975
5102238;22008;2018;W;;105.42;95.765;9.655
5102236;22008;2018;W;;106.22;99.245;6.975
5102100;22008;2018;W;;99.56;96.645;2.915
5102104;22008;2018;W;;103.33;95.275;8.055
5102101;22008;2018;W;;106.93;95.6;11.33
5102106;22008;2018;W;;114.87;98.561;16.309
5102109;22008;2018;W;;106.29;96.639;9.651
5102103;22008;2018;W;;113.6;99.207;14.393
5102150;22008;2018;W;;100.25;96.302;3.948
5102155;22008;2018;W;;117.1;97.816;19.284
5101538;22051;2018;W;;114.48;95.223;19.257
5101533;22051;2018;W;;78.99;97.691;18.701
5101400;22051;2018;W;;92.94;94.365;1.425
5101405;22051;2018;W;;98.47;96.125;2.345
5101408;22051;2018;W;;109.22;94.093;15.127
5101406;22051;2018;W;;84.31;95.721;11.411
5101409;22051;2018;W;;88.94;93.948;5.008
5101403;22051;2018;W;;86.29;95.738;9.448
5101450;22051;2018;W;;84.58;93.948;9.368
5101455;22051;2018;W;;126.1;95.738;30.362
5101454;22051;2018;W;;101.59;94.093;7.497
5101451;22051;2018;W;;92.77;94.234;1.464
5101457;22051;2018;W;;88.68;96.024;7.344
5101458;22051;2018;W;;106.28;94.234;12.046
5101456;22051;2018;W;;94.44;96.024;1.584
5101459;22051;2018;W;;100.76;94.234;6.526
5101453;22051;2018;W;;93.69;96.464;2.774
5101440;22051;2018;W;;85.01;94.234;9.224
5101444;22051;2018;W;;99.78;94.234;5.546
5101442;22051;2018;W;;88.76;96.554;7.794
5101441;22051;2018;W;;92.79;94.234;1.444
5101447;22051;2018;W;;103.88;96.554;7.326
5101446;22051;2018;W;;89.99;96.554;6.564
5101420;22051;2018;W;;107.1;94.234;12.866
5101421;22051;2018;W;;97.72;94.23;3.49
5101427;22051;2018;W;;78.41;96.55;18.14
5101426;22051;2018;W;;97.31;96.514;0.796
5101429;22051;2018;W;;94.23;94.23;0.0
5101415;22051;2018;W;;86.95;96.55;9.6
5101414;22051;2018;W;;82.18;94.23;12.05
5101412;22051;2018;W;;83.15;96.55;13.4
5101417;22051;2018;W;;85.85;96.701;10.851
5101418;22051;2018;W;;86.98;94.336;7.356
5101419;22051;2018;W;;68.72;94.608;25.888
5101475;22051;2018;W;;64.91;98.062;33.152
5101474;22051;2018;W;;80.96;94.862;13.902
5101477;22051;2018;W;;90.89;96.768;5.878
5101488;22051;2018;W;;94.92;95.846;0.926
5101486;22051;2018;W;;91.12;97.83;6.71
5101483;22051;2018;W;;83.32;97.011;13.691
5101460;22051;2018;W;;95.48;95.22;0.26
5101464;22051;2018;W;;99.42;97.737;1.683
5101461;22051;2018;W;;102.58;95.488;7.092
5101466;22051;2018;W;;88.18;99.245;11.065
5101463;22051;2018;W;;78.51;99.245;20.735
5101495;22051;2018;W;;77.34;98.973;21.633
5101492;22051;2018;W;;91.97;98.385;6.415
5101491;22051;2018;W;;104.67;95.275;9.395
5101498;22051;2018;W;;83.0;95.6;12.6
5101496;22051;2018;W;;91.76;98.561;6.801
5101499;22051;2018;W;;69.66;95.6;25.94
5101493;22051;2018;W;;83.83;98.561;14.731
5101430;22051;2018;W;;81.17;96.639;15.469
5101434;22051;2018;W;;97.0;96.302;0.698
5101432;22051;2018;W;;87.28;97.816;10.536
5102809;22056;2018;W;;106.25;95.223;11.027
5102803;22056;2018;W;;96.33;99.973;3.643
5102850;22056;2018;W;;104.6;94.496;10.104
5102855;22056;2018;W;;85.2;97.691;12.491
5102852;22056;2018;W;;89.04;96.125;7.085
5102851;22056;2018;W;;107.08;94.969;12.111
5102840;22056;2018;W;;94.48;93.948;0.532
5102845;22056;2018;W;;96.45;95.738;0.712
5102841;22056;2018;W;;100.36;94.093;6.267
5102847;22056;2018;W;;84.99;95.883;10.893
5102848;22056;2018;W;;98.35;94.234;4.116
5102849;22056;2018;W;;95.13;94.234;0.896
5102821;22056;2018;W;;100.23;94.234;5.996
5102827;22056;2018;W;;101.14;96.554;4.586
5102810;22056;2018;W;;101.52;94.234;7.286
5102814;22056;2018;W;;100.96;94.234;6.726
5102817;22056;2018;W;;94.95;96.514;1.564
5102816;22056;2018;W;;89.88;96.55;6.67
5102872;22056;2018;W;;99.14;96.55;2.59
5102871;22056;2018;W;;99.89;94.23;5.66
5102879;22056;2018;W;;97.29;94.336;2.954
5102880;22056;2018;W;;99.82;94.608;5.212
5102884;22056;2018;W;;92.55;95.777;3.227
5102882;22056;2018;W;;95.02;98.062;3.042
5102881;22056;2018;W;;96.67;94.862;1.808
5102888;22056;2018;W;;100.59;94.325;6.265
5102886;22056;2018;W;;94.91;96.768;1.858
5102883;22056;2018;W;;110.65;99.089;11.561
5102861;22056;2018;W;;95.57;95.846;0.276
5102867;22056;2018;W;;90.15;98.262;8.112
5102869;22056;2018;W;;100.91;95.846;5.064
5102863;22056;2018;W;;91.26;97.83;6.57
5102890;22056;2018;W;;108.36;95.22;13.14
5102894;22056;2018;W;;111.59;95.22;16.37
5102891;22056;2018;W;;105.01;97.737;7.273
5102897;22056;2018;W;;93.16;101.508;8.348
5102896;22056;2018;W;;101.87;99.828;2.042
5102893;22056;2018;W;;96.86;99.245;2.385
5102830;22056;2018;W;;100.62;95.765;4.855
5102835;22056;2018;W;;96.07;99.245;3.175
5102834;22056;2018;W;;102.08;97.716;4.364
5102831;22056;2018;W;;99.99;96.645;3.345
5102838;22056;2018;W;;96.35;95.275;1.075
5102833;22056;2018;W;;87.17;98.561;11.391
5102605;22056;2018;W;;96.89;98.561;1.671
5102602;22056;2018;W;;101.62;99.207;2.413
5101000;22040;2018;W;;107.12;95.223;11.897
5101004;22040;2018;W;;103.26;94.496;8.764
5101002;22040;2018;W;;98.24;97.691;0.549
5101001;22040;2018;W;;105.74;94.365;11.375
5101006;22040;2018;W;;104.74;96.598;8.142
5101003;22040;2018;W;;100.67;95.8;4.87
5101055;22040;2018;W;;99.48;95.721;3.759
5101058;22040;2018;W;;101.51;94.093;7.417
5101056;22040;2018;W;;101.25;95.883;5.367
5101040;22040;2018;W;;103.71;94.234;9.476
5101045;22040;2018;W;;89.95;96.024;6.074
5101041;22040;2018;W;;98.34;94.234;4.106
5101047;22040;2018;W;;95.69;96.554;0.864
5101048;22040;2018;W;;99.79;94.234;5.556
5101046;22040;2018;W;;91.57;96.554;4.984
5101049;22040;2018;W;;108.57;94.234;14.336
5101043;22040;2018;W;;89.39;96.554;7.164
5101020;22040;2018;W;;101.94;94.234;7.706
5101025;22040;2018;W;;98.67;96.554;2.116
5101022;22040;2018;W;;100.18;96.554;3.626
5101028;22040;2018;W;;101.25;94.195;7.055
5101026;22040;2018;W;;109.03;96.514;12.516
5101029;22040;2018;W;;103.01;94.23;8.78
5101023;22040;2018;W;;100.19;96.55;3.64
5101010;22040;2018;W;;97.31;94.23;3.08
5101015;22040;2018;W;;88.73;96.55;7.82
5101014;22040;2018;W;;107.86;94.23;13.63
5101012;22040;2018;W;;91.29;96.55;5.26
5101018;22040;2018;W;;94.42;94.23;0.19
5101016;22040;2018;W;;103.94;96.55;7.39
5101019;22040;2018;W;;105.06;94.336;10.724
5101074;22040;2018;W;;114.21;94.608;19.602
5101071;22040;2018;W;;90.8;95.777;4.977
5101077;22040;2018;W;;92.93;98.062;5.132
5101073;22040;2018;W;;104.68;96.768;7.912
5101081;22040;2018;W;;103.45;95.846;7.604
5101088;22040;2018;W;;104.67;95.846;8.824
5101060;22040;2018;W;;108.31;95.846;12.464
5101062;22040;2018;W;;98.61;97.011;1.599
5101061;22040;2018;W;;95.24;95.22;0.02
5101067;22040;2018;W;;93.11;97.011;3.901
5101068;22040;2018;W;;110.27;97.737;12.533
5101090;22040;2018;W;;105.35;95.952;9.398
5101095;22040;2018;W;;101.84;99.245;2.595
5101092;22040;2018;W;;97.01;99.245;2.235
5101097;22040;2018;W;;90.11;98.973;8.863
5101098;22040;2018;W;;108.33;96.645;11.685
5101096;22040;2018;W;;93.76;98.385;4.625
5101030;22040;2018;W;;112.06;95.6;16.46
5101031;22040;2018;W;;91.29;96.639;5.349
5101038;22040;2018;W;;107.2;96.302;10.898
5101036;22040;2018;W;;96.79;97.816;1.026
5155667;22069;2018;B;;39.76;51.719;11.959
5155666;22069;2018;B;;40.54;52.15;11.61
5155694;22069;2018;B;;48.69;52.387;3.697
5155698;22069;2018;B;;48.38;51.285;2.905
5155699;22069;2018;B;;42.78;51.431;8.651
5155630;22069;2018;B;;44.68;51.764;7.084
5155634;22069;2018;B;;43.49;51.612;8.122
5155636;22069;2018;B;;39.34;51.898;12.558
5155633;22069;2018;B;;40.06;51.898;11.838
5155905;22069;2018;B;;42.72;51.982;9.262
5155902;22069;2018;B;;44.08;52.099;8.019
5155901;22069;2018;B;;44.6;51.926;7.326
5155906;22069;2018;B;;43.11;52.099;8.989
5155954;22069;2018;B;;48.11;50.388;2.278
5155952;22069;2018;B;;28.69;50.561;21.871
5155951;22069;2018;B;;41.37;50.388;9.018
5155956;22069;2018;B;;28.98;50.34;21.36
5155953;22069;2018;B;;37.99;50.34;12.35
5155940;22069;2018;B;;44.63;50.166;5.536
5155945;22069;2018;B;;34.34;50.34;16.0
5155944;22069;2018;B;;46.78;50.166;3.386
5155942;22069;2018;B;;30.9;50.397;19.497
5155941;22069;2018;B;;42.3;50.224;7.924
5155948;22069;2018;B;;45.32;51.276;5.956
5155946;22069;2018;B;;42.24;50.609;8.369
5155927;22069;2018;B;;36.52;50.222;13.702
5155926;22069;2018;B;;35.97;50.53;14.56
5155915;22069;2018;B;;27.51;50.53;23.02
5155914;22069;2018;B;;36.55;51.015;14.465
5155912;22069;2018;B;;34.79;50.53;15.74
5155911;22069;2018;B;;42.29;51.015;8.725
5155917;22069;2018;B;;34.37;50.53;16.16
5155918;22069;2018;B;;41.32;51.015;9.695
5155340;22095;2018;B;PICARDIE;39.14;51.043;11.903
5155345;22095;2018;B;PICARDIE;41.95;51.976;10.026
5155349;22095;2018;B;PICARDIE;36.32;51.374;15.054
5155320;22095;2018;B;PICARDIE;42.36;50.849;8.489
5155322;22095;2018;B;PICARDIE;46.4;51.564;5.164
5155321;22095;2018;B;PICARDIE;41.12;51.328;10.208
5155310;22095;2018;B;PICARDIE;37.75;51.31;13.56
5155315;22095;2018;B;PICARDIE;42.76;51.547;8.787
5155312;22095;2018;B;PICARDIE;36.61;51.547;14.937
5155317;22095;2018;B;PICARDIE;44.1;51.63;7.53
5155316;22095;2018;B;PICARDIE;42.48;51.614;9.134
5155313;22095;2018;B;PICARDIE;44.24;51.614;7.374
5155374;22095;2018;B;PICARDIE;44.89;51.377;6.487
5155378;22095;2018;B;PICARDIE;42.36;49.839;7.479
5155376;22095;2018;B;PICARDIE;31.12;50.076;18.956
5155379;22095;2018;B;PICARDIE;33.61;49.839;16.229
5155373;22095;2018;B;PICARDIE;33.61;51.016;17.406
5155380;22095;2018;B;PICARDIE;38.53;50.78;12.25
5155385;22095;2018;B;PICARDIE;28.43;49.854;21.424
5155382;22095;2018;B;PICARDIE;42.42;49.854;7.434
5155381;22095;2018;B;PICARDIE;45.64;49.837;4.197
5155387;22095;2018;B;PICARDIE;36.09;49.854;13.764
5155360;22095;2018;B;PICARDIE;41.09;50.967;9.877
5155365;22095;2018;B;PICARDIE;35.37;50.143;14.773
5155362;22095;2018;B;PICARDIE;39.66;51.232;11.572
5155367;22095;2018;B;PICARDIE;42.28;51.864;9.584
5155366;22095;2018;B;PICARDIE;37.0;50.606;13.606
5155369;22095;2018;B;PICARDIE;38.47;50.59;12.12
5155395;22095;2018;B;PICARDIE;36.54;50.223;13.683
5155391;22095;2018;B;PICARDIE;39.99;50.865;10.875
5155397;22095;2018;B;PICARDIE;38.47;50.223;11.753
5155396;22095;2018;B;PICARDIE;34.96;50.223;15.263
5155399;22095;2018;B;PICARDIE;41.17;50.865;9.695
5155393;22095;2018;B;PICARDIE;41.16;50.223;9.063
5109143;22099;2018;B;POITOU-CHARENTES;73.12;51.976;21.144
5109120;22099;2018;B;POITOU-CHARENTES;72.67;51.537;21.133
5109125;22099;2018;B;POITOU-CHARENTES;66.53;52.205;14.325
5109122;22099;2018;B;POITOU-CHARENTES;58.34;52.187;6.153
5109126;22099;2018;B;POITOU-CHARENTES;69.81;51.086;18.724
5109129;22099;2018;B;POITOU-CHARENTES;68.24;50.912;17.328
5109115;22099;2018;B;POITOU-CHARENTES;70.69;51.564;19.126
5109112;22099;2018;B;POITOU-CHARENTES;74.8;51.412;23.388
5109111;22099;2018;B;POITOU-CHARENTES;75.54;51.239;24.301
5109117;22099;2018;B;POITOU-CHARENTES;71.89;51.547;20.343
5109118;22099;2018;B;POITOU-CHARENTES;73.77;51.373;22.397
5109119;22099;2018;B;POITOU-CHARENTES;73.4;51.373;22.027
5109175;22099;2018;B;POITOU-CHARENTES;69.57;51.547;18.023
5109172;22099;2018;B;POITOU-CHARENTES;76.94;51.63;25.31
5109177;22099;2018;B;POITOU-CHARENTES;73.97;51.614;22.356
5109178;22099;2018;B;POITOU-CHARENTES;78.02;51.44;26.58
5109184;22099;2018;B;POITOU-CHARENTES;72.84;51.149;21.691
5109188;22099;2018;B;POITOU-CHARENTES;68.55;49.902;18.648
5109165;22099;2018;B;POITOU-CHARENTES;71.78;49.854;21.926
5109162;22099;2018;B;POITOU-CHARENTES;73.93;49.854;24.076
5109161;22099;2018;B;POITOU-CHARENTES;75.56;49.68;25.88
5109167;22099;2018;B;POITOU-CHARENTES;65.23;49.931;15.299
5109168;22099;2018;B;POITOU-CHARENTES;68.68;49.758;18.922
5109166;22099;2018;B;POITOU-CHARENTES;77.3;50.976;26.324
5109163;22099;2018;B;POITOU-CHARENTES;69.91;50.143;19.767
5109190;22099;2018;B;POITOU-CHARENTES;75.1;50.377;24.723
5109195;22099;2018;B;POITOU-CHARENTES;72.68;51.232;21.448
5109194;22099;2018;B;POITOU-CHARENTES;75.5;51.952;23.548
5109192;22099;2018;B;POITOU-CHARENTES;73.53;51.864;21.666
5109191;22099;2018;B;POITOU-CHARENTES;77.5;51.69;25.81
5109198;22099;2018;B;POITOU-CHARENTES;71.77;50.433;21.337
5109196;22099;2018;B;POITOU-CHARENTES;74.64;49.916;24.724
5109199;22099;2018;B;POITOU-CHARENTES;79.82;50.568;29.252
5109134;22099;2018;B;POITOU-CHARENTES;76.05;50.709;25.341
5109132;22099;2018;B;POITOU-CHARENTES;76.6;50.223;26.377
5109131;22099;2018;B;POITOU-CHARENTES;76.38;50.709;25.671
5109139;22099;2018;B;POITOU-CHARENTES;76.8;50.709;26.091
5103555;22030;2018;B;;73.36;51.719;21.641
5103554;22030;2018;B;;72.52;51.545;20.975
5103552;22030;2018;B;;81.76;52.15;29.61
5103551;22030;2018;B;;69.97;51.976;17.994
5103540;22030;2018;B;;66.05;51.81;14.24
5103544;22030;2018;B;;62.62;51.285;11.335
5103548;22030;2018;B;;71.92;51.764;20.156
5103546;22030;2018;B;;68.23;51.785;16.445
5103549;22030;2018;B;;53.05;51.612;1.438
5103520;22030;2018;B;;75.91;51.724;24.186
5103525;22030;2018;B;;77.27;51.898;25.372
5103527;22030;2018;B;;67.01;51.898;15.112
5103528;22030;2018;B;;70.75;51.724;19.026
5103529;22030;2018;B;;75.91;51.808;24.102
5103512;22030;2018;B;;72.29;52.099;20.191
5103511;22030;2018;B;;67.39;51.926;15.464
5103517;22030;2018;B;;73.75;51.808;21.942
5103570;22030;2018;B;;77.18;50.388;26.792
5103576;22030;2018;B;;69.58;50.34;19.24
5103579;22030;2018;B;;62.01;50.166;11.844
5103573;22030;2018;B;;60.2;50.397;9.803
5103580;22030;2018;B;;61.22;50.224;10.996
5103585;22030;2018;B;;79.11;51.443;27.667
5103581;22030;2018;B;;79.07;50.843;28.227
5103587;22030;2018;B;;79.0;51.698;27.302
5103588;22030;2018;B;;69.91;52.418;17.492
5103586;22030;2018;B;;77.86;52.33;25.53
5103583;22030;2018;B;;77.23;50.913;26.317
5103560;22030;2018;B;;68.86;50.739;18.121
5103565;22030;2018;B;;83.57;50.222;33.348
5103562;22030;2018;B;;64.21;50.53;13.68
5103561;22030;2018;B;;74.75;51.015;23.735
5103567;22030;2018;B;;75.49;50.53;24.96
5103568;22030;2018;B;;69.66;51.015;18.645
5103569;22030;2018;B;;71.63;51.015;20.615
5103563;22030;2018;B;;80.22;50.53;29.69
5103590;22030;2018;B;;78.86;51.015;27.845
5109675;22031;2018;B;;55.88;51.719;4.161
5109674;22031;2018;B;;60.19;51.545;8.645
5109671;22031;2018;B;;60.23;51.976;8.254
5109677;22031;2018;B;;49.02;52.578;3.558
5109676;22031;2018;B;;42.09;52.56;10.47
5109679;22031;2018;B;;53.26;52.387;0.873
5109673;22031;2018;B;;41.59;51.984;10.394
5109685;22031;2018;B;;42.3;51.459;9.159
5109682;22031;2018;B;;47.67;51.642;3.972
5109681;22031;2018;B;;51.82;51.431;0.389
5109688;22031;2018;B;;51.83;51.764;0.066
5109683;22031;2018;B;;59.58;51.898;7.682
5109660;22031;2018;B;;66.27;51.724;14.546
5109662;22031;2018;B;;54.18;51.898;2.282
5109661;22031;2018;B;;59.41;51.724;7.686
5109668;22031;2018;B;;59.48;51.724;7.756
5109666;22031;2018;B;;57.38;51.982;5.398
5109663;22031;2018;B;;56.89;52.099;4.791
5109694;22031;2018;B;;59.68;51.926;7.754
5109692;22031;2018;B;;53.4;52.099;1.301
5109691;22031;2018;B;;55.06;51.926;3.134
5109697;22031;2018;B;;60.52;51.808;8.712
5109699;22031;2018;B;;60.91;50.388;10.522
5109630;22031;2018;B;;62.73;50.388;12.342
5109635;22031;2018;B;;58.75;51.502;7.248
5109636;22031;2018;B;;59.56;50.34;9.22
5109639;22031;2018;B;;63.08;50.166;12.914
5109900;22031;2018;B;;59.66;50.224;9.436
5109905;22031;2018;B;;62.31;51.443;10.867
5109901;22031;2018;B;;61.26;50.843;10.417
5109908;22031;2018;B;;67.42;52.418;15.002
5109906;22031;2018;B;;55.62;52.33;3.29
5109909;22031;2018;B;;50.93;52.156;1.226
5109903;22031;2018;B;;56.3;50.913;5.387
5109950;22031;2018;B;;66.76;50.739;16.021
5109955;22031;2018;B;;51.44;50.222;1.218
5109952;22031;2018;B;;61.25;50.53;10.72
5109951;22031;2018;B;;59.3;51.015;8.285
5109958;22031;2018;B;;58.99;51.015;7.975
5109956;22031;2018;B;;48.59;50.53;1.94
5109940;22031;2018;B;;55.63;51.015;4.615
5109945;22031;2018;B;;54.14;50.53;3.61
5109944;22031;2018;B;;66.04;51.015;15.025
5150686;22505;2018;B;;28.64;51.719;23.079
5150660;22505;2018;B;;28.54;51.976;23.436
5150661;22505;2018;B;;25.84;52.387;26.547
5150667;22505;2018;B;;23.14;51.984;28.844
5150669;22505;2018;B;;24.34;51.285;26.945
5150690;22505;2018;B;;25.74;51.431;25.691
5150695;22505;2018;B;;27.64;51.937;24.297
5150694;22505;2018;B;;21.04;51.764;30.724
5150691;22505;2018;B;;28.04;51.612;23.572
5150698;22505;2018;B;;26.84;51.724;24.884
5150696;22505;2018;B;;23.04;51.898;28.858
5150693;22505;2018;B;;25.54;51.898;26.358
5150635;22505;2018;B;;32.84;51.898;19.058
5150634;22505;2018;B;;27.04;51.724;24.684
5150632;22505;2018;B;;25.14;51.982;26.842
5150637;22505;2018;B;;25.34;52.099;26.759
5150638;22505;2018;B;;30.44;51.926;21.486
5150900;22505;2018;B;;28.14;51.926;23.786
5150905;22505;2018;B;;24.64;51.808;27.168
5150902;22505;2018;B;;25.54;50.561;25.021
5150901;22505;2018;B;;24.14;50.388;26.248
5150907;22505;2018;B;;26.34;50.561;24.221
5150906;22505;2018;B;;28.54;51.502;22.962
5150951;22505;2018;B;;23.74;50.166;26.426
5150957;22505;2018;B;;26.04;50.397;24.357
5150956;22505;2018;B;;23.74;51.443;27.703
5150959;22505;2018;B;;26.04;51.276;25.236
5150953;22505;2018;B;;29.84;50.609;20.769
5150940;22505;2018;B;;28.44;50.843;22.403
5150945;22505;2018;B;;24.34;51.698;27.358
5150942;22505;2018;B;;21.84;52.33;30.49
5150941;22505;2018;B;;21.44;52.156;30.716
5150947;22505;2018;B;;25.74;50.913;25.173
5150948;22505;2018;B;;27.14;50.739;23.599
5150949;22505;2018;B;;27.84;50.875;23.035
5150920;22505;2018;B;;21.24;51.015;29.775
5150922;22505;2018;B;;27.44;50.53;23.09
5150921;22505;2018;B;;27.14;51.015;23.875
5150927;22505;2018;B;;27.04;50.53;23.49
5155218;22502;2018;B;;68.5;51.976;16.524
5155219;22502;2018;B;;66.1;52.404;13.696
5155213;22502;2018;B;;73.69;52.56;21.13
5155274;22502;2018;B;;60.01;51.81;8.2
5155272;22502;2018;B;;65.1;51.459;13.641
5155271;22502;2018;B;;65.42;51.285;14.135
5155276;22502;2018;B;;64.89;51.937;12.953
5155279;22502;2018;B;;53.66;51.764;1.896
5155280;22502;2018;B;;71.24;51.612;19.628
5155284;22502;2018;B;;66.6;51.724;14.876
5155282;22502;2018;B;;64.16;51.898;12.262
5155281;22502;2018;B;;65.13;51.724;13.406
5155287;22502;2018;B;;64.36;51.898;12.462
5155288;22502;2018;B;;61.54;51.724;9.816
5155286;22502;2018;B;;70.87;51.898;18.972
5155283;22502;2018;B;;73.55;51.982;21.568
5155262;22502;2018;B;;63.59;52.099;11.491
5155261;22502;2018;B;;62.21;51.926;10.284
5155267;22502;2018;B;;71.21;52.099;19.111
5155268;22502;2018;B;;72.76;51.926;20.834
5155266;22502;2018;B;;65.41;51.808;13.602
5155263;22502;2018;B;;72.73;50.561;22.169
5155290;22502;2018;B;;67.42;50.388;17.032
5155295;22502;2018;B;;61.33;50.561;10.769
5155294;22502;2018;B;;67.68;50.388;17.292
5155292;22502;2018;B;;75.55;51.502;24.048
5155291;22502;2018;B;;76.98;51.329;25.651
5155296;22502;2018;B;;66.58;50.34;16.24
5155299;22502;2018;B;;69.99;50.166;19.824
5155230;22502;2018;B;;69.03;50.166;18.864
5155232;22502;2018;B;;62.75;51.443;11.307
5155231;22502;2018;B;;61.67;51.276;10.394
5155237;22502;2018;B;;76.45;50.609;25.841
5155236;22502;2018;B;;62.78;51.698;11.082
5155239;22502;2018;B;;57.06;52.418;4.642
5155233;22502;2018;B;;64.19;52.33;11.86
5155104;22502;2018;B;;77.58;50.739;26.841
5155102;22502;2018;B;;64.57;50.222;14.348
5155108;22502;2018;B;;61.66;51.015;10.645
5155109;22502;2018;B;;63.84;51.015;12.825
5155103;22502;2018;B;;86.75;50.53;36.22
5155150;22502;2018;B;;77.27;51.015;26.255
5155152;22502;2018;B;;59.98;50.53;9.45
5103368;22508;2018;B;;65.41;51.545;13.865
5103369;22508;2018;B;;68.77;51.976;16.794
5103363;22508;2018;B;;66.62;52.578;14.042
5103395;22508;2018;B;;74.08;52.56;21.52
5103394;22508;2018;B;;73.23;52.387;20.843
5103392;22508;2018;B;;72.47;51.984;20.486
5103397;22508;2018;B;;69.94;51.459;18.481
5103398;22508;2018;B;;67.53;51.285;16.245
5103396;22508;2018;B;;71.55;51.642;19.908
5103330;22508;2018;B;;73.26;51.764;21.496
5103334;22508;2018;B;;61.19;51.612;9.578
5103332;22508;2018;B;;66.44;51.898;14.542
5103338;22508;2018;B;;63.81;51.724;12.086
5103336;22508;2018;B;;65.8;51.898;13.902
5103339;22508;2018;B;;64.15;51.724;12.426
5103333;22508;2018;B;;77.09;51.898;25.192
5150005;22508;2018;B;;73.04;51.982;21.058
5150004;22508;2018;B;;61.9;51.808;10.092
5150002;22508;2018;B;;61.95;52.099;9.851
5150001;22508;2018;B;;64.39;51.926;12.464
5150007;22508;2018;B;;63.46;52.099;11.361
5150003;22508;2018;B;;62.96;51.808;11.152
5150052;22508;2018;B;;68.03;50.561;17.469
5150051;22508;2018;B;;71.57;50.388;21.182
5150057;22508;2018;B;;68.31;51.502;16.808
5150058;22508;2018;B;;69.78;51.329;18.451
5150056;22508;2018;B;;64.68;50.34;14.34
5150059;22508;2018;B;;70.23;50.166;20.064
5150045;22508;2018;B;;63.4;50.34;13.06
5150042;22508;2018;B;;67.79;50.397;17.393
5150020;22508;2018;B;;56.68;52.418;4.262
5150021;22508;2018;B;;56.43;50.739;5.691
5150027;22508;2018;B;;62.34;50.222;12.118
5150028;22508;2018;B;;63.44;50.875;12.565
5150026;22508;2018;B;;61.44;50.53;10.91
5150029;22508;2018;B;;66.12;51.015;15.105
5150023;22508;2018;B;;68.27;50.53;17.74
5150010;22508;2018;B;;71.81;51.015;20.795
5150014;22508;2018;B;;58.33;51.015;7.315
5150012;22508;2018;B;;62.55;50.53;12.02
5150011;22508;2018;B;;63.12;51.015;12.105
5150017;22508;2018;B;;72.91;50.53;22.38
5103301;22506;2018;B;CENTRE;42.19;47.828;5.638
5103307;22506;2018;B;CENTRE;42.2;49.765;7.565
5103308;22506;2018;B;CENTRE;44.79;48.259;3.469
5103309;22506;2018;B;CENTRE;41.48;48.892;7.412
5103350;22506;2018;B;CENTRE;45.33;48.522;3.192
5103355;22506;2018;B;CENTRE;43.84;49.516;5.676
5103352;22506;2018;B;CENTRE;51.25;48.964;2.286
5103351;22506;2018;B;CENTRE;47.78;47.724;0.056
5103358;22506;2018;B;CENTRE;43.73;48.653;4.923
5103359;22506;2018;B;CENTRE;44.27;49.623;5.353
5103353;22506;2018;B;CENTRE;45.36;49.484;4.124
5103347;22506;2018;B;CENTRE;46.26;49.428;3.168
5103346;22506;2018;B;CENTRE;48.56;49.428;0.868
5103343;22506;2018;B;CENTRE;44.11;49.42;5.31
5103320;22506;2018;B;CENTRE;44.83;49.407;4.577
5103321;22506;2018;B;CENTRE;45.71;48.562;2.852
5103327;22506;2018;B;CENTRE;49.36;48.547;0.813
5103328;22506;2018;B;CENTRE;49.95;47.836;2.114
5103329;22506;2018;B;CENTRE;43.34;47.753;4.413
5103311;22506;2018;B;CENTRE;42.99;47.447;4.457
5103317;22506;2018;B;CENTRE;44.36;46.996;2.636
5103318;22506;2018;B;CENTRE;48.14;46.285;1.855
5103319;22506;2018;B;CENTRE;48.01;46.285;1.725
5103374;22506;2018;B;CENTRE;45.95;45.859;0.091
5103372;22506;2018;B;CENTRE;44.48;48.079;3.599
5103378;22506;2018;B;CENTRE;47.4;46.942;0.458
5103379;22506;2018;B;CENTRE;41.65;47.669;6.019
5103380;22506;2018;B;CENTRE;32.2;47.195;14.995
5103381;22506;2018;B;CENTRE;38.09;47.116;9.026
5103387;22506;2018;B;CENTRE;35.66;48.578;12.918
5103386;22506;2018;B;CENTRE;43.72;48.578;4.858
5103389;22506;2018;B;CENTRE;39.89;47.256;7.366
5103383;22506;2018;B;CENTRE;41.25;49.924;8.674
5103360;22506;2018;B;CENTRE;38.4;48.602;10.202
5103362;22506;2018;B;CENTRE;48.58;51.572;2.992
5103361;22506;2018;B;CENTRE;43.82;50.445;6.625
5103233;22556;2018;B;;34.04;51.719;17.679
5103104;22556;2018;B;;35.04;51.976;16.936
5103102;22556;2018;B;;28.54;52.578;24.038
5103107;22556;2018;B;;29.54;52.56;23.02
5103108;22556;2018;B;;27.74;52.387;24.647
5103106;22556;2018;B;;33.94;51.984;18.044
5103109;22556;2018;B;;29.94;51.81;21.87
5103150;22556;2018;B;;29.74;51.285;21.545
5103155;22556;2018;B;;36.64;51.642;15.002
5103154;22556;2018;B;;33.84;51.431;17.591
5103153;22556;2018;B;;34.14;51.898;17.758
5103140;22556;2018;B;;30.24;51.724;21.484
5103145;22556;2018;B;;34.54;51.898;17.358
5103144;22556;2018;B;;27.84;51.724;23.884
5103142;22556;2018;B;;32.64;51.898;19.258
5103141;22556;2018;B;;30.74;51.724;20.984
5103147;22556;2018;B;;26.34;51.982;25.642
5103143;22556;2018;B;;27.04;52.099;25.059
5103120;22556;2018;B;;31.54;51.926;20.386
5103125;22556;2018;B;;33.04;52.099;19.059
5103124;22556;2018;B;;31.14;51.926;20.786
5103122;22556;2018;B;;28.14;51.808;23.668
5103121;22556;2018;B;;29.94;51.635;21.695
5103127;22556;2018;B;;30.04;50.561;20.521
5103126;22556;2018;B;;38.34;50.561;12.221
5103123;22556;2018;B;;33.94;51.502;17.562
5103110;22556;2018;B;;29.74;51.329;21.589
5103115;22556;2018;B;;31.04;50.34;19.3
5103114;22556;2018;B;;28.04;50.166;22.126
5103111;22556;2018;B;;30.44;50.166;19.726
5103118;22556;2018;B;;26.64;50.166;23.526
5103116;22556;2018;B;;37.94;50.397;12.457
5103170;22556;2018;B;;33.14;51.276;18.136
5103175;22556;2018;B;;36.44;50.609;14.169
5103171;22556;2018;B;;21.74;52.418;30.678
5103177;22556;2018;B;;35.64;52.33;16.69
5103178;22556;2018;B;;31.24;52.156;20.916
5103176;22556;2018;B;;34.54;50.913;16.373
5103179;22556;2018;B;;29.84;50.739;20.899
5103173;22556;2018;B;;33.54;50.222;16.682
5103180;22556;2018;B;;30.14;50.875;20.735
5103184;22556;2018;B;;31.04;51.015;19.975
5103182;22556;2018;B;;34.24;50.53;16.29
5103181;22556;2018;B;;30.14;51.015;20.875
5103187;22556;2018;B;;35.84;50.53;14.69
5103186;22556;2018;B;;32.84;50.53;17.69
5103183;22556;2018;B;;38.44;50.53;12.09
5155465;22540;2018;B;;41.14;51.719;10.579
5155464;22540;2018;B;;42.0;51.545;9.545
5155462;22540;2018;B;;42.81;52.15;9.34
5155461;22540;2018;B;;42.03;51.976;9.946
5155467;22540;2018;B;;40.87;52.578;11.708
5155468;22540;2018;B;;40.48;52.404;11.924
5155466;22540;2018;B;;38.19;52.56;14.37
5155469;22540;2018;B;;41.41;52.387;10.977
5155463;22540;2018;B;;40.98;51.984;11.004
5155495;22540;2018;B;;43.06;51.459;8.399
5155494;22540;2018;B;;42.45;51.285;8.835
5155492;22540;2018;B;;37.52;51.642;14.122
5155497;22540;2018;B;;36.89;51.937;15.047
5155498;22540;2018;B;;41.01;51.764;10.754
5155493;22540;2018;B;;39.75;51.898;12.148
5155430;22540;2018;B;;39.26;51.724;12.464
5155432;22540;2018;B;;47.54;51.898;4.358
5155438;22540;2018;B;;45.19;51.724;6.534
5155436;22540;2018;B;;43.71;51.982;8.272
5155433;22540;2018;B;;42.87;52.099;9.229
5155200;22540;2018;B;;45.06;51.926;6.866
5155205;22540;2018;B;;44.72;52.099;7.379
5155204;22540;2018;B;;41.81;51.926;10.116
5155208;22540;2018;B;;46.06;51.635;5.575
5155209;22540;2018;B;;43.05;50.388;7.338
5155203;22540;2018;B;;44.36;50.561;6.201
5155255;22540;2018;B;;47.02;51.502;4.482
5155252;22540;2018;B;;43.01;50.34;7.33
5155257;22540;2018;B;;39.86;50.34;10.48
5155256;22540;2018;B;;46.41;50.34;3.93
5155253;22540;2018;B;;44.9;50.397;5.497
5155240;22540;2018;B;;42.1;50.224;8.124
5155242;22540;2018;B;;44.19;50.609;6.419
5155247;22540;2018;B;;37.99;51.698;13.708
5155249;22540;2018;B;;34.47;52.156;17.686
5155243;22540;2018;B;;41.34;50.913;9.573
5155220;22540;2018;B;;42.01;50.739;8.729
5155227;22540;2018;B;;42.4;50.53;8.13
5155228;22540;2018;B;;40.66;51.015;10.355
5155229;22540;2018;B;;44.27;51.015;6.745
5155210;22540;2018;B;;44.05;51.015;6.965
5155215;22540;2018;B;;43.38;50.53;7.15
5150205;22549;2018;B;;61.71;52.15;9.56
5150204;22549;2018;B;;66.22;51.976;14.244
5150202;22549;2018;B;;67.02;52.578;14.442
5150201;22549;2018;B;;56.53;52.404;4.126
5150208;22549;2018;B;;52.95;52.387;0.563
5150206;22549;2018;B;;59.4;51.984;7.416
5150203;22549;2018;B;;72.17;51.459;20.711
5150250;22549;2018;B;;62.17;51.285;10.885
5150252;22549;2018;B;;61.43;51.937;9.493
5150257;22549;2018;B;;46.59;51.785;5.195
5150258;22549;2018;B;;45.85;51.612;5.762
5150256;22549;2018;B;;59.31;51.898;7.412
5150259;22549;2018;B;;69.06;51.724;17.336
5150253;22549;2018;B;;54.99;51.898;3.092
5150240;22549;2018;B;;51.04;51.724;0.684
5150241;22549;2018;B;;64.37;51.724;12.646
5150248;22549;2018;B;;61.77;51.808;9.962
5150246;22549;2018;B;;60.04;52.099;7.941
5150249;22549;2018;B;;63.24;51.926;11.314
5150220;22549;2018;B;;67.15;51.926;15.224
5150225;22549;2018;B;;62.98;52.099;10.881
5150222;22549;2018;B;;48.6;51.808;3.208
5150228;22549;2018;B;;57.62;50.388;7.232
5150210;22549;2018;B;;55.74;51.329;4.411
5150214;22549;2018;B;;61.64;50.166;11.474
5150212;22549;2018;B;;69.08;50.34;18.74
5150217;22549;2018;B;;61.4;50.34;11.06
5150275;22549;2018;B;;66.38;50.609;15.771
5150274;22549;2018;B;;57.08;50.843;6.237
5150272;22549;2018;B;;62.35;51.698;10.652
5150277;22549;2018;B;;54.47;52.33;2.14
5150276;22549;2018;B;;60.95;50.913;10.037
5150284;22549;2018;B;;73.68;51.015;22.665
5150282;22549;2018;B;;45.99;50.53;4.54
5150287;22549;2018;B;;50.31;50.53;0.22
5150288;22549;2018;B;;70.76;51.015;19.745
5150289;22549;2018;B;;64.16;51.015;13.145
5150283;22549;2018;B;;62.29;50.53;11.76
5150260;22549;2018;B;;51.79;51.015;0.775
5103899;22543;2018;B;;54.3;51.545;2.755
5103893;22543;2018;B;;54.13;52.15;1.98
5103830;22543;2018;B;;55.53;51.976;3.554
5103832;22543;2018;B;;56.48;52.56;3.92
5103831;22543;2018;B;;60.35;52.387;7.963
5103837;22543;2018;B;;55.56;51.984;3.576
5103836;22543;2018;B;;55.88;51.459;4.421
5103839;22543;2018;B;;56.72;51.285;5.435
5103833;22543;2018;B;;54.71;51.642;3.068
5103600;22543;2018;B;;59.31;51.431;7.879
5103605;22543;2018;B;;55.65;51.937;3.713
5103604;22543;2018;B;;51.87;51.764;0.106
5103602;22543;2018;B;;53.71;51.785;1.925
5103607;22543;2018;B;;55.52;51.898;3.622
5103606;22543;2018;B;;52.3;51.898;0.402
5103603;22543;2018;B;;53.94;51.898;2.042
5103650;22543;2018;B;;53.04;51.724;1.316
5103654;22543;2018;B;;56.83;51.724;5.106
5103652;22543;2018;B;;49.75;51.982;2.232
5103656;22543;2018;B;;50.79;52.099;1.309
5103659;22543;2018;B;;60.12;51.926;8.194
5103644;22543;2018;B;;53.9;51.635;2.265
5103642;22543;2018;B;;45.8;50.561;4.761
5103641;22543;2018;B;;51.41;50.388;1.022
5103648;22543;2018;B;;52.38;50.388;1.992
5103649;22543;2018;B;;56.72;51.329;5.391
5103625;22543;2018;B;;58.4;50.34;8.06
5103624;22543;2018;B;;56.6;50.166;6.434
5103622;22543;2018;B;;61.65;50.34;11.31
5103621;22543;2018;B;;54.07;50.166;3.904
5103626;22543;2018;B;;54.44;51.443;2.997
5103629;22543;2018;B;;48.63;51.276;2.646
5103623;22543;2018;B;;55.4;50.609;4.791
5103610;22543;2018;B;;61.17;50.843;10.327
5103615;22543;2018;B;;45.37;51.698;6.328
5103614;22543;2018;B;;52.4;52.418;0.018
5103612;22543;2018;B;;47.17;52.33;5.16
5103611;22543;2018;B;;51.81;52.156;0.346
5103616;22543;2018;B;;51.71;50.222;1.488
5103613;22543;2018;B;;55.77;50.53;5.24
5103670;22543;2018;B;;56.48;51.015;5.465
5103675;22543;2018;B;;51.9;50.53;1.37
5103674;22543;2018;B;;53.36;51.015;2.345
5103672;22543;2018;B;;48.63;50.53;1.9
5103671;22543;2018;B;;47.19;51.015;3.825
5103677;22543;2018;B;;50.45;50.53;0.08
5103678;22543;2018;B;;50.3;51.015;0.715
5152583;22576;2018;W;;83.64;99.973;16.333
5152567;22576;2018;W;;88.18;96.125;7.945
5152569;22576;2018;W;;84.1;96.598;12.498
5152563;22576;2018;W;;83.32;101.553;18.233
5152591;22576;2018;W;;89.96;95.721;5.761
5152593;22576;2018;W;;76.07;93.948;17.878
5152530;22576;2018;W;;84.71;95.738;11.028
5152535;22576;2018;W;;85.32;98.793;13.473
5152534;22576;2018;W;;90.98;94.093;3.113
5152537;22576;2018;W;;92.6;94.234;1.634
5152538;22576;2018;W;;87.46;96.024;8.564
5152536;22576;2018;W;;78.44;99.392;20.952
5152404;22576;2018;W;;85.41;96.464;11.054
5152402;22576;2018;W;;81.68;100.02;18.34
5152401;22576;2018;W;;80.11;94.234;14.124
5152407;22576;2018;W;;91.66;96.554;4.894
5152409;22576;2018;W;;84.3;96.554;12.254
5152450;22576;2018;W;;86.16;94.234;8.074
5152457;22576;2018;W;;91.05;99.6;8.55
5152458;22576;2018;W;;79.2;94.234;15.034
5152459;22576;2018;W;;89.36;99.6;10.24
5152453;22576;2018;W;;71.52;94.234;22.714
5152445;22576;2018;W;;74.79;99.6;24.81
5152444;22576;2018;W;;60.17;94.195;34.025
5152447;22576;2018;W;;86.0;94.23;8.23
5152448;22576;2018;W;;83.69;96.55;12.86
5152449;22576;2018;W;;80.8;94.23;13.43
5152443;22576;2018;W;;85.17;96.55;11.38
5152420;22576;2018;W;;88.94;99.596;10.656
5152424;22576;2018;W;;82.26;96.55;14.29
5152422;22576;2018;W;;78.35;99.596;21.246
5152428;22576;2018;W;;89.55;99.596;10.046
5152429;22576;2018;W;;75.02;96.55;21.53
5152410;22576;2018;W;;75.4;94.336;18.936
5152417;22576;2018;W;;88.69;99.326;10.636
5152418;22576;2018;W;;82.58;94.608;12.028
5152416;22576;2018;W;;77.34;97.688;20.348
5152413;22576;2018;W;;88.09;95.777;7.687
5152470;22576;2018;W;;81.6;98.062;16.462
5152472;22576;2018;W;;81.75;97.304;15.554
5152471;22576;2018;W;;86.19;98.372;12.182
5152478;22576;2018;W;;80.65;96.768;16.118
5152476;22576;2018;W;;90.65;97.836;7.186
5152479;22576;2018;W;;75.36;96.951;21.591
5152473;22576;2018;W;;81.23;99.089;17.859
5152480;22576;2018;W;;80.41;98.37;17.96
5152484;22576;2018;W;;86.42;98.242;11.822
5152487;22576;2018;W;;77.19;98.242;21.052
5152488;22576;2018;W;;80.0;97.231;17.231
5152486;22576;2018;W;;83.42;95.846;12.426
5152460;22576;2018;W;;69.81;95.846;26.036
5152464;22576;2018;W;;72.36;97.251;24.891
5152462;22576;2018;W;;89.29;95.846;6.556
5152461;22576;2018;W;;88.34;97.83;9.49
5152468;22576;2018;W;;86.63;95.22;8.59
5152463;22576;2018;W;;79.59;95.22;15.63
5152495;22576;2018;W;;82.74;96.384;13.644
5152492;22576;2018;W;;85.41;101.508;16.098
5152496;22576;2018;W;;84.37;98.613;14.243
5152499;22576;2018;W;;73.11;95.952;22.842
5152493;22576;2018;W;;81.53;99.245;17.715
5152430;22576;2018;W;;82.77;98.491;15.721
5152434;22576;2018;W;;82.57;99.245;16.675
5152432;22576;2018;W;;83.65;98.491;14.841
5152431;22576;2018;W;;81.51;97.716;16.206
5152437;22576;2018;W;;80.52;98.973;18.453
5152436;22576;2018;W;;90.36;96.645;6.285
5152439;22576;2018;W;;98.13;98.385;0.255
5152433;22576;2018;W;;90.95;97.613;6.663
5152200;22576;2018;W;;83.58;95.275;11.695
5152204;22576;2018;W;;88.68;97.463;8.783
5152201;22576;2018;W;;82.72;98.561;15.841
5152207;22576;2018;W;;86.33;98.01;11.68
5152206;22576;2018;W;;88.82;98.561;9.741
5152203;22576;2018;W;;82.58;96.639;14.059
5152250;22576;2018;W;;87.72;99.207;11.487
5152254;22576;2018;W;;89.7;96.302;6.602
5152252;22576;2018;W;;82.07;97.816;15.746
5152251;22576;2018;W;;87.71;98.418;10.708
5152258;22576;2018;W;;86.28;96.774;10.494
5152256;22576;2018;W;;78.64;97.657;19.017
5145558;22164;2018;B;;25.96;51.545;25.585
5145556;22164;2018;B;;24.25;54.242;29.992
5145559;22164;2018;B;;16.98;52.15;35.17
5145553;22164;2018;B;;13.83;51.976;38.146
5145544;22164;2018;B;;22.0;52.404;30.404
5145542;22164;2018;B;;24.77;56.213;31.443
5145541;22164;2018;B;;24.98;52.56;27.58
5145547;22164;2018;B;;25.29;52.387;27.097
5145543;22164;2018;B;;17.48;55.581;38.101
5145520;22164;2018;B;;17.96;51.459;33.499
5145524;22164;2018;B;;25.2;54.234;29.034
5145526;22164;2018;B;;19.86;51.764;31.904
5145529;22164;2018;B;;18.82;54.713;35.893
5145523;22164;2018;B;;11.45;51.785;40.335
5145510;22164;2018;B;;15.2;51.612;36.412
5145515;22164;2018;B;;19.07;54.561;35.491
5145512;22164;2018;B;;18.52;51.724;33.204
5145511;22164;2018;B;;17.87;54.498;36.628
5145516;22164;2018;B;;16.9;54.498;37.598
5145513;22164;2018;B;;19.93;51.724;31.794
5145570;22164;2018;B;;20.88;54.498;33.618
5145575;22164;2018;B;;13.35;51.898;38.548
5145574;22164;2018;B;;21.39;51.724;30.334
5145571;22164;2018;B;;7.78;51.982;44.202
5145578;22164;2018;B;;15.81;54.582;38.772
5145579;22164;2018;B;;19.53;51.926;32.396
5145584;22164;2018;B;;17.53;54.439;36.909
5145582;22164;2018;B;;16.87;52.099;35.229
5145586;22164;2018;B;;19.85;51.635;31.785
5145589;22164;2018;B;;18.54;54.148;35.608
5145583;22164;2018;B;;15.36;50.561;35.201
5145560;22164;2018;B;;24.28;50.388;26.108
5145565;22164;2018;B;;20.4;52.901;32.501
5145564;22164;2018;B;;13.49;50.561;37.071
5145562;22164;2018;B;;10.48;50.388;39.908
5145561;22164;2018;B;;12.77;52.901;40.131
5145566;22164;2018;B;;17.32;53.842;36.522
5145563;22164;2018;B;;16.23;50.166;33.936
5145594;22164;2018;B;;12.21;50.166;37.956
5145591;22164;2018;B;;16.15;50.34;34.19
5145597;22164;2018;B;;18.23;50.166;31.936
5145235;22135;2018;W;;93.1;95.223;2.123
5145231;22135;2018;W;;86.24;94.969;8.729
5145237;22135;2018;W;;97.85;94.172;3.678
5145238;22135;2018;W;;95.71;94.093;1.617
5145233;22135;2018;W;;84.27;94.093;9.823
5145100;22135;2018;W;;93.71;94.234;0.524
5145104;22135;2018;W;;92.78;94.234;1.454
5145102;22135;2018;W;;79.61;94.234;14.624
5145101;22135;2018;W;;93.55;94.234;0.684
5145108;22135;2018;W;;93.19;94.234;1.044
5145106;22135;2018;W;;93.86;94.234;0.374
5145109;22135;2018;W;;96.38;94.234;2.146
5145103;22135;2018;W;;93.86;94.195;0.335
5145150;22135;2018;W;;84.27;94.23;9.96
5145155;22135;2018;W;;83.91;94.23;10.32
5145154;22135;2018;W;;90.69;94.23;3.54
5145152;22135;2018;W;;83.61;94.23;10.62
5145151;22135;2018;W;;90.84;94.23;3.39
5145157;22135;2018;W;;89.76;94.336;4.576
5145158;22135;2018;W;;84.46;94.336;9.876
5145159;22135;2018;W;;85.51;95.777;10.267
5145153;22135;2018;W;;88.57;94.862;6.292
5145145;22135;2018;W;;81.27;96.951;15.681
5145144;22135;2018;W;;84.15;95.846;11.696
5145142;22135;2018;W;;79.63;95.846;16.216
5145141;22135;2018;W;;89.38;95.846;6.466
5145148;22135;2018;W;;86.47;95.846;9.376
5145146;22135;2018;W;;85.37;95.22;9.85
5145149;22135;2018;W;;89.79;95.22;5.43
5145143;22135;2018;W;;83.56;97.737;14.177
5145124;22135;2018;W;;81.27;95.765;14.495
5145122;22135;2018;W;;92.28;97.716;5.436
5145127;22135;2018;W;;85.18;95.275;10.095
5145126;22135;2018;W;;94.72;95.6;0.88
5145129;22135;2018;W;;89.15;96.639;7.489
5145123;22135;2018;W;;82.54;96.302;13.762
5141270;22715;2018;B;CENTRE;30.0;49.765;19.765
5141275;22715;2018;B;CENTRE;32.57;50.133;17.563
5141277;22715;2018;B;CENTRE;38.23;49.173;10.943
5141278;22715;2018;B;CENTRE;29.59;49.636;20.046
5141276;22715;2018;B;CENTRE;38.42;49.484;11.064
5141280;22715;2018;B;CENTRE;24.3;49.428;25.128
5141285;22715;2018;B;CENTRE;36.06;49.428;13.368
5141282;22715;2018;B;CENTRE;36.05;49.272;13.222
5141287;22715;2018;B;CENTRE;28.66;48.547;19.887
5141288;22715;2018;B;CENTRE;30.92;48.464;17.544
5141289;22715;2018;B;CENTRE;40.57;47.217;6.647
5141283;22715;2018;B;CENTRE;25.38;48.158;22.778
5141260;22715;2018;B;CENTRE;30.66;46.996;16.336
5141265;22715;2018;B;CENTRE;21.06;46.996;25.936
5141264;22715;2018;B;CENTRE;19.59;46.996;27.406
5141261;22715;2018;B;CENTRE;27.28;48.079;20.799
5141266;22715;2018;B;CENTRE;33.51;47.906;14.396
5141269;22715;2018;B;CENTRE;32.98;47.691;14.711
5141263;22715;2018;B;CENTRE;27.07;48.438;21.368
5141291;22715;2018;B;CENTRE;36.17;51.572;15.402
5141801;22714;2018;B;;56.72;51.719;5.001
5141807;22714;2018;B;;64.99;52.15;12.84
5141808;22714;2018;B;;72.86;52.578;20.282
5141806;22714;2018;B;;60.63;52.56;8.07
5141803;22714;2018;B;;71.45;51.459;19.991
5141854;22714;2018;B;;58.87;51.785;7.085
5141852;22714;2018;B;;74.31;51.898;22.412
5141851;22714;2018;B;;60.7;51.898;8.802
5141858;22714;2018;B;;61.58;51.898;9.682
5141853;22714;2018;B;;57.88;52.099;5.781
5141840;22714;2018;B;;63.59;52.099;11.491
5141841;22714;2018;B;;57.21;51.502;5.708
5141847;22714;2018;B;;67.45;50.34;17.11
5141848;22714;2018;B;;54.06;50.34;3.72
5141846;22714;2018;B;;47.25;50.34;3.09
5141849;22714;2018;B;;56.05;50.397;5.653
5141843;22714;2018;B;;51.24;51.443;0.203
5141820;22714;2018;B;;60.76;50.609;10.151
5141822;22714;2018;B;;57.71;50.913;6.797
5141821;22714;2018;B;;66.44;50.222;16.218
5141827;22714;2018;B;;58.25;50.53;7.72
5141828;22714;2018;B;;57.58;50.53;7.05
5141826;22714;2018;B;;52.58;50.53;2.05
5141829;22714;2018;B;;58.44;50.53;7.91
5141823;22714;2018;B;;46.51;50.53;4.02
5141251;22712;2018;B;;69.03;52.15;16.88
5141257;22712;2018;B;;66.52;52.578;13.942
5141256;22712;2018;B;;73.99;51.984;22.006
5141259;22712;2018;B;;81.33;51.459;29.871
5141253;22712;2018;B;;75.21;51.642;23.568
5141240;22712;2018;B;;68.88;51.937;16.943
5141245;22712;2018;B;;70.02;51.785;18.235
5141244;22712;2018;B;;71.97;51.898;20.072
5141247;22712;2018;B;;64.09;51.898;12.192
5141248;22712;2018;B;;64.09;51.982;12.108
5141249;22712;2018;B;;78.86;52.099;26.761
5141220;22712;2018;B;;63.01;51.808;11.202
5141227;22712;2018;B;;61.79;50.34;11.45
5141229;22712;2018;B;;61.79;51.443;10.347
5141223;22712;2018;B;;75.7;50.609;25.091
5141215;22712;2018;B;;63.71;52.33;11.38
5141214;22712;2018;B;;67.52;50.913;16.607
5141212;22712;2018;B;;68.96;50.222;18.738
5141211;22712;2018;B;;51.77;50.53;1.24
5141219;22712;2018;B;;73.11;50.53;22.58
5144832;22775;2018;B;;53.62;51.719;1.901
5144831;22775;2018;B;;57.4;52.15;5.25
5144837;22775;2018;B;;63.53;52.578;10.952
5144838;22775;2018;B;;59.16;52.56;6.6
5144836;22775;2018;B;;55.51;51.984;3.526
5144833;22775;2018;B;;55.45;51.642;3.808
5144604;22775;2018;B;;68.73;51.898;16.832
5144602;22775;2018;B;;78.14;51.898;26.242
5144608;22775;2018;B;;68.25;51.982;16.268
5144606;22775;2018;B;;69.13;52.099;17.031
5144609;22775;2018;B;;65.45;52.099;13.351
5144650;22775;2018;B;;75.78;51.808;23.972
5144654;22775;2018;B;;70.75;50.561;20.189
5144658;22775;2018;B;;62.49;50.34;12.15
5144656;22775;2018;B;;71.97;50.397;21.573
5144659;22775;2018;B;;67.23;51.443;15.787
5144653;22775;2018;B;;58.31;50.609;7.701
5144640;22775;2018;B;;55.93;51.698;4.232
5144642;22775;2018;B;;62.49;50.222;12.268
5144641;22775;2018;B;;67.74;50.53;17.21
5144647;22775;2018;B;;50.8;50.53;0.27
5144648;22775;2018;B;;50.21;50.53;0.32
5144646;22775;2018;B;;55.51;50.53;4.98
5144649;22775;2018;B;;57.39;50.53;6.86
5144535;22776;2018;B;CENTRE;26.43;50.133;23.703
5144534;22776;2018;B;CENTRE;35.11;49.762;14.652
5144532;22776;2018;B;CENTRE;23.53;49.516;25.986
5144531;22776;2018;B;CENTRE;29.59;48.964;19.374
5144537;22776;2018;B;CENTRE;24.43;49.173;24.743
5144538;22776;2018;B;CENTRE;24.57;49.636;25.066
5144533;22776;2018;B;CENTRE;30.55;49.428;18.878
5144405;22776;2018;B;CENTRE;37.24;49.428;12.188
5144404;22776;2018;B;CENTRE;35.92;49.42;13.5
5144402;22776;2018;B;CENTRE;34.21;49.272;15.062
5144401;22776;2018;B;CENTRE;39.92;49.272;9.352
5144407;22776;2018;B;CENTRE;35.92;48.547;12.627
5144408;22776;2018;B;CENTRE;37.3;48.464;11.164
5144409;22776;2018;B;CENTRE;32.9;47.217;14.317
5144458;22776;2018;B;CENTRE;43.4;47.678;4.278
5144459;22776;2018;B;CENTRE;36.47;47.691;11.221
5144453;22776;2018;B;CENTRE;32.92;48.438;15.518
5144444;22776;2018;B;CENTRE;35.09;49.924;14.834
5144442;22776;2018;B;CENTRE;33.05;50.716;17.666
5145326;22773;2018;B;;70.97;51.719;19.251
5145323;22773;2018;B;;67.52;52.578;14.942
5145310;22773;2018;B;;65.07;52.56;12.51
5145315;22773;2018;B;;60.42;51.984;8.436
5145311;22773;2018;B;;62.3;51.937;10.363
5145318;22773;2018;B;;61.72;51.898;9.822
5145319;22773;2018;B;;61.58;51.898;9.682
5145370;22773;2018;B;;68.28;51.982;16.298
5145375;22773;2018;B;;67.59;52.099;15.491
5145374;22773;2018;B;;53.59;52.099;1.491
5145372;22773;2018;B;;63.26;52.099;11.161
5145371;22773;2018;B;;65.45;51.808;13.642
5145379;22773;2018;B;;65.98;50.34;15.64
5145373;22773;2018;B;;63.19;50.34;12.85
5145380;22773;2018;B;;68.81;50.34;18.47
5145385;22773;2018;B;;60.9;50.397;10.503
5145384;22773;2018;B;;67.06;51.443;15.617
5145381;22773;2018;B;;70.57;51.698;18.872
5145386;22773;2018;B;;68.96;50.222;18.738
5145389;22773;2018;B;;62.42;50.53;11.89
5145383;22773;2018;B;;66.45;50.53;15.92
5145679;22785;2018;B;;36.45;52.15;15.7
5145684;22785;2018;B;;36.38;51.459;15.079
5145681;22785;2018;B;;38.07;51.937;13.867
5145687;22785;2018;B;;35.73;51.785;16.055
5145665;22785;2018;B;;33.42;52.099;18.679
5145662;22785;2018;B;;37.26;52.099;14.839
5145661;22785;2018;B;;34.32;51.808;17.488
5145667;22785;2018;B;;34.37;50.561;16.191
5145668;22785;2018;B;;27.77;50.561;22.791
5145666;22785;2018;B;;25.81;51.502;25.692
5145669;22785;2018;B;;31.06;50.34;19.28
5145663;22785;2018;B;;37.35;50.34;12.99
5145690;22785;2018;B;;39.04;50.34;11.3
5145694;22785;2018;B;;29.94;51.443;21.503
5145696;22785;2018;B;;38.18;50.222;12.042
5145699;22785;2018;B;;37.59;50.53;12.94
5145635;22785;2018;B;;36.85;50.53;13.68
5142077;22782;2018;B;;41.85;52.578;10.728
5142076;22782;2018;B;;28.82;51.984;23.164
5142079;22782;2018;B;;36.95;51.459;14.509
5142073;22782;2018;B;;42.09;51.642;9.552
5142080;22782;2018;B;;24.89;51.937;27.047
5142084;22782;2018;B;;23.56;51.898;28.338
5142082;22782;2018;B;;30.93;51.898;20.968
5142081;22782;2018;B;;35.53;51.898;16.368
5142088;22782;2018;B;;34.85;51.982;17.132
5142086;22782;2018;B;;26.3;52.099;25.799
5142083;22782;2018;B;;41.96;52.099;10.139
5142065;22782;2018;B;;27.39;50.561;23.171
5142062;22782;2018;B;;34.63;51.502;16.872
5142061;22782;2018;B;;30.51;50.34;19.83
5142067;22782;2018;B;;44.78;50.34;5.56
5142066;22782;2018;B;;36.21;50.397;14.187
5142063;22782;2018;B;;32.72;50.609;17.889
5142094;22782;2018;B;;37.66;50.913;13.253
5142092;22782;2018;B;;40.48;50.222;9.742
5142097;22782;2018;B;;35.86;50.53;14.67
5142099;22782;2018;B;;41.3;50.53;9.23
5141527;22787;2018;B;;25.09;52.578;27.488
5141528;22787;2018;B;;23.21;52.56;29.35
5141523;22787;2018;B;;30.66;51.642;20.982
5141518;22787;2018;B;;21.16;51.982;30.822
5141516;22787;2018;B;;32.75;52.099;19.349
5141513;22787;2018;B;;23.23;52.099;28.869
5141570;22787;2018;B;;28.34;51.808;23.468
5141578;22787;2018;B;;34.52;50.34;15.82
5141573;22787;2018;B;;31.39;50.609;19.219
5141585;22787;2018;B;;19.3;52.33;33.03
5141584;22787;2018;B;;32.61;50.913;18.303
5141581;22787;2018;B;;39.17;50.53;11.36
5141587;22787;2018;B;;20.0;50.53;30.53
5141588;22787;2018;B;;35.93;50.53;14.6
5141586;22787;2018;B;;26.74;50.53;23.79
5141349;22789;2018;B;;48.76;51.719;2.959
5141320;22789;2018;B;;63.77;52.578;11.192
5141325;22789;2018;B;;62.46;52.56;9.9
5141324;22789;2018;B;;52.64;51.984;0.656
5141321;22789;2018;B;;53.09;51.642;1.448
5141327;22789;2018;B;;46.02;51.937;5.917
5141329;22789;2018;B;;51.75;51.898;0.148
5141323;22789;2018;B;;57.88;51.898;5.982
5141310;22789;2018;B;;51.69;51.898;0.208
5141314;22789;2018;B;;48.92;52.099;3.179
5141312;22789;2018;B;;51.67;52.099;0.429
5141317;22789;2018;B;;51.73;51.808;0.078
5141319;22789;2018;B;;53.95;51.502;2.448
5141370;22789;2018;B;;35.86;50.34;14.48
5141375;22789;2018;B;;65.66;50.34;15.32
5141374;22789;2018;B;;69.14;50.397;18.743
5141371;22789;2018;B;;55.39;50.609;4.781
5141377;22789;2018;B;;54.0;51.698;2.302
5141379;22789;2018;B;;59.63;50.222;9.408
5147592;22738;2018;B;;22.52;52.56;30.04
5147596;22738;2018;B;;28.27;51.937;23.667
5147599;22738;2018;B;;32.46;51.785;19.325
5147535;22738;2018;B;;28.29;51.898;23.608
5147534;22738;2018;B;;28.23;51.898;23.668
5147532;22738;2018;B;;27.04;51.982;24.942
5147531;22738;2018;B;;29.06;52.099;23.039
5147536;22738;2018;B;;17.79;51.808;34.018
5147533;22738;2018;B;;25.99;50.561;24.571
5147404;22738;2018;B;;20.79;50.34;29.55
5147401;22738;2018;B;;27.94;50.397;22.457
5147408;22738;2018;B;;27.28;50.609;23.329
5147406;22738;2018;B;;19.59;51.698;32.108
5147403;22738;2018;B;;14.63;50.913;36.283
5147450;22738;2018;B;;18.58;50.222;31.642
5147452;22738;2018;B;;21.23;50.53;29.3
5147457;22738;2018;B;;17.28;50.53;33.25
5142662;22803;2018;B;;57.39;51.719;5.671
5142661;22803;2018;B;;61.5;52.15;9.35
5142668;22803;2018;B;;55.02;52.56;2.46
5142666;22803;2018;B;;60.66;51.984;8.676
5142669;22803;2018;B;;67.16;51.459;15.701
5142695;22803;2018;B;;50.26;51.785;1.525
5142692;22803;2018;B;;71.0;51.898;19.102
5142699;22803;2018;B;;61.65;52.099;9.551
5142693;22803;2018;B;;58.92;52.099;6.821
5142634;22803;2018;B;;68.13;50.561;17.569
5142632;22803;2018;B;;54.42;51.502;2.918
5142631;22803;2018;B;;62.59;50.34;12.25
5142637;22803;2018;B;;58.38;50.34;8.04
5142636;22803;2018;B;;68.28;50.397;17.883
5142639;22803;2018;B;;64.85;51.443;13.407
5142908;22803;2018;B;;53.99;50.53;3.46
5142906;22803;2018;B;;69.18;50.53;18.65
5142909;22803;2018;B;;56.78;50.53;6.25
5142356;22856;2018;B;CENTRE;32.35;49.334;16.984
5142359;22856;2018;B;CENTRE;24.3;49.765;25.465
5142353;22856;2018;B;CENTRE;31.01;50.133;19.123
5142345;22856;2018;B;CENTRE;23.16;49.516;26.356
5142348;22856;2018;B;CENTRE;31.27;49.428;18.158
5142346;22856;2018;B;CENTRE;28.16;49.428;21.268
5142349;22856;2018;B;CENTRE;10.27;49.428;39.158
5142320;22856;2018;B;CENTRE;28.42;49.42;21.0
5142325;22856;2018;B;CENTRE;29.83;49.272;19.442
5142324;22856;2018;B;CENTRE;32.81;49.272;16.462
5142322;22856;2018;B;CENTRE;34.02;48.547;14.527
5142321;22856;2018;B;CENTRE;32.77;48.464;15.694
5142328;22856;2018;B;CENTRE;30.48;47.217;16.737
5142329;22856;2018;B;CENTRE;34.74;46.996;12.256
5142314;22856;2018;B;CENTRE;28.18;48.079;19.899
5142312;22856;2018;B;CENTRE;18.23;47.245;29.015
5142311;22856;2018;B;CENTRE;26.6;47.678;21.078
5142317;22856;2018;B;CENTRE;25.53;47.906;22.376
5142316;22856;2018;B;CENTRE;35.59;48.438;12.848
5142319;22856;2018;B;CENTRE;38.62;48.578;9.958
5142313;22856;2018;B;CENTRE;17.68;48.578;30.898
5142370;22856;2018;B;CENTRE;23.25;49.924;26.674
5147117;22853;2018;B;;33.82;52.15;18.33
5147118;22853;2018;B;;35.14;52.578;17.438
5147119;22853;2018;B;;32.77;51.984;19.214
5147113;22853;2018;B;;32.75;51.459;18.709
5147170;22853;2018;B;;26.38;51.642;25.262
5147174;22853;2018;B;;32.3;51.785;19.485
5147171;22853;2018;B;;18.25;51.898;33.648
5147178;22853;2018;B;;24.67;51.898;27.228
5147173;22853;2018;B;;28.62;52.099;23.479
5147180;22853;2018;B;;23.77;52.099;28.329
5147185;22853;2018;B;;23.36;51.808;28.448
5145920;22840;2018;B;;65.98;52.15;13.83
5145925;22840;2018;B;;67.74;52.578;15.162
5145924;22840;2018;B;;59.1;52.56;6.54
5145922;22840;2018;B;;68.28;51.984;16.296
5145929;22840;2018;B;;68.6;51.898;16.702
5145910;22840;2018;B;;59.91;51.898;8.012
5145915;22840;2018;B;;67.06;51.898;15.162
5145911;22840;2018;B;;57.09;52.099;4.991
5145916;22840;2018;B;;59.54;50.561;8.979
5145919;22840;2018;B;;57.39;50.561;6.829
5145913;22840;2018;B;;51.95;51.502;0.448
5145970;22840;2018;B;;67.82;50.34;17.48
5145974;22840;2018;B;;56.6;50.34;6.26
5145971;22840;2018;B;;56.72;51.443;5.277
5145979;22840;2018;B;;62.43;50.913;11.517
5145973;22840;2018;B;;65.45;50.222;15.228
5145980;22840;2018;B;;61.48;50.53;10.95
5145985;22840;2018;B;;62.63;50.53;12.1
5145982;22840;2018;B;;71.05;50.53;20.52
5145981;22840;2018;B;;64.54;50.53;14.01
5142422;22847;2018;B;;57.15;51.719;5.431
5142427;22847;2018;B;;61.58;52.578;9.002
5142428;22847;2018;B;;40.81;52.56;11.75
5142426;22847;2018;B;;67.06;51.984;15.076
5142429;22847;2018;B;;60.63;51.459;9.171
5142423;22847;2018;B;;64.72;51.642;13.078
5142410;22847;2018;B;;42.17;51.937;9.767
5142412;22847;2018;B;;40.48;51.898;11.418
5142470;22847;2018;B;;61.58;51.808;9.772
5142475;22847;2018;B;;53.7;50.561;3.139
5142472;22847;2018;B;;67.91;51.502;16.408
5142480;22847;2018;B;;68.67;51.698;16.972
5142487;22847;2018;B;;66.75;50.53;16.22
5142488;22847;2018;B;;69.14;50.53;18.61
5142489;22847;2018;B;;53.06;50.53;2.53
5142585;22812;2018;B;;36.5;51.719;15.219
5142582;22812;2018;B;;35.7;52.578;16.878
5142587;22812;2018;B;;34.74;51.984;17.244
5142588;22812;2018;B;;43.34;51.459;8.119
5142589;22812;2018;B;;24.43;51.937;27.507
5142583;22812;2018;B;;32.46;51.785;19.325
5142560;22812;2018;B;;38.4;51.898;13.498
5142564;22812;2018;B;;30.46;51.898;21.438
5142562;22812;2018;B;;39.78;51.898;12.118
5142566;22812;2018;B;;42.99;52.099;9.109
5142595;22812;2018;B;;32.35;51.502;19.152
5142592;22812;2018;B;;35.86;50.34;14.48
5142591;22812;2018;B;;41.76;50.34;8.58
5142530;22812;2018;B;;27.9;50.913;23.013
5142535;22812;2018;B;;36.03;50.222;14.192
5142531;22812;2018;B;;40.37;50.53;10.16
5142538;22812;2018;B;;40.77;50.53;9.76
5141047;22818;2018;B;CENTRE;34.68;49.334;14.654
5141046;22818;2018;B;CENTRE;34.34;50.133;15.793
5141049;22818;2018;B;CENTRE;30.14;49.762;19.622
5141025;22818;2018;B;CENTRE;29.24;49.173;19.933
5141024;22818;2018;B;CENTRE;26.14;49.636;23.496
5141027;22818;2018;B;CENTRE;37.15;49.428;12.278
5141026;22818;2018;B;CENTRE;24.02;49.428;25.408
5141029;22818;2018;B;CENTRE;35.27;49.42;14.15
5141023;22818;2018;B;CENTRE;25.02;49.272;24.252
5141010;22818;2018;B;CENTRE;33.05;49.272;16.222
5141012;22818;2018;B;CENTRE;37.61;47.217;9.607
5141019;22818;2018;B;CENTRE;32.42;46.996;14.576
5141070;22818;2018;B;CENTRE;24.24;48.079;23.839
5141075;22818;2018;B;CENTRE;30.38;47.245;16.865
5141074;22818;2018;B;CENTRE;29.17;47.678;18.508
5141072;22818;2018;B;CENTRE;41.17;47.906;6.736
5141071;22818;2018;B;CENTRE;26.76;47.691;20.931
5141078;22818;2018;B;CENTRE;25.27;48.578;23.308
5141079;22818;2018;B;CENTRE;26.49;49.924;23.434
5141080;22818;2018;B;CENTRE;30.99;51.572;20.582
5148762;22883;2018;B;CENTRE;42.02;49.334;7.314
5148761;22883;2018;B;CENTRE;44.09;47.828;3.738
5148766;22883;2018;B;CENTRE;37.21;50.133;12.923
5148769;22883;2018;B;CENTRE;36.89;48.892;12.002
5148763;22883;2018;B;CENTRE;35.84;49.762;13.922
5148791;22883;2018;B;CENTRE;43.74;47.724;3.984
5148796;22883;2018;B;CENTRE;43.86;49.636;5.776
5148799;22883;2018;B;CENTRE;43.26;49.623;6.363
5148793;22883;2018;B;CENTRE;42.99;49.484;6.494
5148735;22883;2018;B;CENTRE;43.46;49.428;5.968
5148734;22883;2018;B;CENTRE;37.31;49.416;12.106
5148737;22883;2018;B;CENTRE;37.64;49.428;11.788
5148738;22883;2018;B;CENTRE;34.23;49.416;15.186
5148733;22883;2018;B;CENTRE;37.65;49.42;11.77
5148805;22883;2018;B;CENTRE;31.63;49.272;17.642
5148802;22883;2018;B;CENTRE;34.52;49.272;14.752
5148801;22883;2018;B;CENTRE;37.54;48.562;11.022
5148808;22883;2018;B;CENTRE;28.63;47.836;19.206
5148857;22883;2018;B;CENTRE;37.59;46.996;9.406
5148859;22883;2018;B;CENTRE;37.1;46.285;9.185
5148853;22883;2018;B;CENTRE;31.97;46.996;15.026
5148840;22883;2018;B;CENTRE;37.15;46.285;9.135
5148845;22883;2018;B;CENTRE;38.93;46.57;7.64
5148844;22883;2018;B;CENTRE;36.78;45.859;9.079
5148842;22883;2018;B;CENTRE;38.76;48.079;9.319
5148841;22883;2018;B;CENTRE;25.71;47.375;21.665
5148848;22883;2018;B;CENTRE;37.88;46.942;9.062
5148846;22883;2018;B;CENTRE;35.8;47.678;11.878
5148843;22883;2018;B;CENTRE;34.49;47.906;13.416
5148820;22883;2018;B;CENTRE;32.03;47.195;15.165
5148825;22883;2018;B;CENTRE;36.8;47.691;10.891
5148821;22883;2018;B;CENTRE;38.74;47.116;8.376
5148827;22883;2018;B;CENTRE;33.31;48.578;15.268
5148810;22883;2018;B;CENTRE;38.37;48.602;10.232
5148815;22883;2018;B;CENTRE;38.66;50.716;12.056
5148814;22883;2018;B;CENTRE;37.69;49.59;11.9
5146079;22860;2018;B;CENTRE;40.56;49.334;8.774
5146085;22860;2018;B;CENTRE;38.68;48.259;9.579
5146081;22860;2018;B;CENTRE;34.89;49.762;14.872
5146087;22860;2018;B;CENTRE;36.25;48.522;12.272
5146088;22860;2018;B;CENTRE;44.5;49.516;5.016
5146086;22860;2018;B;CENTRE;37.05;48.275;11.225
5146089;22860;2018;B;CENTRE;34.7;48.964;14.264
5146083;22860;2018;B;CENTRE;41.05;47.724;6.674
5146065;22860;2018;B;CENTRE;31.81;48.653;16.843
5146061;22860;2018;B;CENTRE;39.5;49.484;9.984
5146066;22860;2018;B;CENTRE;36.58;49.416;12.836
5146063;22860;2018;B;CENTRE;33.87;49.416;15.546
5146090;22860;2018;B;CENTRE;33.78;49.428;15.648
5146092;22860;2018;B;CENTRE;35.29;49.416;14.126
5146030;22860;2018;B;CENTRE;32.24;48.547;16.307
5146035;22860;2018;B;CENTRE;34.94;47.836;12.896
5146031;22860;2018;B;CENTRE;30.38;47.217;16.837
5146036;22860;2018;B;CENTRE;39.26;46.507;7.247
5146039;22860;2018;B;CENTRE;31.65;48.158;16.508
5146500;22860;2018;B;CENTRE;40.92;46.996;6.076
5146505;22860;2018;B;CENTRE;37.98;46.285;8.305
5146504;22860;2018;B;CENTRE;34.74;46.996;12.256
5146502;22860;2018;B;CENTRE;34.53;46.285;11.755
5146508;22860;2018;B;CENTRE;27.05;46.57;19.52
5148817;22867;2018;B;;45.28;51.719;6.439
5148818;22867;2018;B;;46.48;51.545;5.065
5148819;22867;2018;B;;40.23;51.976;11.746
5148813;22867;2018;B;;40.53;52.578;12.048
5148870;22867;2018;B;;47.63;52.404;4.774
5148875;22867;2018;B;;41.49;52.56;11.07
5148874;22867;2018;B;;45.61;52.387;6.777
5148872;22867;2018;B;;40.04;51.984;11.944
5148877;22867;2018;B;;43.43;51.459;8.029
5148878;22867;2018;B;;41.79;51.285;9.495
5148876;22867;2018;B;;35.37;51.642;16.272
5148879;22867;2018;B;;33.6;51.431;17.831
5148880;22867;2018;B;;38.12;51.764;13.644
5148885;22867;2018;B;;43.09;51.785;8.695
5148882;22867;2018;B;;43.6;51.898;8.298
5148887;22867;2018;B;;33.59;51.898;18.308
5148886;22867;2018;B;;44.48;51.898;7.418
5148889;22867;2018;B;;41.12;51.724;10.604
5148883;22867;2018;B;;35.54;51.898;16.358
5148860;22867;2018;B;;34.0;51.724;17.724
5148864;22867;2018;B;;31.79;51.808;20.018
5148861;22867;2018;B;;34.86;51.926;17.066
5148868;22867;2018;B;;35.68;51.926;16.246
5148866;22867;2018;B;;35.31;52.099;16.789
5148869;22867;2018;B;;38.62;51.926;13.306
5148863;22867;2018;B;;33.59;51.808;18.218
5148890;22867;2018;B;;34.47;51.635;17.165
5148892;22867;2018;B;;39.28;50.561;11.281
5148891;22867;2018;B;;37.98;50.388;12.408
5148897;22867;2018;B;;41.2;51.502;10.302
5148898;22867;2018;B;;39.81;51.329;11.519
5148896;22867;2018;B;;33.9;50.34;16.44
5148899;22867;2018;B;;33.81;50.166;16.356
5148835;22867;2018;B;;35.9;50.34;14.44
5148834;22867;2018;B;;37.5;50.166;12.666
5148832;22867;2018;B;;41.82;50.397;8.577
5148831;22867;2018;B;;42.44;50.224;7.784
5148837;22867;2018;B;;41.08;51.443;10.363
5148836;22867;2018;B;;38.7;50.609;11.909
5148839;22867;2018;B;;40.32;50.843;10.523
5148602;22867;2018;B;;38.19;50.913;12.723
5148601;22867;2018;B;;39.12;50.739;11.619
5148609;22867;2018;B;;34.52;51.015;16.495
5148654;22867;2018;B;;38.99;51.015;12.025
5148652;22867;2018;B;;42.82;50.53;7.71
5148651;22867;2018;B;;38.32;51.015;12.695
5148657;22867;2018;B;;36.32;50.53;14.21
5148659;22866;2018;B;;47.45;51.545;4.095
5148644;22866;2018;B;;46.61;52.404;5.794
5148642;22866;2018;B;;48.52;52.56;4.04
5148641;22866;2018;B;;46.39;52.387;5.997
5148647;22866;2018;B;;49.05;51.984;2.934
5148648;22866;2018;B;;48.91;51.81;2.9
5148643;22866;2018;B;;43.48;51.642;8.162
5148620;22866;2018;B;;42.0;51.431;9.431
5148624;22866;2018;B;;48.92;51.764;2.844
5148627;22866;2018;B;;50.48;51.898;1.418
5148626;22866;2018;B;;42.15;51.898;9.748
5148629;22866;2018;B;;44.23;51.724;7.494
5148623;22866;2018;B;;46.05;51.898;5.848
5148610;22866;2018;B;;47.99;51.724;3.734
5148615;22866;2018;B;;45.01;51.898;6.888
5148614;22866;2018;B;;42.42;51.724;9.304
5148611;22866;2018;B;;42.0;51.808;9.808
5148618;22866;2018;B;;48.68;51.926;3.246
5148616;22866;2018;B;;39.0;52.099;13.099
5148619;22866;2018;B;;41.17;51.926;10.756
5148613;22866;2018;B;;44.07;52.099;8.029
5148670;22866;2018;B;;41.78;51.926;10.146
5148675;22866;2018;B;;44.91;51.808;6.898
5148674;22866;2018;B;;37.85;51.635;13.785
5148671;22866;2018;B;;40.83;50.388;9.558
5148677;22866;2018;B;;44.29;50.561;6.271
5148676;22866;2018;B;;45.9;51.502;5.602
5148679;22866;2018;B;;43.1;51.329;8.229
5148680;22866;2018;B;;43.19;50.166;6.976
5148685;22866;2018;B;;44.49;50.34;5.85
5148682;22866;2018;B;;45.68;50.34;4.66
5148681;22866;2018;B;;49.49;50.166;0.676
5148687;22866;2018;B;;48.12;50.397;2.277
5148686;22866;2018;B;;45.81;51.443;5.633
5148689;22866;2018;B;;41.69;51.276;9.586
5148683;22866;2018;B;;44.55;50.609;6.059
5148660;22866;2018;B;;47.65;50.843;3.193
5148665;22866;2018;B;;40.91;51.698;10.788
5148669;22866;2018;B;;39.81;50.875;11.065
5148663;22866;2018;B;;42.17;50.53;8.36
5148690;22866;2018;B;;35.71;51.015;15.305
5148694;22866;2018;B;;48.21;51.015;2.805
5148692;22866;2018;B;;43.04;50.53;7.49
5148691;22866;2018;B;;46.27;51.015;4.745
5148697;22866;2018;B;;44.43;50.53;6.1
5148698;22866;2018;B;;43.62;51.015;7.395
5120948;22684;2018;B;CENTRE;44.71;48.877;4.167
5120946;22684;2018;B;CENTRE;33.09;49.765;16.675
5120925;22684;2018;B;CENTRE;35.86;48.892;13.032
5120921;22684;2018;B;CENTRE;37.36;48.522;11.162
5120928;22684;2018;B;CENTRE;40.71;49.516;8.806
5120926;22684;2018;B;CENTRE;38.42;48.275;9.855
5120923;22684;2018;B;CENTRE;31.96;48.964;17.004
5120910;22684;2018;B;CENTRE;35.8;47.724;11.924
5120915;22684;2018;B;CENTRE;37.37;49.156;11.786
5120914;22684;2018;B;CENTRE;35.95;49.173;13.223
5120911;22684;2018;B;CENTRE;29.7;50.086;20.386
5120916;22684;2018;B;CENTRE;32.93;50.888;17.958
5120975;22684;2018;B;CENTRE;32.59;49.428;16.838
5120972;22684;2018;B;CENTRE;31.67;50.621;18.951
5120971;22684;2018;B;CENTRE;30.9;49.428;18.528
5120977;22684;2018;B;CENTRE;33.68;49.416;15.736
5120973;22684;2018;B;CENTRE;43.89;50.621;6.731
5120985;22684;2018;B;CENTRE;41.99;49.416;7.426
5120982;22684;2018;B;CENTRE;44.58;49.42;4.84
5120987;22684;2018;B;CENTRE;42.44;49.059;6.619
5120986;22684;2018;B;CENTRE;45.69;49.26;3.57
5120983;22684;2018;B;CENTRE;34.0;49.272;15.272
5120960;22684;2018;B;CENTRE;37.08;48.562;11.482
5120965;22684;2018;B;CENTRE;39.86;45.952;6.092
5120964;22684;2018;B;CENTRE;32.48;48.547;16.067
5120962;22684;2018;B;CENTRE;24.59;47.836;23.246
5120961;22684;2018;B;CENTRE;31.21;43.536;12.326
5120967;22684;2018;B;CENTRE;34.74;48.464;13.724
5120966;22684;2018;B;CENTRE;28.52;43.454;14.934
5120963;22684;2018;B;CENTRE;31.81;46.507;14.697
5120994;22684;2018;B;CENTRE;37.86;46.507;8.647
5120992;22684;2018;B;CENTRE;36.15;42.207;6.057
5120998;22684;2018;B;CENTRE;38.49;43.148;4.658
5120996;22684;2018;B;CENTRE;43.65;46.996;3.346
5120930;22684;2018;B;CENTRE;19.35;46.996;27.646
5120935;22684;2018;B;CENTRE;30.55;46.285;15.735
5120934;22684;2018;B;CENTRE;25.2;41.985;16.785
5120931;22684;2018;B;CENTRE;28.71;46.285;17.575
5120937;22684;2018;B;CENTRE;35.31;41.985;6.675
5120938;22684;2018;B;CENTRE;34.72;46.57;11.85
5120936;22684;2018;B;CENTRE;41.02;45.859;4.839
5120933;22684;2018;B;CENTRE;44.9;48.079;3.179
5120300;22684;2018;B;CENTRE;44.21;47.375;3.165
5120305;22684;2018;B;CENTRE;42.79;43.075;0.285
5120302;22684;2018;B;CENTRE;39.25;46.942;7.692
5120308;22684;2018;B;CENTRE;31.96;47.669;15.709
5120303;22684;2018;B;CENTRE;34.81;47.195;12.385
5120350;22684;2018;B;CENTRE;32.04;42.895;10.855
5120355;22684;2018;B;CENTRE;34.11;47.691;13.581
5120352;22684;2018;B;CENTRE;35.11;42.681;7.571
5120351;22684;2018;B;CENTRE;28.94;48.438;19.498
5120356;22684;2018;B;CENTRE;46.41;48.578;2.168
5120353;22684;2018;B;CENTRE;43.06;42.957;0.103
5120838;22681;2018;B;CENTRE;9.63;49.334;39.704
5120833;22681;2018;B;CENTRE;16.1;31.793;15.693
5120600;22681;2018;B;CENTRE;24.19;49.765;25.575
5120604;22681;2018;B;CENTRE;21.12;49.308;28.188
5120601;22681;2018;B;CENTRE;19.85;50.133;30.283
5120650;22681;2018;B;CENTRE;24.53;49.848;25.318
5120652;22681;2018;B;CENTRE;13.25;48.275;35.025
5120653;22681;2018;B;CENTRE;12.94;32.071;19.131
5120645;22681;2018;B;CENTRE;21.85;48.653;26.803
5120642;22681;2018;B;CENTRE;17.61;33.001;15.391
5120641;22681;2018;B;CENTRE;20.22;49.636;29.416
5120646;22681;2018;B;CENTRE;12.49;33.804;21.314
5120643;22681;2018;B;CENTRE;12.09;49.471;37.381
5120624;22681;2018;B;CENTRE;13.06;49.428;36.368
5120621;22681;2018;B;CENTRE;14.97;50.621;35.651
5120627;22681;2018;B;CENTRE;12.33;34.543;22.213
5120629;22681;2018;B;CENTRE;17.6;50.621;33.021
5120623;22681;2018;B;CENTRE;9.4;34.543;25.143
5120610;22681;2018;B;CENTRE;15.91;49.428;33.518
5120615;22681;2018;B;CENTRE;17.26;49.416;32.156
5120611;22681;2018;B;CENTRE;10.56;49.428;38.868
5120617;22681;2018;B;CENTRE;18.81;49.416;30.606
5120613;22681;2018;B;CENTRE;11.34;49.407;38.067
5120670;22681;2018;B;CENTRE;17.61;49.059;31.449
5120675;22681;2018;B;CENTRE;14.44;34.535;20.095
5120678;22681;2018;B;CENTRE;13.24;49.272;36.032
5120676;22681;2018;B;CENTRE;13.43;48.562;35.132
5120679;22681;2018;B;CENTRE;17.95;45.952;28.002
5120673;22681;2018;B;CENTRE;19.61;31.427;11.817
5120680;22681;2018;B;CENTRE;15.78;48.547;32.767
5120682;22681;2018;B;CENTRE;15.21;29.012;13.802
5120681;22681;2018;B;CENTRE;15.59;48.464;32.874
5120688;22681;2018;B;CENTRE;11.99;43.454;31.464
5120683;22681;2018;B;CENTRE;20.3;46.507;26.207
5120660;22681;2018;B;CENTRE;21.49;42.207;20.717
5120664;22681;2018;B;CENTRE;15.61;47.217;31.607
5120661;22681;2018;B;CENTRE;14.83;42.207;27.377
5120663;22681;2018;B;CENTRE;14.18;28.623;14.443
5120690;22681;2018;B;CENTRE;21.1;46.996;25.896
5120695;22681;2018;B;CENTRE;18.78;46.285;27.505
5120692;22681;2018;B;CENTRE;18.28;27.461;9.181
5120697;22681;2018;B;CENTRE;13.54;46.285;32.745
5120698;22681;2018;B;CENTRE;10.13;41.985;31.855
5120693;22681;2018;B;CENTRE;10.54;46.285;35.745
5120630;22681;2018;B;CENTRE;12.64;41.985;29.345
5120635;22681;2018;B;CENTRE;7.5;27.461;19.961
5120632;22681;2018;B;CENTRE;24.96;45.859;20.899
5120631;22681;2018;B;CENTRE;15.48;41.56;26.08
5120638;22681;2018;B;CENTRE;15.94;48.079;32.139
5120636;22681;2018;B;CENTRE;22.81;47.375;24.565
5120639;22681;2018;B;CENTRE;19.16;43.075;23.915
5120633;22681;2018;B;CENTRE;11.29;28.551;17.261
5120900;22681;2018;B;CENTRE;18.22;47.245;29.025
5120902;22681;2018;B;CENTRE;9.93;27.914;17.984
5120906;22681;2018;B;CENTRE;7.74;26.689;18.949
5120955;22681;2018;B;CENTRE;12.01;28.371;16.361
5120951;22681;2018;B;CENTRE;9.0;42.681;33.681
5120957;22681;2018;B;CENTRE;18.95;28.185;9.235
5120958;22681;2018;B;CENTRE;14.45;48.438;33.988
5120956;22681;2018;B;CENTRE;13.13;47.116;33.986
5120959;22681;2018;B;CENTRE;11.55;42.816;31.266
5120953;22681;2018;B;CENTRE;14.57;28.321;13.751
5120940;22681;2018;B;CENTRE;11.64;48.578;36.938
5120945;22681;2018;B;CENTRE;24.08;47.256;23.176
5120944;22681;2018;B;CENTRE;15.06;42.957;27.897
5120942;22681;2018;B;CENTRE;11.41;28.461;17.051
5125976;22979;2018;B;;36.78;52.404;15.624
5125985;22979;2018;B;;41.5;51.81;10.31
5125981;22979;2018;B;;44.29;51.642;7.352
5125988;22979;2018;B;;36.57;51.937;15.367
5125986;22979;2018;B;;44.32;51.764;7.444
5125960;22979;2018;B;;40.33;51.898;11.568
5125965;22979;2018;B;;33.01;51.724;18.714
5125967;22979;2018;B;;38.38;51.724;13.344
5125969;22979;2018;B;;43.25;51.982;8.732
5125963;22979;2018;B;;40.12;51.808;11.688
5125995;22979;2018;B;;31.59;51.926;20.336
5125992;22979;2018;B;;36.97;51.635;14.665
5125998;22979;2018;B;;33.35;52.099;18.749
5125993;22979;2018;B;;33.72;50.388;16.668
5125930;22979;2018;B;;32.23;50.561;18.331
5125935;22979;2018;B;;35.73;50.388;14.658
5125937;22979;2018;B;;41.43;50.166;8.736
5125938;22979;2018;B;;35.02;50.34;15.32
5125933;22979;2018;B;;33.96;50.166;16.206
5125361;22987;2018;O;;86.66;77.206;9.454
5125367;22987;2018;O;;78.01;75.184;2.826
5125369;22987;2018;O;;85.7;77.272;8.428
5125363;22987;2018;O;;68.01;75.249;7.239
5125394;22987;2018;O;;73.97;77.165;3.195
5125391;22987;2018;O;;80.99;77.165;3.825
5125397;22987;2018;O;;89.55;75.143;14.407
5125398;22987;2018;O;;63.01;79.959;16.949
5125399;22987;2018;O;;71.47;79.959;8.489
5125334;22987;2018;O;;79.55;76.966;2.584
5125332;22987;2018;O;;86.18;75.23;10.95
5125337;22987;2018;O;;82.05;75.371;6.679
5125333;22987;2018;O;;77.05;75.371;1.679
5124000;22987;2018;O;;45.61;77.083;31.473
5124005;22987;2018;O;;57.82;75.488;17.668
5117472;21085;2018;W;;90.91;94.365;3.455
5117477;21085;2018;W;;86.05;93.948;7.898
5117479;21085;2018;W;;97.57;94.234;3.336
5117473;21085;2018;W;;89.76;93.948;4.188
5117485;21085;2018;W;;92.81;94.093;1.283
5117484;21085;2018;W;;94.43;94.234;0.196
5117481;21085;2018;W;;98.34;94.234;4.106
5117486;21085;2018;W;;97.1;94.23;2.87
5117489;21085;2018;W;;88.05;94.234;6.184
5117483;21085;2018;W;;105.57;94.23;11.34
5117460;21085;2018;W;;97.19;94.23;2.96
5117465;21085;2018;W;;100.81;94.336;6.474
5117464;21085;2018;W;;102.91;94.195;8.715
5117462;21085;2018;W;;97.1;94.23;2.87
5117467;21085;2018;W;;94.24;94.336;0.096
5117466;21085;2018;W;;110.62;95.777;14.843
5117469;21085;2018;W;;105.0;94.862;10.138
5117105;21088;2018;W;;65.1;94.496;29.396
5117102;21088;2018;W;;66.24;94.969;28.729
5117106;21088;2018;W;;64.24;94.093;29.853
5117109;21088;2018;W;;62.91;93.948;31.038
5117150;21088;2018;W;;50.34;94.234;43.894
5117155;21088;2018;W;;63.19;94.234;31.044
5117151;21088;2018;W;;68.53;94.234;25.704
5117157;21088;2018;W;;90.53;94.234;3.704
5117159;21088;2018;W;;67.86;94.23;26.37
5117145;21088;2018;W;;81.0;94.336;13.336
5117141;21088;2018;W;;60.14;94.23;34.09
5117148;21088;2018;W;;65.86;94.608;28.748
5117146;21088;2018;W;;87.48;95.777;8.297
5117744;21060;2018;W;;89.19;94.969;5.779
5117742;21060;2018;W;;50.24;94.365;44.125
5117743;21060;2018;W;;62.43;94.234;31.804
5117724;21060;2018;W;;72.81;94.23;21.42
5117722;21060;2018;W;;67.76;94.23;26.47
5117721;21060;2018;W;;79.1;93.948;14.848
5117727;21060;2018;W;;60.14;94.23;34.09
5117728;21060;2018;W;;76.62;94.093;17.473
5117726;21060;2018;W;;73.48;94.336;20.856
5117714;21060;2018;W;;60.43;94.195;33.765
5117712;21060;2018;W;;62.34;94.23;31.89
5117711;21060;2018;W;;59.95;94.23;34.28
5117716;21060;2018;W;;86.91;95.777;8.867
5117719;21060;2018;W;;77.95;94.862;16.912
5117775;21065;2018;W;;86.72;95.223;8.503
5117777;21065;2018;W;;87.48;93.948;6.468
5117785;21065;2018;W;;97.95;94.172;3.778
5117782;21065;2018;W;;94.24;94.23;0.01
5117781;21065;2018;W;;97.76;93.948;3.812
5117788;21065;2018;W;;82.81;94.093;11.283
5117789;21065;2018;W;;90.91;94.234;3.324
5117783;21065;2018;W;;95.95;94.234;1.716
5117765;21065;2018;W;;94.72;94.234;0.486
5117762;21065;2018;W;;98.24;94.23;4.01
5117761;21065;2018;W;;90.43;94.23;3.8
5117766;21065;2018;W;;103.1;95.777;7.323
5117769;21065;2018;W;;106.24;94.862;11.378
5117763;21065;2018;W;;98.14;94.325;3.815
5118544;21556;2018;W;;84.14;94.969;10.829
5118542;21556;2018;W;;65.86;94.365;28.505
5118541;21556;2018;W;;79.38;94.093;14.713
5118547;21556;2018;W;;78.05;94.172;16.122
5118548;21556;2018;W;;72.91;93.948;21.038
5118546;21556;2018;W;;76.72;93.948;17.228
5118549;21556;2018;W;;65.57;94.234;28.664
5118525;21556;2018;W;;84.43;94.234;9.804
5118522;21556;2018;W;;65.76;94.234;28.474
5118521;21556;2018;W;;71.67;94.234;22.564
5118527;21556;2018;W;;88.62;94.234;5.614
5118526;21556;2018;W;;85.67;94.234;8.564
5118510;21556;2018;W;;66.05;94.23;28.18
5118515;21556;2018;W;;63.95;94.336;30.386
5118514;21556;2018;W;;74.24;94.23;19.99
5118512;21556;2018;W;;71.57;94.23;22.66
5118511;21556;2018;W;;63.76;94.23;30.47
5118517;21556;2018;W;;68.05;94.336;26.286
5118519;21556;2018;W;;84.43;94.862;10.432
5118590;21542;2018;W;;65.57;94.496;28.926
5118594;21542;2018;W;;55.19;94.969;39.779
5118592;21542;2018;W;;65.67;94.365;28.695
5118591;21542;2018;W;;66.81;94.093;27.283
5118597;21542;2018;W;;64.53;94.172;29.642
5118596;21542;2018;W;;97.76;93.948;3.812
5118599;21542;2018;W;;59.48;94.234;34.754
5118593;21542;2018;W;;67.57;94.093;26.523
5118530;21542;2018;W;;52.34;94.234;41.894
5118532;21542;2018;W;;80.43;94.234;13.804
5118531;21542;2018;W;;70.05;94.234;24.184
5118538;21542;2018;W;;72.24;94.234;21.994
5118536;21542;2018;W;;92.34;94.195;1.855
5118539;21542;2018;W;;84.43;94.23;9.8
5118533;21542;2018;W;;92.43;94.234;1.804
5118405;21542;2018;W;;70.81;94.336;23.526
5118401;21542;2018;W;;87.0;94.23;7.23
5118408;21542;2018;W;;69.76;94.608;24.848
5118406;21542;2018;W;;85.29;95.777;10.487
5118409;21542;2018;W;;91.19;94.862;3.672
5118403;21542;2018;W;;97.86;94.325;3.535
5113037;21548;2018;W;;105.53;94.093;11.437
5113033;21548;2018;W;;96.93;94.172;2.758
5113500;21548;2018;W;;105.06;93.948;11.112
5113505;21548;2018;W;;104.43;93.948;10.482
5113504;21548;2018;W;;99.47;94.093;5.377
5113502;21548;2018;W;;96.73;94.234;2.496
5113501;21548;2018;W;;101.6;94.234;7.366
5113550;21548;2018;W;;95.57;94.195;1.375
5113555;21548;2018;W;;99.13;94.23;4.9
5113552;21548;2018;W;;86.64;94.234;7.594
5113551;21548;2018;W;;103.53;94.23;9.3
5113557;21548;2018;W;;90.49;94.336;3.846
5113553;21548;2018;W;;93.61;94.336;0.726
5113455;21520;2018;W;;99.88;94.496;5.384
5113452;21520;2018;W;;105.1;94.093;11.007
5113451;21520;2018;W;;95.33;93.948;1.382
5113457;21520;2018;W;;81.98;94.234;12.254
5113458;21520;2018;W;;77.76;94.234;16.474
5113456;21520;2018;W;;87.62;94.234;6.614
5113459;21520;2018;W;;90.12;94.234;4.114
5113440;21520;2018;W;;88.93;94.23;5.3
5113445;21520;2018;W;;82.0;94.23;12.23
5113444;21520;2018;W;;89.06;94.23;5.17
5113441;21520;2018;W;;91.78;94.862;3.082
5113447;21520;2018;W;;85.28;95.223;9.943
5113446;21520;2018;W;;98.89;94.172;4.718
5113449;21520;2018;W;;102.52;93.948;8.572
5113420;21520;2018;W;;84.85;94.234;9.384
5113425;21520;2018;W;;82.03;94.234;12.204
5113427;21520;2018;W;;85.38;94.23;8.85
5113428;21520;2018;W;;95.66;94.23;1.43
5113426;21520;2018;W;;86.39;94.336;7.946
5113423;21520;2018;W;;83.89;95.777;11.887
5113465;21522;2018;W;;84.95;94.608;9.658
5113464;21522;2018;W;;89.23;94.496;5.266
5113467;21522;2018;W;;82.2;93.948;11.748
5113468;21522;2018;W;;90.56;94.234;3.674
5113466;21522;2018;W;;102.55;94.234;8.316
5113469;21522;2018;W;;89.73;94.234;4.504
5113463;21522;2018;W;;97.2;94.234;2.966
5113495;21522;2018;W;;89.1;94.23;5.13
5113492;21522;2018;W;;89.83;94.23;4.4
5113497;21522;2018;W;;96.73;95.777;0.953
5113496;21522;2018;W;;92.39;94.365;1.975
5113435;21522;2018;W;;93.7;94.234;0.534
5113434;21522;2018;W;;97.45;94.234;3.216
5113431;21522;2018;W;;86.53;94.234;7.704
5113437;21522;2018;W;;92.12;94.195;2.075
5113439;21522;2018;W;;85.78;94.336;8.556
5113433;21522;2018;W;;95.09;94.862;0.228
5118465;21521;2018;W;;90.53;94.365;3.835
5118467;21521;2018;W;;105.7;94.234;11.466
5118468;21521;2018;W;;97.38;94.234;3.146
5118466;21521;2018;W;;90.34;94.496;4.156
5118469;21521;2018;W;;93.76;94.234;0.474
5118490;21521;2018;W;;90.24;94.195;3.955
5118495;21521;2018;W;;99.76;94.969;4.791
5118496;21521;2018;W;;95.38;94.336;1.044
5118499;21521;2018;W;;95.0;94.234;0.766
5118493;21521;2018;W;;96.24;94.234;2.006
5118432;21521;2018;W;;95.76;94.23;1.53
5118438;21521;2018;W;;97.1;94.608;2.492
5118433;21521;2018;W;;111.19;94.325;16.865
5118170;21510;2018;W;;100.24;95.223;5.017
5118175;21510;2018;W;;101.48;94.365;7.115
5118171;21510;2018;W;;99.76;94.093;5.667
5118176;21510;2018;W;;96.34;94.496;1.844
5118179;21510;2018;W;;95.38;94.234;1.146
5118173;21510;2018;W;;106.81;94.234;12.576
5118185;21510;2018;W;;98.91;94.969;3.941
5118188;21510;2018;W;;94.53;94.234;0.296
5118183;21510;2018;W;;106.62;94.234;12.386
5118165;21510;2018;W;;93.48;94.234;0.754
5118161;21510;2018;W;;91.95;94.23;2.28
5118167;21510;2018;W;;111.1;94.336;16.764
5118166;21510;2018;W;;112.91;95.777;17.133
5118163;21510;2018;W;;107.57;94.325;13.245
5113222;21517;2018;W;;97.79;94.093;3.697
5113221;21517;2018;W;;98.62;93.948;4.672
5113215;21517;2018;W;;95.16;94.234;0.926
5113212;21517;2018;W;;111.28;93.948;17.332
5113211;21517;2018;W;;91.04;94.23;3.19
5113217;21517;2018;W;;97.63;94.093;3.537
5113216;21517;2018;W;;83.54;94.234;10.694
5113219;21517;2018;W;;81.55;94.23;12.68
5113270;21517;2018;W;;99.01;94.862;4.148
5113271;21517;2018;W;;102.96;94.195;8.765
5113278;21517;2018;W;;85.42;94.23;8.81
5113276;21517;2018;W;;95.6;94.336;1.264
5113279;21517;2018;W;;89.95;94.325;4.375
5184226;21587;2018;W;;85.03;97.691;12.661
5184229;21587;2018;W;;80.76;94.365;13.605
5184210;21587;2018;W;;89.26;94.969;5.709
5184215;21587;2018;W;;89.33;96.598;7.268
5184212;21587;2018;W;;87.2;95.8;8.6
5184218;21587;2018;W;;91.61;93.948;2.338
5184216;21587;2018;W;;85.67;95.738;10.068
5184213;21587;2018;W;;92.63;95.738;3.108
5184270;21587;2018;W;;82.15;94.093;11.943
5184275;21587;2018;W;;78.13;95.883;17.753
5184272;21587;2018;W;;82.83;96.024;13.194
5184277;21587;2018;W;;84.78;96.024;11.244
5184279;21587;2018;W;;79.08;94.234;15.154
5184273;21587;2018;W;;71.77;96.554;24.784
5184284;21587;2018;W;;78.47;94.234;15.764
5184282;21587;2018;W;;70.42;96.554;26.134
5184281;21587;2018;W;;91.22;94.234;3.014
5184287;21587;2018;W;;70.66;96.554;25.894
5184289;21587;2018;W;;86.81;94.234;7.424
5184283;21587;2018;W;;96.45;96.554;0.104
5184264;21587;2018;W;;71.54;94.23;22.69
5184262;21587;2018;W;;88.78;96.55;7.77
5184267;21587;2018;W;;78.92;96.55;17.63
5184268;21587;2018;W;;95.91;94.23;1.68
5184266;21587;2018;W;;91.16;96.55;5.39
5184269;21587;2018;W;;90.96;94.336;3.376
5184263;21587;2018;W;;88.75;96.701;7.951
5184290;21587;2018;W;;96.44;94.336;2.104
5184295;21587;2018;W;;100.13;96.925;3.205
5184292;21587;2018;W;;91.66;97.688;6.028
5184291;21587;2018;W;;84.63;95.777;11.147
5184230;21587;2018;W;;88.43;96.951;8.521
5184234;21587;2018;W;;96.12;95.846;0.274
5184232;21587;2018;W;;111.39;98.242;13.148
5184231;21587;2018;W;;96.3;95.846;0.454
5184237;21587;2018;W;;95.46;98.242;2.782
5184238;21587;2018;W;;89.08;95.846;6.766
5184236;21587;2018;W;;87.93;98.262;10.332
5184233;21587;2018;W;;98.59;98.262;0.328
5184100;21587;2018;W;;86.63;95.846;9.216
5184102;21587;2018;W;;75.7;97.011;21.311
5184108;21587;2018;W;;99.29;97.737;1.553
5184106;21587;2018;W;;87.89;101.508;13.618
5184109;21587;2018;W;;90.71;95.488;4.778
5184103;21587;2018;W;;95.4;99.828;4.428
5184150;21587;2018;W;;91.68;95.952;4.272
5184155;21587;2018;W;;92.58;99.245;6.665
5184154;21587;2018;W;;93.17;95.765;2.595
5184151;21587;2018;W;;85.69;97.716;12.026
5184157;21587;2018;W;;89.51;98.973;9.463
5184158;21587;2018;W;;84.52;95.6;11.08
5184156;21587;2018;W;;93.48;98.561;5.081
5184140;21587;2018;W;;76.56;96.645;20.085
5184144;21587;2018;W;;80.47;94.23;13.76
5184142;21587;2018;W;;75.39;96.55;21.16
5184141;21587;2018;W;;76.5;94.23;17.73
5184147;21587;2018;W;;81.18;96.55;15.37
5116420;21407;2018;W;;92.91;94.496;1.586
5116425;21407;2018;W;;84.53;95.223;10.693
5116410;21407;2018;W;;81.95;94.234;12.284
5116415;21407;2018;W;;90.14;94.234;4.094
5116414;21407;2018;W;;82.05;94.234;12.184
5116412;21407;2018;W;;100.81;94.234;6.576
5116417;21407;2018;W;;94.62;94.234;0.386
5116419;21407;2018;W;;80.81;94.234;13.424
5116413;21407;2018;W;;100.43;94.23;6.2
5116475;21407;2018;W;;92.91;94.336;1.426
5116472;21407;2018;W;;93.0;94.23;1.23
5116471;21407;2018;W;;91.95;94.23;2.28
5116478;21407;2018;W;;95.95;94.608;1.342
5116734;21425;2018;W;;104.43;94.336;10.094
5116732;21425;2018;W;;95.19;94.234;0.956
5116731;21425;2018;W;;100.62;94.234;6.386
5116737;21425;2018;W;;103.38;94.23;9.15
5116738;21425;2018;W;;99.57;94.23;5.34
5116739;21425;2018;W;;99.86;94.365;5.495
5116804;21425;2018;W;;93.95;94.336;0.386
5116802;21425;2018;W;;100.24;94.093;6.147
5116801;21425;2018;W;;97.76;94.234;3.526
5116808;21425;2018;W;;87.95;94.234;6.284
5116806;21425;2018;W;;92.62;94.234;1.614
5116809;21425;2018;W;;96.05;94.195;1.855
5116850;21425;2018;W;;100.62;94.23;6.39
5116854;21425;2018;W;;95.0;94.969;0.031
5116851;21425;2018;W;;98.53;93.948;4.582
5116858;21425;2018;W;;108.43;95.777;12.653
5116856;21425;2018;W;;100.62;94.234;6.386
5116859;21425;2018;W;;92.53;94.234;1.704
5116395;21417;2018;W;;78.72;94.496;15.776
5116394;21417;2018;W;;71.0;94.365;23.365
5116392;21417;2018;W;;69.95;94.969;25.019
5116391;21417;2018;W;;90.14;94.172;4.032
5116398;21417;2018;W;;91.19;93.948;2.758
5116396;21417;2018;W;;81.67;93.948;12.278
5116399;21417;2018;W;;86.05;94.093;8.043
5116330;21417;2018;W;;98.72;94.234;4.486
5116335;21417;2018;W;;78.81;94.234;15.424
5116334;21417;2018;W;;81.19;94.234;13.044
5116332;21417;2018;W;;82.34;94.234;11.894
5116337;21417;2018;W;;73.48;94.234;20.754
5116339;21417;2018;W;;79.29;94.195;14.905
5119004;21417;2018;W;;78.14;94.23;16.09
5119007;21417;2018;W;;57.0;94.336;37.336
5119006;21417;2018;W;;68.24;95.777;27.537
5119009;21417;2018;W;;71.29;94.862;23.572
5119003;21417;2018;W;;66.62;94.325;27.705
5119055;21417;2018;W;;69.38;95.846;26.466
5119057;21417;2018;W;;53.67;95.846;42.176
5119056;21417;2018;W;;60.14;95.22;35.08
5119045;21417;2018;W;;65.29;95.765;30.475
5119044;21417;2018;W;;61.67;97.716;36.046
5119042;21417;2018;W;;65.95;96.645;30.695
5119041;21417;2018;W;;91.67;95.275;3.605
5119047;21417;2018;W;;69.29;95.6;26.31
5119048;21417;2018;W;;67.38;95.6;28.22
5119092;21416;2018;W;;60.91;94.969;34.059
5119097;21416;2018;W;;41.57;94.093;52.523
5119098;21416;2018;W;;80.24;93.948;13.708
5119099;21416;2018;W;;77.29;94.093;16.803
5119093;21416;2018;W;;76.72;94.234;17.514
5119030;21416;2018;W;;67.19;94.234;27.044
5119035;21416;2018;W;;65.76;94.234;28.474
5119034;21416;2018;W;;68.72;94.234;25.514
5119031;21416;2018;W;;60.43;94.234;33.804
5119039;21416;2018;W;;76.72;94.195;17.475
5119033;21416;2018;W;;78.81;94.23;15.42
5119505;21416;2018;W;;91.57;94.23;2.66
5119504;21416;2018;W;;84.72;94.23;9.51
5119502;21416;2018;W;;84.34;94.23;9.89
5119501;21416;2018;W;;81.57;94.336;12.766
5119507;21416;2018;W;;60.24;94.336;34.096
5119506;21416;2018;W;;92.34;95.777;3.437
5119509;21416;2018;W;;85.29;94.862;9.572
5119555;21419;2018;W;;70.24;94.496;24.256
5119554;21419;2018;W;;77.29;94.365;17.075
5119552;21419;2018;W;;72.72;94.969;22.249
5119551;21419;2018;W;;42.34;94.172;51.832
5119557;21419;2018;W;;66.05;94.093;28.043
5119558;21419;2018;W;;54.72;93.948;39.228
5119556;21419;2018;W;;71.19;93.948;22.758
5119540;21419;2018;W;;68.81;94.234;25.424
5119545;21419;2018;W;;71.29;94.234;22.944
5119544;21419;2018;W;;59.38;94.234;34.854
5119541;21419;2018;W;;75.1;94.234;19.134
5119547;21419;2018;W;;87.57;94.234;6.664
5119546;21419;2018;W;;90.34;94.234;3.894
5119549;21419;2018;W;;65.76;94.195;28.435
5119543;21419;2018;W;;53.1;94.23;41.13
5119524;21419;2018;W;;76.81;94.23;17.42
5119528;21419;2018;W;;61.95;94.608;32.658
5119565;21470;2018;W;;104.53;99.973;4.557
5119564;21470;2018;W;;107.38;94.496;12.884
5119562;21470;2018;W;;104.91;97.691;7.219
5119567;21470;2018;W;;114.72;96.125;18.595
5119568;21470;2018;W;;105.48;94.969;10.511
5119563;21470;2018;W;;83.57;95.8;12.23
5119594;21470;2018;W;;108.43;93.948;14.482
5119591;21470;2018;W;;113.95;93.948;20.002
5119597;21470;2018;W;;112.53;95.738;16.792
5119596;21470;2018;W;;111.1;95.883;15.217
5119537;21470;2018;W;;101.38;96.554;4.826
5119538;21470;2018;W;;107.48;94.234;13.246
5119536;21470;2018;W;;116.43;96.554;19.876
5119539;21470;2018;W;;112.05;94.234;17.816
5119400;21470;2018;W;;71.57;94.234;22.664
5119405;21470;2018;W;;98.62;96.554;2.066
5119404;21470;2018;W;;99.29;94.234;5.056
5119402;21470;2018;W;;101.19;96.554;4.636
5119401;21470;2018;W;;107.48;94.234;13.246
5119407;21470;2018;W;;117.86;96.554;21.306
5119408;21470;2018;W;;113.0;94.195;18.805
5119450;21470;2018;W;;114.24;94.23;20.01
5119455;21470;2018;W;;115.0;96.55;18.45
5119454;21470;2018;W;;107.67;94.23;13.44
5119452;21470;2018;W;;118.43;96.55;21.88
5119451;21470;2018;W;;110.53;94.23;16.3
5119458;21470;2018;W;;112.62;94.23;18.39
5119456;21470;2018;W;;113.57;96.55;17.02
5119459;21470;2018;W;;108.43;94.336;14.094
5119440;21470;2018;W;;106.05;94.336;11.714
5119445;21470;2018;W;;112.81;96.925;15.885
5119444;21470;2018;W;;105.67;94.608;11.062
5119447;21470;2018;W;;111.0;98.062;12.938
5119446;21470;2018;W;;110.91;97.304;13.606
5119430;21474;2018;W;;108.53;95.223;13.307
5119435;21474;2018;W;;113.1;99.973;13.127
5119434;21474;2018;W;;105.86;94.496;11.364
5119431;21474;2018;W;;112.05;94.365;17.685
5119438;21474;2018;W;;102.72;94.969;7.751
5119436;21474;2018;W;;99.19;96.598;2.592
5119205;21474;2018;W;;103.38;95.721;7.659
5119204;21474;2018;W;;108.34;93.948;14.392
5119202;21474;2018;W;;108.24;95.738;12.502
5119201;21474;2018;W;;98.24;93.948;4.292
5119207;21474;2018;W;;99.29;95.738;3.552
5119209;21474;2018;W;;99.0;94.234;4.766
5119203;21474;2018;W;;99.95;96.024;3.926
5119250;21474;2018;W;;100.91;94.234;6.676
5119255;21474;2018;W;;104.62;96.024;8.596
5119252;21474;2018;W;;90.62;96.464;5.844
5119257;21474;2018;W;;104.91;96.554;8.356
5119253;21474;2018;W;;96.72;96.554;0.166
5119244;21474;2018;W;;111.38;94.234;17.146
5119242;21474;2018;W;;103.86;96.554;7.306
5119248;21474;2018;W;;115.19;94.195;20.995
5119249;21474;2018;W;;108.34;94.23;14.11
5119243;21474;2018;W;;104.05;96.55;7.5
5119225;21474;2018;W;;110.72;96.55;14.17
5119224;21474;2018;W;;107.76;94.23;13.53
5119222;21474;2018;W;;105.19;96.55;8.64
5119221;21474;2018;W;;114.91;94.23;20.68
5119227;21474;2018;W;;112.81;96.55;16.26
5119229;21474;2018;W;;98.53;94.336;4.194
5119210;21474;2018;W;;114.14;94.336;19.804
5119214;21474;2018;W;;111.1;94.608;16.492
5119218;21474;2018;W;;114.53;94.862;19.668
5119216;21474;2018;W;;109.0;97.304;11.696
5119219;21474;2018;W;;112.24;94.325;17.915
5119315;21480;2018;W;;99.91;97.304;2.606
5119314;21480;2018;W;;109.37;94.608;14.762
5119312;21480;2018;W;;98.7;97.688;1.012
5119311;21480;2018;W;;111.71;95.777;15.933
5119317;21480;2018;W;;124.79;98.062;26.728
5119313;21480;2018;W;;112.49;96.768;15.722
5119370;21480;2018;W;;118.4;94.23;24.17
5119375;21480;2018;W;;103.07;96.55;6.52
5119374;21480;2018;W;;107.04;94.23;12.81
5119372;21480;2018;W;;89.23;96.55;7.32
5119377;21480;2018;W;;91.66;96.55;4.89
5119376;21480;2018;W;;112.31;96.55;15.76
5119379;21480;2018;W;;74.53;94.23;19.7
5119380;21480;2018;W;;108.94;94.234;14.706
5119384;21480;2018;W;;119.19;94.234;24.956
5119381;21480;2018;W;;87.81;94.234;6.424
5119364;21480;2018;W;;105.34;94.336;11.004
5119361;21480;2018;W;;90.1;95.223;5.123
5119368;21480;2018;W;;86.07;94.496;8.426
5119369;21480;2018;W;;84.36;94.365;10.005
5119363;21480;2018;W;;113.24;96.125;17.115
5119390;21480;2018;W;;112.35;94.969;17.381
5119395;21480;2018;W;;104.52;96.598;7.922
5119393;21480;2018;W;;96.26;96.554;0.294
5119330;21480;2018;W;;115.17;94.234;20.936
5119334;21480;2018;W;;102.79;93.948;8.842
5119332;21480;2018;W;;125.98;95.738;30.242
5119338;21480;2018;W;;99.54;94.234;5.306
5119336;21480;2018;W;;112.17;96.024;16.146
5119339;21480;2018;W;;117.41;94.234;23.176
5113701;21488;2018;O;NORD-PAS-DE-CALAIS;91.92;54.825;37.095
5113703;21488;2018;O;NORD-PAS-DE-CALAIS;90.3;54.069;36.231
5113755;21488;2018;O;NORD-PAS-DE-CALAIS;89.55;53.444;36.106
5113754;21488;2018;O;NORD-PAS-DE-CALAIS;85.79;54.645;31.145
5113752;21488;2018;O;NORD-PAS-DE-CALAIS;84.18;54.701;29.479
5113757;21488;2018;O;NORD-PAS-DE-CALAIS;83.42;55.51;27.91
5113756;21488;2018;O;NORD-PAS-DE-CALAIS;79.98;55.51;24.47
5113759;21488;2018;O;NORD-PAS-DE-CALAIS;84.28;55.454;28.826
5113740;21488;2018;O;NORD-PAS-DE-CALAIS;99.87;55.454;44.416
5113741;21488;2018;O;NORD-PAS-DE-CALAIS;83.21;55.76;27.45
5113746;21488;2018;O;NORD-PAS-DE-CALAIS;89.34;55.816;33.524
5113720;21488;2018;O;NORD-PAS-DE-CALAIS;79.12;55.76;23.36
5113724;21488;2018;O;NORD-PAS-DE-CALAIS;83.96;58.222;25.738
5113722;21488;2018;O;NORD-PAS-DE-CALAIS;91.38;58.277;33.103
5113727;21488;2018;O;NORD-PAS-DE-CALAIS;85.14;58.277;26.863
5113729;21488;2018;O;NORD-PAS-DE-CALAIS;87.4;58.103;29.297
5113710;21488;2018;O;NORD-PAS-DE-CALAIS;85.68;58.064;27.616
5113715;21488;2018;O;NORD-PAS-DE-CALAIS;81.06;58.119;22.941
5113714;21488;2018;O;NORD-PAS-DE-CALAIS;80.84;58.064;22.776
5113711;21488;2018;O;NORD-PAS-DE-CALAIS;74.71;58.064;16.646
5113718;21488;2018;O;NORD-PAS-DE-CALAIS;86.97;58.612;28.358
5113716;21488;2018;O;NORD-PAS-DE-CALAIS;93.96;58.668;35.292
5113719;21488;2018;O;NORD-PAS-DE-CALAIS;86.0;58.612;27.388
5113770;21488;2018;O;NORD-PAS-DE-CALAIS;85.9;58.701;27.199
5113775;21488;2018;O;NORD-PAS-DE-CALAIS;84.07;58.757;25.313
5113774;21488;2018;O;NORD-PAS-DE-CALAIS;87.83;58.697;29.133
5113777;21488;2018;O;NORD-PAS-DE-CALAIS;83.85;58.334;25.516
5113778;21488;2018;O;NORD-PAS-DE-CALAIS;91.59;57.646;33.944
5113776;21488;2018;O;NORD-PAS-DE-CALAIS;85.14;58.086;27.054
5113773;21488;2018;O;NORD-PAS-DE-CALAIS;83.75;59.882;23.868
5113780;21488;2018;O;NORD-PAS-DE-CALAIS;94.93;59.063;35.867
5113782;21488;2018;O;NORD-PAS-DE-CALAIS;86.22;59.524;26.696
5113930;21467;2018;O;;84.28;59.39;24.89
5113935;21467;2018;O;;89.23;61.351;27.879
5113932;21467;2018;O;;74.18;60.388;13.792
5113931;21467;2018;O;;84.82;59.05;25.77
5113937;21467;2018;O;;80.63;60.55;20.08
5113938;21467;2018;O;;77.29;58.893;18.397
5113304;21467;2018;O;;91.16;58.907;32.253
5113307;21467;2018;O;;84.5;60.407;24.093
5113308;21467;2018;O;;82.67;58.907;23.763
5113306;21467;2018;O;;90.09;60.407;29.683
5113309;21467;2018;O;;83.75;59.06;24.69
5113303;21467;2018;O;;80.09;60.56;19.53
5113350;21467;2018;O;;93.32;59.06;34.26
5113355;21467;2018;O;;83.42;60.56;22.86
5113354;21467;2018;O;;88.91;59.06;29.85
5113352;21467;2018;O;;83.64;60.7;22.94
5113358;21467;2018;O;;79.77;60.75;19.02
5113356;21467;2018;O;;86.65;62.391;24.259
5113359;21467;2018;O;;82.35;60.75;21.6
5113353;21467;2018;O;;79.23;62.391;16.839
5113340;21467;2018;O;;90.52;60.75;29.77
5113345;21467;2018;O;;84.18;62.391;21.789
5113344;21467;2018;O;;91.59;60.632;30.958
5113342;21467;2018;O;;93.75;62.273;31.477
5113347;21467;2018;O;;85.57;62.233;23.337
5113348;21467;2018;O;;76.11;60.592;15.518
5113346;21467;2018;O;;84.93;62.233;22.697
5113349;21467;2018;O;;87.51;60.592;26.918
5113343;21467;2018;O;;84.82;62.233;22.587
5113320;21467;2018;O;;84.5;60.592;23.908
5113324;21467;2018;O;;86.22;60.592;25.628
5113327;21467;2018;O;;78.05;62.321;15.729
5113328;21467;2018;O;;86.54;60.696;25.844
5113326;21467;2018;O;;81.92;62.383;19.537
5113329;21467;2018;O;;78.91;59.06;19.85
5175901;21216;2018;A;;65.45;78.218;12.768
5175907;21216;2018;A;;64.44;73.855;9.415
5175908;21216;2018;A;;67.39;80.168;12.778
5175906;21216;2018;A;;60.06;79.25;19.19
5175903;21216;2018;A;;68.35;83.063;14.713
5175950;21216;2018;A;;58.82;81.503;22.683
5175954;21216;2018;A;;64.6;79.468;14.868
5175957;21216;2018;A;;72.34;81.698;9.358
5175959;21216;2018;A;;67.8;80.291;12.491
5175945;21216;2018;A;;73.23;79.593;6.363
5175944;21216;2018;A;;70.53;80.139;9.609
5175942;21216;2018;A;;66.49;79.965;13.475
5175947;21216;2018;A;;72.47;79.965;7.495
5175946;21216;2018;A;;73.48;79.965;6.485
5175924;21216;2018;A;;58.61;81.078;22.468
5175922;21216;2018;A;;63.75;80.72;16.97
5175928;21216;2018;A;;75.73;81.242;5.512
5175923;21216;2018;A;;73.1;79.538;6.438
5175914;21216;2018;A;;82.26;80.393;1.867
5175912;21216;2018;A;;72.7;80.034;7.334
5175918;21219;2018;A;;54.19;78.218;24.028
5175916;21219;2018;A;;59.74;73.855;14.115
5175919;21219;2018;A;;62.51;80.168;17.658
5175913;21219;2018;A;;54.97;79.25;24.28
5175970;21219;2018;A;;70.98;82.14;11.16
5175975;21219;2018;A;;62.57;83.063;20.493
5175974;21219;2018;A;;66.81;81.503;14.693
5175972;21219;2018;A;;72.55;82.427;9.877
5175977;21219;2018;A;;53.7;82.223;28.523
5175978;21219;2018;A;;56.49;78.943;22.453
5175976;21219;2018;A;;66.94;81.698;14.758
5175979;21219;2018;A;;54.89;78.465;23.575
5175973;21219;2018;A;;66.08;81.843;15.763
5175985;21219;2018;A;;65.03;81.733;16.703
5175984;21219;2018;A;;66.94;78.95;12.01
5175982;21219;2018;A;;73.78;79.593;5.813
5175987;21219;2018;A;;56.81;79.965;23.155
5175988;21219;2018;A;;59.79;80.139;20.349
5175989;21219;2018;A;;66.3;80.139;13.839
5175983;21219;2018;A;;66.0;79.965;13.965
5175965;21219;2018;A;;68.24;80.518;12.278
5175964;21219;2018;A;;66.85;80.961;14.111
5175962;21219;2018;A;;63.94;80.602;16.662
5175967;21219;2018;A;;62.27;80.72;18.45
5175968;21219;2018;A;;62.11;81.242;19.132
5175966;21219;2018;A;;67.14;80.884;13.744
5175991;21219;2018;A;;74.64;80.393;5.753
5175997;21219;2018;A;;70.11;80.034;9.924
5175998;21219;2018;A;;73.68;80.393;6.713
5174017;21271;2018;A;;53.67;80.168;26.498
5174016;21271;2018;A;;53.29;81.503;28.213
5174019;21271;2018;A;;58.81;79.468;20.658
5174013;21271;2018;A;;58.62;78.943;20.323
5174070;21271;2018;A;;57.1;78.465;21.365
5174074;21271;2018;A;;55.95;78.95;23.0
5174071;21271;2018;A;;57.29;80.139;22.849
5174077;21271;2018;A;;58.14;80.139;21.999
5174073;21271;2018;A;;56.62;81.242;24.622
5174085;21271;2018;A;;54.34;80.393;26.053
5174084;21271;2018;A;;67.76;80.393;12.633
5174087;21271;2018;A;;61.29;80.795;19.505
5174086;21271;2018;A;;68.62;80.69;12.07
5174089;21271;2018;A;;67.86;78.102;10.242
5174083;21271;2018;A;;74.05;77.268;3.218
5174062;21271;2018;A;;58.43;80.877;22.447
5174560;21278;2018;A;;73.1;78.218;5.118
5174561;21278;2018;A;;48.72;79.468;30.748
5174567;21278;2018;A;;63.1;78.943;15.843
5174566;21278;2018;A;;49.86;80.291;30.431
5174590;21278;2018;A;;64.72;80.139;15.419
5174594;21278;2018;A;;63.86;80.877;17.017
5174592;21278;2018;A;;68.81;80.961;12.151
5174591;21278;2018;A;;67.57;81.078;13.508
5174597;21278;2018;A;;63.95;81.242;17.292
5174593;21278;2018;A;;64.34;80.393;16.053
5174534;21278;2018;A;;61.76;80.795;19.035
5174531;21278;2018;A;;60.34;80.69;20.35
5174539;21278;2018;A;;63.57;81.041;17.471
5174105;21280;2018;A;;60.64;73.855;13.215
5174101;21280;2018;A;;62.32;82.14;19.82
5174109;21280;2018;A;;63.79;79.468;15.678
5174103;21280;2018;A;;66.32;82.223;15.903
5174155;21280;2018;A;;65.27;81.698;16.428
5174154;21280;2018;A;;65.06;78.465;13.405
5174151;21280;2018;A;;71.99;80.291;8.301
5174158;21280;2018;A;;61.27;78.95;17.68
5174156;21280;2018;A;;61.69;79.593;17.903
5174153;21280;2018;A;;67.58;79.965;12.385
5174140;21280;2018;A;;59.8;80.139;20.339
5174144;21280;2018;A;;64.63;80.139;15.509
5174148;21280;2018;A;;56.86;80.961;24.101
5174143;21280;2018;A;;63.37;80.72;17.35
5174120;21280;2018;A;;66.32;81.242;14.922
5174125;21280;2018;A;;67.16;80.884;13.724
5174124;21280;2018;A;;60.85;81.242;20.392
5174122;21280;2018;A;;62.95;80.884;17.934
5174121;21280;2018;A;;64.63;80.447;15.817
5174127;21280;2018;A;;61.9;79.538;17.638
5174123;21280;2018;A;;44.47;80.034;35.564
5174110;21280;2018;A;;52.03;80.393;28.363
5174115;21280;2018;A;;51.61;80.034;28.424
5174116;21280;2018;A;;66.11;80.915;14.805
5174119;21280;2018;A;;66.95;80.69;13.74
5174170;21285;2018;A;;59.42;78.218;18.798
5174174;21285;2018;A;;60.98;82.14;21.16
5174172;21285;2018;A;;63.52;81.503;17.983
5174171;21285;2018;A;;61.22;79.468;18.248
5174179;21285;2018;A;;61.39;78.95;17.56
5174185;21285;2018;A;;69.8;80.139;10.339
5174181;21285;2018;A;;67.99;81.078;13.088
5174188;21285;2018;A;;55.65;81.242;25.592
5174167;21285;2018;A;;47.02;78.102;31.082
5174166;21285;2018;A;;62.31;79.438;17.128
5172981;21147;2018;O;CENTRE;63.21;77.057;13.847
5172987;21147;2018;O;CENTRE;50.03;76.905;26.875
5172988;21147;2018;O;CENTRE;66.87;77.219;10.349
5172989;21147;2018;O;CENTRE;64.96;76.384;11.424
5172983;21147;2018;O;CENTRE;56.27;76.242;19.972
5172965;21147;2018;O;CENTRE;61.52;75.571;14.051
5172964;21147;2018;O;CENTRE;76.56;76.97;0.41
5172962;21147;2018;O;CENTRE;73.45;76.827;3.377
5172966;21147;2018;O;CENTRE;59.96;76.465;16.505
5172963;21147;2018;O;CENTRE;71.03;76.555;5.525
5172995;21147;2018;O;CENTRE;62.82;76.515;13.695
5172997;21147;2018;O;CENTRE;57.35;76.515;19.165
5172996;21147;2018;O;CENTRE;70.1;76.515;6.415
5172999;21147;2018;O;CENTRE;60.54;76.658;16.118
5172993;21147;2018;O;CENTRE;69.15;76.515;7.365
5172934;21147;2018;O;CENTRE;62.05;76.746;14.696
5172938;21147;2018;O;CENTRE;67.76;76.648;8.888
5172936;21147;2018;O;CENTRE;69.78;76.489;6.709
5172302;21147;2018;O;CENTRE;67.68;77.231;9.551
5172301;21147;2018;O;CENTRE;66.34;77.617;11.277
5172306;21147;2018;O;CENTRE;69.63;77.656;8.026
5172309;21147;2018;O;CENTRE;67.8;78.363;10.563
5172303;21147;2018;O;CENTRE;62.04;77.656;15.616
5172350;21147;2018;O;CENTRE;64.13;78.363;14.233
5172355;21147;2018;O;CENTRE;68.44;77.656;9.216
5172357;21147;2018;O;CENTRE;64.2;79.851;15.651
5172356;21147;2018;O;CENTRE;56.54;76.905;20.365
5172359;21147;2018;O;CENTRE;64.64;76.764;12.124
5172340;21147;2018;O;CENTRE;65.05;76.764;11.714
5172345;21147;2018;O;CENTRE;68.12;76.622;8.502
5172342;21147;2018;O;CENTRE;68.91;76.622;7.712
5172341;21147;2018;O;CENTRE;64.85;77.004;12.154
5172348;21147;2018;O;CENTRE;62.63;77.004;14.374
5172320;21147;2018;O;CENTRE;68.7;77.307;8.607
5172324;21147;2018;O;CENTRE;66.2;77.307;11.107
5172322;21147;2018;O;CENTRE;65.56;77.165;11.605
5171289;21120;2018;O;CHAMPAGNE-ARDENNE;47.98;59.184;11.204
5171260;21120;2018;O;CHAMPAGNE-ARDENNE;53.71;59.346;5.636
5171262;21120;2018;O;CHAMPAGNE-ARDENNE;54.0;58.897;4.897
5171267;21120;2018;O;CHAMPAGNE-ARDENNE;57.24;58.364;1.124
5171268;21120;2018;O;CHAMPAGNE-ARDENNE;52.53;59.096;6.566
5171269;21120;2018;O;CHAMPAGNE-ARDENNE;47.98;59.983;12.003
5171290;21120;2018;O;CHAMPAGNE-ARDENNE;51.06;59.7;8.64
5171295;21120;2018;O;CHAMPAGNE-ARDENNE;54.59;60.225;5.635
5171294;21120;2018;O;CHAMPAGNE-ARDENNE;49.89;59.7;9.81
5171292;21120;2018;O;CHAMPAGNE-ARDENNE;53.56;60.225;6.665
5171291;21120;2018;O;CHAMPAGNE-ARDENNE;48.27;59.7;11.43
5171297;21120;2018;O;CHAMPAGNE-ARDENNE;56.36;60.225;3.865
5171299;21120;2018;O;CHAMPAGNE-ARDENNE;45.03;59.939;14.909
5171230;21120;2018;O;CHAMPAGNE-ARDENNE;51.06;59.939;8.879
5171234;21120;2018;O;CHAMPAGNE-ARDENNE;47.39;59.939;12.549
5171231;21120;2018;O;CHAMPAGNE-ARDENNE;46.65;59.939;13.289
5171238;21120;2018;O;CHAMPAGNE-ARDENNE;48.12;61.137;13.017
5171239;21120;2018;O;CHAMPAGNE-ARDENNE;49.59;61.137;11.547
5171100;21120;2018;O;CHAMPAGNE-ARDENNE;52.09;60.676;8.586
5171105;21120;2018;O;CHAMPAGNE-ARDENNE;51.8;61.2;9.4
5171104;21120;2018;O;CHAMPAGNE-ARDENNE;53.56;60.275;6.715
5171101;21120;2018;O;CHAMPAGNE-ARDENNE;52.39;60.236;7.846
5171107;21120;2018;O;CHAMPAGNE-ARDENNE;52.98;60.761;7.781
5171108;21120;2018;O;CHAMPAGNE-ARDENNE;53.42;60.236;6.816
5171109;21120;2018;O;CHAMPAGNE-ARDENNE;50.18;60.236;10.056
5171103;21120;2018;O;CHAMPAGNE-ARDENNE;50.48;60.761;10.281
5171155;21120;2018;O;CHAMPAGNE-ARDENNE;49.45;60.761;11.311
5171151;21120;2018;O;CHAMPAGNE-ARDENNE;49.0;60.324;11.324
5171157;21120;2018;O;CHAMPAGNE-ARDENNE;53.71;60.849;7.139
5171159;21120;2018;O;CHAMPAGNE-ARDENNE;52.98;59.919;6.939
5171153;21120;2018;O;CHAMPAGNE-ARDENNE;54.74;60.427;5.687
5171145;21120;2018;O;CHAMPAGNE-ARDENNE;54.45;60.178;5.728
5171141;21120;2018;O;CHAMPAGNE-ARDENNE;50.62;60.492;9.872
5171148;21120;2018;O;CHAMPAGNE-ARDENNE;44.74;59.618;14.878
5171146;21120;2018;O;CHAMPAGNE-ARDENNE;54.15;60.188;6.038
5171125;21120;2018;O;CHAMPAGNE-ARDENNE;52.98;60.324;7.344
5171124;21120;2018;O;CHAMPAGNE-ARDENNE;48.71;59.708;10.998
5171122;21120;2018;O;CHAMPAGNE-ARDENNE;53.56;60.324;6.764
5171129;21120;2018;O;CHAMPAGNE-ARDENNE;50.48;60.564;10.084
5171123;21120;2018;O;CHAMPAGNE-ARDENNE;59.0;61.2;2.2
5171110;21125;2018;O;;66.78;58.888;7.892
5171115;21125;2018;O;;68.36;60.388;7.972
5171111;21125;2018;O;;68.51;58.893;9.617
5171116;21125;2018;O;;68.88;61.351;7.529
5171175;21125;2018;O;;72.48;60.407;12.073
5171174;21125;2018;O;;65.31;58.907;6.403
5171172;21125;2018;O;;71.32;60.407;10.913
5171171;21125;2018;O;;71.54;58.907;12.633
5171177;21125;2018;O;;75.82;60.407;15.413
5171178;21125;2018;O;;72.39;58.907;13.483
5171179;21125;2018;O;;73.34;59.06;14.28
5171180;21125;2018;O;;78.4;59.06;19.34
5171185;21125;2018;O;;77.7;60.56;17.14
5171184;21125;2018;O;;69.61;59.06;10.55
5171181;21125;2018;O;;69.39;59.06;10.33
5171187;21125;2018;O;;65.84;60.7;5.14
5171186;21125;2018;O;;71.74;60.7;11.04
5171160;21125;2018;O;;74.91;60.75;14.16
5171164;21125;2018;O;;75.86;60.75;15.11
5171162;21125;2018;O;;73.31;62.391;10.919
5171161;21125;2018;O;;71.67;60.632;11.038
5171167;21125;2018;O;;80.14;62.273;17.867
5171169;21125;2018;O;;80.46;60.592;19.868
5171163;21125;2018;O;;74.89;62.233;12.657
5171195;21125;2018;O;;68.97;62.233;6.737
5171194;21125;2018;O;;72.0;60.592;11.408
5171197;21125;2018;O;;68.03;62.233;5.797
5171196;21125;2018;O;;74.61;62.321;12.289
5171134;21125;2018;O;;69.91;59.345;10.565
5171132;21125;2018;O;;72.15;61.67;10.48
5171137;21125;2018;O;;69.3;63.466;5.834
5171138;21125;2018;O;;71.52;61.063;10.457
5171133;21125;2018;O;;69.91;62.731;7.179
5171700;21125;2018;O;;73.21;60.78;12.43
5171704;21125;2018;O;;67.9;61.135;6.765
5171702;21125;2018;O;;71.65;62.867;8.783
5171708;21125;2018;O;;72.07;61.135;10.935
5171706;21125;2018;O;;72.2;62.886;9.314
5171755;21125;2018;O;;71.08;62.886;8.194
5177056;21123;2018;O;CENTRE;69.28;76.905;7.625
5177059;21123;2018;O;CENTRE;76.08;77.219;1.139
5177053;21123;2018;O;CENTRE;77.26;77.068;0.192
5177040;21123;2018;O;CENTRE;65.73;76.384;10.654
5177045;21123;2018;O;CENTRE;66.85;76.242;9.392
5177041;21123;2018;O;CENTRE;75.2;76.97;1.77
5177047;21123;2018;O;CENTRE;67.75;76.827;9.077
5177049;21123;2018;O;CENTRE;71.82;76.764;4.944
5177043;21123;2018;O;CENTRE;72.92;76.622;3.702
5177020;21123;2018;O;CENTRE;66.3;76.764;10.464
5177025;21123;2018;O;CENTRE;69.32;76.622;7.302
5177024;21123;2018;O;CENTRE;72.11;76.764;4.654
5177021;21123;2018;O;CENTRE;77.53;77.004;0.526
5177027;21123;2018;O;CENTRE;74.56;76.861;2.301
5177023;21123;2018;O;CENTRE;76.6;77.165;0.565
5177015;21123;2018;O;CENTRE;73.07;77.165;4.095
5177018;21123;2018;O;CENTRE;81.12;77.069;4.051
5177016;21123;2018;O;CENTRE;69.24;76.926;7.686
5177019;21123;2018;O;CENTRE;80.4;76.607;3.793
5177075;21123;2018;O;CENTRE;76.6;76.555;0.045
5177074;21123;2018;O;CENTRE;78.1;76.658;1.442
5177071;21123;2018;O;CENTRE;78.18;76.658;1.522
5177078;21123;2018;O;CENTRE;81.73;76.658;5.072
5177076;21123;2018;O;CENTRE;75.46;76.515;1.055
5177079;21123;2018;O;CENTRE;73.73;76.658;2.928
5177085;21123;2018;O;CENTRE;65.44;76.515;11.075
5177087;21123;2018;O;CENTRE;75.57;77.12;1.55
5177088;21123;2018;O;CENTRE;83.1;76.648;6.452
5177086;21123;2018;O;CENTRE;74.96;76.489;1.529
5177089;21123;2018;O;CENTRE;74.65;75.998;1.348
5177060;21123;2018;O;CENTRE;78.78;77.101;1.679
5177065;21123;2018;O;CENTRE;74.83;77.537;2.707
5177064;21123;2018;O;CENTRE;82.15;77.327;4.823
5177062;21123;2018;O;CENTRE;73.16;77.231;4.071
5177067;21123;2018;O;CENTRE;79.89;77.52;2.37
5177068;21123;2018;O;CENTRE;83.82;78.363;5.457
5177066;21123;2018;O;CENTRE;77.02;77.656;0.636
5177090;21123;2018;O;CENTRE;61.03;78.363;17.333
5177092;21123;2018;O;CENTRE;70.37;79.022;8.652
5177091;21123;2018;O;CENTRE;74.34;80.538;6.198
5177096;21123;2018;O;CENTRE;75.95;80.707;4.757
5177119;21117;2018;O;;67.2;58.888;8.312
5177113;21117;2018;O;;69.96;60.388;9.572
5177175;21117;2018;O;;70.22;60.55;9.67
5177177;21117;2018;O;;71.91;61.351;10.559
5177178;21117;2018;O;;80.62;58.907;21.713
5177176;21117;2018;O;;76.01;60.407;15.603
5177179;21117;2018;O;;77.74;58.907;18.833
5177173;21117;2018;O;;77.85;60.407;17.443
5177185;21117;2018;O;;76.05;60.407;15.643
5177184;21117;2018;O;;79.94;58.907;21.033
5177187;21117;2018;O;;72.02;60.407;11.613
5177186;21117;2018;O;;69.8;60.56;9.24
5177189;21117;2018;O;;74.74;59.06;15.68
5177183;21117;2018;O;;69.61;60.56;9.05
5177165;21117;2018;O;;74.13;60.7;13.43
5177164;21117;2018;O;;80.64;59.06;21.58
5177161;21117;2018;O;;79.08;59.06;20.02
5177168;21117;2018;O;;77.3;60.75;16.55
5177166;21117;2018;O;;75.4;62.391;13.009
5177163;21117;2018;O;;78.62;62.391;16.229
5177190;21117;2018;O;;78.21;60.75;17.46
5177192;21117;2018;O;;67.79;62.273;5.517
5177199;21117;2018;O;;68.43;60.592;7.838
5177193;21117;2018;O;;69.68;62.233;7.447
5177135;21117;2018;O;;71.65;62.233;9.417
5177132;21117;2018;O;;60.29;62.233;1.943
5177138;21117;2018;O;;74.54;60.696;13.844
5177702;21117;2018;O;;66.96;63.466;3.494
5177707;21117;2018;O;;64.04;62.75;1.29
5177708;21117;2018;O;;76.74;61.044;15.696
5177706;21117;2018;O;;74.48;62.731;11.749
5177709;21117;2018;O;;74.98;60.78;14.2
5177755;21117;2018;O;;67.98;62.867;5.113
5177751;21117;2018;O;;75.11;61.135;13.975
5177756;21117;2018;O;;77.77;62.886;14.884
5177759;21117;2018;O;;66.74;61.135;5.605
5177734;21116;2018;O;CENTRE;57.0;77.057;20.057
5177732;21116;2018;O;CENTRE;62.35;76.905;14.555
5177737;21116;2018;O;CENTRE;66.39;77.068;10.678
5177738;21116;2018;O;CENTRE;58.66;76.384;17.724
5177739;21116;2018;O;CENTRE;80.44;75.713;4.727
5177800;21116;2018;O;CENTRE;67.98;76.97;8.99
5177805;21116;2018;O;CENTRE;70.77;76.827;6.057
5177802;21116;2018;O;CENTRE;74.08;76.905;2.825
5177806;21116;2018;O;CENTRE;75.16;76.622;1.462
5177809;21116;2018;O;CENTRE;65.42;76.764;11.344
5177803;21116;2018;O;CENTRE;68.62;76.622;8.002
5177855;21116;2018;O;CENTRE;67.35;76.861;9.511
5177856;21116;2018;O;CENTRE;68.25;77.165;8.915
5177859;21116;2018;O;CENTRE;64.57;77.307;12.737
5177853;21116;2018;O;CENTRE;69.81;77.165;7.355
5177842;21116;2018;O;CENTRE;76.01;76.926;0.916
5177848;21116;2018;O;CENTRE;65.55;76.697;11.147
5177849;21116;2018;O;CENTRE;66.5;76.658;10.158
5177820;21116;2018;O;CENTRE;71.96;76.658;4.698
5177825;21116;2018;O;CENTRE;73.21;76.515;3.305
5177824;21116;2018;O;CENTRE;66.41;76.658;10.248
5177826;21116;2018;O;CENTRE;68.56;76.515;7.955
5177829;21116;2018;O;CENTRE;71.63;76.746;5.116
5177823;21116;2018;O;CENTRE;72.15;76.604;4.454
5177810;21116;2018;O;CENTRE;64.43;77.217;12.787
5177815;21116;2018;O;CENTRE;79.41;77.12;2.29
5177816;21116;2018;O;CENTRE;68.95;77.537;8.587
5177819;21116;2018;O;CENTRE;61.5;77.327;15.827
5177870;21116;2018;O;CENTRE;68.43;77.617;9.187
5177875;21116;2018;O;CENTRE;69.12;77.52;8.4
5177874;21116;2018;O;CENTRE;69.0;78.363;9.363
5177878;21116;2018;O;CENTRE;72.24;78.363;6.123
5177879;21116;2018;O;CENTRE;63.05;79.709;16.659
5177873;21116;2018;O;CENTRE;67.28;79.022;11.742
5177884;21116;2018;O;CENTRE;65.48;81.394;15.914
5177882;21116;2018;O;CENTRE;72.24;80.707;8.467
5177626;21113;2018;O;;67.15;60.388;6.762
5177629;21113;2018;O;;67.72;59.05;8.67
5177610;21113;2018;O;;57.41;58.893;1.483
5177615;21113;2018;O;;63.77;60.394;3.376
5177612;21113;2018;O;;75.46;61.351;14.109
5177611;21113;2018;O;;72.92;58.907;14.013
5177618;21113;2018;O;;65.95;58.907;7.043
5177616;21113;2018;O;;67.35;60.407;6.943
5177675;21113;2018;O;;74.61;60.407;14.203
5177671;21113;2018;O;;68.18;59.06;9.12
5177676;21113;2018;O;;75.33;60.56;14.77
5177679;21113;2018;O;;73.97;59.06;14.91
5177673;21113;2018;O;;73.01;60.7;12.31
5177680;21113;2018;O;;69.41;59.06;10.35
5177682;21113;2018;O;;70.92;60.7;10.22
5177687;21113;2018;O;;72.3;62.391;9.909
5177688;21113;2018;O;;66.32;60.75;5.57
5177689;21113;2018;O;;64.45;60.75;3.7
5177665;21113;2018;O;;68.31;62.273;6.037
5177662;21113;2018;O;;70.86;62.233;8.627
5177661;21113;2018;O;;65.93;60.592;5.338
5177667;21113;2018;O;;70.29;62.233;8.057
5177666;21113;2018;O;;75.11;62.233;12.877
5177669;21113;2018;O;;61.56;60.592;0.968
5177663;21113;2018;O;;62.44;62.233;0.207
5177694;21113;2018;O;;72.79;60.681;12.109
5177692;21113;2018;O;;76.3;62.321;13.979
5177691;21113;2018;O;;67.09;60.696;6.394
5177693;21113;2018;O;;77.2;61.67;15.53
5177637;21113;2018;O;;73.58;62.731;10.849
5177638;21113;2018;O;;68.23;60.78;7.45
5177904;21113;2018;O;;71.16;61.135;10.025
5177901;21113;2018;O;;75.33;61.135;14.195
5177906;21113;2018;O;;72.59;62.886;9.704
5178039;21171;2018;O;CHAMPAGNE-ARDENNE;53.56;59.346;5.786
5178033;21171;2018;O;CHAMPAGNE-ARDENNE;54.59;59.861;5.271
5178504;21171;2018;O;CHAMPAGNE-ARDENNE;60.92;57.84;3.08
5178502;21171;2018;O;CHAMPAGNE-ARDENNE;64.89;58.364;6.526
5178501;21171;2018;O;CHAMPAGNE-ARDENNE;54.0;59.096;5.096
5178507;21171;2018;O;CHAMPAGNE-ARDENNE;54.15;59.621;5.471
5178554;21171;2018;O;CHAMPAGNE-ARDENNE;49.74;59.7;9.96
5178552;21171;2018;O;CHAMPAGNE-ARDENNE;50.77;60.225;9.455
5178551;21171;2018;O;CHAMPAGNE-ARDENNE;40.33;59.939;19.609
5178557;21171;2018;O;CHAMPAGNE-ARDENNE;50.92;60.464;9.544
5178559;21171;2018;O;CHAMPAGNE-ARDENNE;47.98;59.939;11.959
5178553;21171;2018;O;CHAMPAGNE-ARDENNE;43.27;60.464;17.194
5178544;21171;2018;O;CHAMPAGNE-ARDENNE;42.83;59.939;17.109
5178542;21171;2018;O;CHAMPAGNE-ARDENNE;45.92;60.464;14.544
5178548;21171;2018;O;CHAMPAGNE-ARDENNE;46.36;61.137;14.777
5178546;21171;2018;O;CHAMPAGNE-ARDENNE;47.53;61.662;14.132
5178543;21171;2018;O;CHAMPAGNE-ARDENNE;49.89;61.2;11.31
5178520;21171;2018;O;CHAMPAGNE-ARDENNE;49.45;60.275;10.825
5178525;21171;2018;O;CHAMPAGNE-ARDENNE;47.09;60.8;13.71
5178524;21171;2018;O;CHAMPAGNE-ARDENNE;54.89;60.236;5.346
5178521;21171;2018;O;CHAMPAGNE-ARDENNE;49.15;60.236;11.086
5178528;21171;2018;O;CHAMPAGNE-ARDENNE;35.92;60.236;24.316
5178526;21171;2018;O;CHAMPAGNE-ARDENNE;34.74;60.761;26.021
5178523;21171;2018;O;CHAMPAGNE-ARDENNE;49.45;60.761;11.311
5178511;21171;2018;O;CHAMPAGNE-ARDENNE;48.71;60.32;11.61
5178517;21171;2018;O;CHAMPAGNE-ARDENNE;48.12;60.891;12.771
5178518;21171;2018;O;CHAMPAGNE-ARDENNE;46.06;59.919;13.859
5178516;21171;2018;O;CHAMPAGNE-ARDENNE;43.42;60.427;17.007
5178575;21171;2018;O;CHAMPAGNE-ARDENNE;50.03;61.782;11.752
5178576;21171;2018;O;CHAMPAGNE-ARDENNE;51.8;60.324;8.524
5178579;21171;2018;O;CHAMPAGNE-ARDENNE;53.71;59.708;5.998
5178585;21171;2018;O;CHAMPAGNE-ARDENNE;49.89;60.324;10.434
5178581;21171;2018;O;CHAMPAGNE-ARDENNE;57.53;59.708;2.178
5178588;21171;2018;O;CHAMPAGNE-ARDENNE;51.8;60.564;8.764
5178586;21171;2018;O;CHAMPAGNE-ARDENNE;46.8;61.2;14.4
5178589;21177;2018;O;CENTRE;62.57;77.057;14.487
5178583;21177;2018;O;CENTRE;67.35;76.905;9.555
5178563;21177;2018;O;CENTRE;71.05;76.905;5.855
5178590;21177;2018;O;CENTRE;60.86;76.764;15.904
5178594;21177;2018;O;CENTRE;73.18;76.764;3.584
5178591;21177;2018;O;CENTRE;72.0;76.764;4.764
5178597;21177;2018;O;CENTRE;72.77;76.622;3.852
5178530;21177;2018;O;CENTRE;70.6;77.307;6.707
5178535;21177;2018;O;CENTRE;72.48;77.165;4.685
5178534;21177;2018;O;CENTRE;72.85;77.307;4.457
5178531;21177;2018;O;CENTRE;66.23;77.307;11.077
5178538;21177;2018;O;CENTRE;71.96;77.069;5.109
5178536;21177;2018;O;CENTRE;68.55;76.926;8.376
5178539;21177;2018;O;CENTRE;70.99;77.069;6.079
5178407;21177;2018;O;CENTRE;72.31;76.515;4.205
5178408;21177;2018;O;CENTRE;69.5;76.658;7.158
5178450;21177;2018;O;CENTRE;68.32;76.658;8.338
5178455;21177;2018;O;CENTRE;77.64;76.515;1.125
5178454;21177;2018;O;CENTRE;61.03;76.658;15.628
5178451;21177;2018;O;CENTRE;73.36;76.746;3.386
5178458;21177;2018;O;CENTRE;72.94;77.217;4.277
5178459;21177;2018;O;CENTRE;67.92;76.648;8.728
5178440;21177;2018;O;CENTRE;57.79;75.998;18.208
5178444;21177;2018;O;CENTRE;66.63;77.101;10.471
5178442;21177;2018;O;CENTRE;73.86;77.537;3.677
5178441;21177;2018;O;CENTRE;65.79;77.327;11.537
5178447;21177;2018;O;CENTRE;67.46;77.231;9.771
5178446;21177;2018;O;CENTRE;70.99;77.52;6.53
5178422;21177;2018;O;CENTRE;71.63;77.656;6.026
5178427;21177;2018;O;CENTRE;70.02;79.022;9.002
5178428;21177;2018;O;CENTRE;77.81;80.538;2.728
5178429;21177;2018;O;CENTRE;69.85;81.394;11.544
5176027;21186;2018;O;;68.49;60.55;7.94
5176028;21186;2018;O;;62.68;58.893;3.787
5176029;21186;2018;O;;68.29;59.39;8.9
5176010;21186;2018;O;;63.69;58.907;4.783
5176015;21186;2018;O;;66.65;60.407;6.243
5176012;21186;2018;O;;68.89;60.407;8.483
5176011;21186;2018;O;;64.48;58.907;5.573
5176016;21186;2018;O;;55.05;60.407;5.357
5176019;21186;2018;O;;67.11;58.907;8.203
5176013;21186;2018;O;;63.73;60.407;3.323
5176074;21186;2018;O;;65.44;59.06;6.38
5176072;21186;2018;O;;63.29;60.56;2.73
5176071;21186;2018;O;;56.5;59.06;2.56
5176079;21186;2018;O;;64.06;59.06;5.0
5176084;21186;2018;O;;67.42;60.75;6.67
5176082;21186;2018;O;;67.09;62.391;4.699
5176087;21186;2018;O;;65.68;62.391;3.289
5176086;21186;2018;O;;57.0;62.273;5.273
5176089;21186;2018;O;;72.15;60.592;11.558
5176083;21186;2018;O;;69.08;62.233;6.847
5176060;21186;2018;O;;70.55;60.592;9.958
5176067;21186;2018;O;;66.65;62.233;4.417
5176068;21186;2018;O;;72.39;60.592;11.798
5176069;21186;2018;O;;73.27;60.681;12.589
5176090;21186;2018;O;;66.1;60.696;5.404
5176095;21186;2018;O;;75.31;62.383;12.927
5176094;21186;2018;O;;61.03;59.995;1.035
5176092;21186;2018;O;;69.3;61.919;7.381
5176096;21186;2018;O;;64.15;63.466;0.684
5176099;21186;2018;O;;60.82;61.063;0.243
5176030;21186;2018;O;;63.23;61.044;2.186
5176034;21186;2018;O;;67.11;60.78;6.33
5176032;21186;2018;O;;66.91;62.867;4.043
5176031;21186;2018;O;;61.52;61.135;0.385
5176037;21186;2018;O;;67.11;62.867;4.243
5176038;21186;2018;O;;58.16;61.135;2.975
5176036;21186;2018;O;;60.07;62.867;2.797
5176039;21186;2018;O;;61.03;61.135;0.105
5176505;21186;2018;O;;64.63;62.886;1.744
5176504;21186;2018;O;;67.68;61.135;6.545
5176502;21186;2018;O;;70.53;62.886;7.644
5176245;21165;2018;O;;54.7;60.388;5.688
5176242;21165;2018;O;;66.82;60.55;6.27
5176248;21165;2018;O;;66.65;59.39;7.26
5176249;21165;2018;O;;66.93;58.907;8.023
5176243;21165;2018;O;;63.45;60.407;3.043
5176224;21165;2018;O;;34.68;58.907;24.227
5176222;21165;2018;O;;54.68;60.407;5.727
5176221;21165;2018;O;;65.71;58.907;6.803
5176229;21165;2018;O;;48.4;59.06;10.66
5176223;21165;2018;O;;65.27;60.56;4.71
5176210;21165;2018;O;;52.92;59.06;6.14
5176215;21165;2018;O;;62.35;60.56;1.79
5176212;21165;2018;O;;59.48;60.7;1.22
5176217;21165;2018;O;;68.36;60.7;7.66
5176218;21165;2018;O;;58.32;59.06;0.74
5176275;21165;2018;O;;60.03;62.391;2.361
5176272;21165;2018;O;;69.08;62.391;6.689
5176277;21165;2018;O;;64.63;62.273;2.357
5176278;21165;2018;O;;41.65;60.592;18.942
5176279;21165;2018;O;;61.73;60.592;1.138
5176273;21165;2018;O;;70.48;62.233;8.247
5176284;21165;2018;O;;53.73;60.592;6.862
5176282;21165;2018;O;;69.78;62.233;7.547
5176289;21165;2018;O;;49.5;60.696;11.196
5176283;21165;2018;O;;66.32;62.383;3.937
5176260;21165;2018;O;;60.97;59.995;0.975
5176262;21165;2018;O;;66.8;61.67;5.13
5176269;21165;2018;O;;50.29;61.044;10.754
5176263;21165;2018;O;;67.39;62.731;4.659
5176295;21165;2018;O;;67.88;62.867;5.013
5176294;21165;2018;O;;57.9;61.135;3.235
5176292;21165;2018;O;;67.79;62.867;4.923
5176299;21165;2018;O;;51.41;61.135;9.725
5176186;21162;2018;O;;70.27;60.55;9.72
5176183;21162;2018;O;;58.32;60.394;2.074
5176160;21162;2018;O;;72.2;59.39;12.81
5176165;21162;2018;O;;68.71;61.351;7.359
5176162;21162;2018;O;;68.91;60.407;8.503
5176161;21162;2018;O;;76.85;58.907;17.943
5176167;21162;2018;O;;77.33;60.407;16.923
5176168;21162;2018;O;;52.46;58.907;6.447
5176166;21162;2018;O;;64.19;60.407;3.783
5176169;21162;2018;O;;62.88;58.907;3.973
5176195;21162;2018;O;;69.12;60.407;8.713
5176192;21162;2018;O;;64.08;60.56;3.52
5176191;21162;2018;O;;71.45;59.06;12.39
5176197;21162;2018;O;;69.0;60.56;8.44
5176196;21162;2018;O;;69.8;60.7;9.1
5176199;21162;2018;O;;63.01;59.06;3.95
5176130;21162;2018;O;;65.42;59.06;6.36
5176132;21162;2018;O;;66.49;62.391;4.099
5176131;21162;2018;O;;70.68;60.75;9.93
5176139;21162;2018;O;;74.37;60.632;13.738
5176700;21162;2018;O;;68.67;60.592;8.078
5176705;21162;2018;O;;69.89;62.233;7.657
5176704;21162;2018;O;;66.23;60.592;5.638
5176702;21162;2018;O;;61.49;62.233;0.743
5176707;21162;2018;O;;74.68;62.233;12.447
5176708;21162;2018;O;;69.34;60.592;8.748
5176703;21162;2018;O;;75.81;62.233;13.577
5176750;21162;2018;O;;68.6;60.681;7.919
5176755;21162;2018;O;;65.55;62.321;3.229
5176754;21162;2018;O;;66.3;60.696;5.604
5176752;21162;2018;O;;72.81;62.383;10.427
5176757;21162;2018;O;;71.3;61.919;9.381
5176756;21162;2018;O;;67.85;61.67;6.18
5176742;21162;2018;O;;63.32;62.731;0.589
5176748;21162;2018;O;;71.95;61.135;10.815
5176749;21162;2018;O;;62.96;61.135;1.825
5176743;21162;2018;O;;70.93;62.867;8.063
5176722;21162;2018;O;;68.55;62.886;5.664
5176729;21161;2018;O;CHAMPAGNE-ARDENNE;52.53;59.346;6.816
5176723;21161;2018;O;CHAMPAGNE-ARDENNE;46.95;59.861;12.911
5176710;21161;2018;O;CHAMPAGNE-ARDENNE;52.24;58.372;6.132
5176714;21161;2018;O;CHAMPAGNE-ARDENNE;58.27;57.84;0.43
5176711;21161;2018;O;CHAMPAGNE-ARDENNE;54.45;59.096;4.646
5176717;21161;2018;O;CHAMPAGNE-ARDENNE;53.42;59.621;6.201
5176716;21161;2018;O;CHAMPAGNE-ARDENNE;49.3;60.508;11.208
5176770;21161;2018;O;CHAMPAGNE-ARDENNE;50.48;59.7;9.22
5176774;21161;2018;O;CHAMPAGNE-ARDENNE;45.18;59.7;14.52
5176772;21161;2018;O;CHAMPAGNE-ARDENNE;47.98;60.225;12.245
5176771;21161;2018;O;CHAMPAGNE-ARDENNE;49.89;59.939;10.049
5176777;21161;2018;O;CHAMPAGNE-ARDENNE;52.68;60.464;7.784
5176778;21161;2018;O;CHAMPAGNE-ARDENNE;52.98;59.939;6.959
5176779;21161;2018;O;CHAMPAGNE-ARDENNE;47.83;59.939;12.109
5176773;21161;2018;O;CHAMPAGNE-ARDENNE;55.48;60.464;4.984
5176780;21161;2018;O;CHAMPAGNE-ARDENNE;49.74;59.939;10.199
5176785;21161;2018;O;CHAMPAGNE-ARDENNE;53.56;60.464;6.904
5176781;21161;2018;O;CHAMPAGNE-ARDENNE;50.77;61.137;10.367
5176787;21161;2018;O;CHAMPAGNE-ARDENNE;55.62;61.662;6.042
5176789;21161;2018;O;CHAMPAGNE-ARDENNE;45.62;60.676;15.056
5176760;21161;2018;O;CHAMPAGNE-ARDENNE;46.65;60.275;13.625
5176768;21161;2018;O;CHAMPAGNE-ARDENNE;47.98;60.236;12.256
5176769;21161;2018;O;CHAMPAGNE-ARDENNE;50.77;60.236;9.466
5176763;21161;2018;O;CHAMPAGNE-ARDENNE;51.5;60.761;9.261
5176792;21161;2018;O;CHAMPAGNE-ARDENNE;48.86;60.849;11.989
5176791;21161;2018;O;CHAMPAGNE-ARDENNE;53.27;60.32;7.05
5176798;21161;2018;O;CHAMPAGNE-ARDENNE;53.56;59.919;6.359
5176793;21161;2018;O;CHAMPAGNE-ARDENNE;50.18;60.178;9.998
5176730;21161;2018;O;CHAMPAGNE-ARDENNE;53.12;60.679;7.559
5176735;21161;2018;O;CHAMPAGNE-ARDENNE;52.24;61.782;9.542
5176734;21161;2018;O;CHAMPAGNE-ARDENNE;47.83;60.492;12.662
5176731;21161;2018;O;CHAMPAGNE-ARDENNE;56.8;59.618;2.818
5176736;21161;2018;O;CHAMPAGNE-ARDENNE;46.65;60.324;13.674
5176739;21161;2018;O;CHAMPAGNE-ARDENNE;54.59;59.708;5.118
5176733;21161;2018;O;CHAMPAGNE-ARDENNE;44.15;60.324;16.174
5176800;21161;2018;O;CHAMPAGNE-ARDENNE;53.27;59.708;6.438
5176802;21161;2018;O;CHAMPAGNE-ARDENNE;49.59;60.344;10.754
5176801;21161;2018;O;CHAMPAGNE-ARDENNE;55.48;59.708;4.228
5176808;21161;2018;O;CHAMPAGNE-ARDENNE;54.59;60.564;5.974
5176806;21161;2018;O;CHAMPAGNE-ARDENNE;48.86;61.2;12.34
5181161;21169;2018;O;CHAMPAGNE-ARDENNE;39.45;59.184;19.734
5181167;21169;2018;O;CHAMPAGNE-ARDENNE;54.89;59.699;4.809
5181168;21169;2018;O;CHAMPAGNE-ARDENNE;43.42;59.346;15.926
5181166;21169;2018;O;CHAMPAGNE-ARDENNE;51.21;59.861;8.651
5181169;21169;2018;O;CHAMPAGNE-ARDENNE;39.89;58.372;18.482
5181163;21169;2018;O;CHAMPAGNE-ARDENNE;52.39;58.897;6.507
5181190;21169;2018;O;CHAMPAGNE-ARDENNE;48.42;57.84;9.42
5181193;21169;2018;O;CHAMPAGNE-ARDENNE;54.74;60.225;5.485
5181130;21169;2018;O;CHAMPAGNE-ARDENNE;42.39;59.7;17.31
5181135;21169;2018;O;CHAMPAGNE-ARDENNE;52.39;60.225;7.835
5181134;21169;2018;O;CHAMPAGNE-ARDENNE;41.06;59.939;18.879
5181138;21169;2018;O;CHAMPAGNE-ARDENNE;49.89;59.939;10.049
5181139;21169;2018;O;CHAMPAGNE-ARDENNE;51.06;59.939;8.879
5181133;21169;2018;O;CHAMPAGNE-ARDENNE;46.36;60.464;14.104
5181700;21169;2018;O;CHAMPAGNE-ARDENNE;51.65;59.939;8.289
5181704;21169;2018;O;CHAMPAGNE-ARDENNE;52.68;61.137;8.457
5181702;21169;2018;O;CHAMPAGNE-ARDENNE;49.89;61.662;11.772
5181708;21169;2018;O;CHAMPAGNE-ARDENNE;51.06;60.676;9.616
5181709;21169;2018;O;CHAMPAGNE-ARDENNE;48.71;60.275;11.565
5181750;21169;2018;O;CHAMPAGNE-ARDENNE;49.45;60.236;10.786
5181754;21169;2018;O;CHAMPAGNE-ARDENNE;57.24;60.236;2.996
5181751;21169;2018;O;CHAMPAGNE-ARDENNE;56.95;60.236;3.286
5181756;21169;2018;O;CHAMPAGNE-ARDENNE;55.03;60.761;5.731
5181753;21169;2018;O;CHAMPAGNE-ARDENNE;50.77;60.761;9.991
5181744;21169;2018;O;CHAMPAGNE-ARDENNE;52.24;60.32;8.08
5181748;21169;2018;O;CHAMPAGNE-ARDENNE;46.8;59.269;12.469
5181720;21169;2018;O;CHAMPAGNE-ARDENNE;50.62;60.492;9.872
5181724;21169;2018;O;CHAMPAGNE-ARDENNE;49.59;59.618;10.028
5181721;21169;2018;O;CHAMPAGNE-ARDENNE;47.68;59.708;12.028
5181726;21169;2018;O;CHAMPAGNE-ARDENNE;60.48;60.324;0.156
5181729;21169;2018;O;CHAMPAGNE-ARDENNE;49.0;59.708;10.708
5181710;21169;2018;O;CHAMPAGNE-ARDENNE;47.98;59.708;11.728
5181715;21169;2018;O;CHAMPAGNE-ARDENNE;46.8;60.344;13.544
5176694;21191;2018;A;;61.38;78.218;16.838
5176692;21191;2018;A;;70.81;80.168;9.358
5176691;21191;2018;A;;57.76;82.14;24.38
5176697;21191;2018;A;;65.19;81.503;16.313
5176696;21191;2018;A;;67.29;78.943;11.653
5176630;21191;2018;A;;71.48;78.95;7.47
5176634;21191;2018;A;;68.43;80.139;11.709
5176632;21191;2018;A;;61.67;80.139;18.469
5176631;21191;2018;A;;57.86;80.877;23.017
5176637;21191;2018;A;;69.29;80.961;11.671
5176638;21191;2018;A;;56.81;81.078;24.268
5176639;21191;2018;A;;64.81;81.242;16.432
5176900;21191;2018;A;;64.34;80.393;16.053
5176902;21197;2018;A;;67.0;80.168;13.168
5176901;21197;2018;A;;65.67;82.14;16.47
5176907;21197;2018;A;;72.05;81.503;9.453
5176906;21197;2018;A;;69.38;78.943;9.563
5176903;21197;2018;A;;69.1;80.291;11.191
5176950;21197;2018;A;;68.05;78.95;10.9
5176955;21197;2018;A;;68.43;80.139;11.709
5176954;21197;2018;A;;69.1;80.139;11.039
5176952;21197;2018;A;;68.14;80.139;11.999
5176951;21197;2018;A;;58.62;80.877;22.257
5176958;21197;2018;A;;73.29;81.078;7.788
5176956;21197;2018;A;;60.91;81.242;20.332
5176396;21132;2018;A;;53.95;78.218;24.268
5176399;21132;2018;A;;65.1;80.168;15.068
5176330;21132;2018;A;;58.62;81.503;22.883
5176334;21132;2018;A;;38.24;78.943;40.703
5176331;21132;2018;A;;57.29;80.291;23.001
5176338;21132;2018;A;;52.24;80.139;27.899
5176339;21132;2018;A;;58.91;80.139;21.229
5176333;21132;2018;A;;53.0;80.877;27.877
5179001;21132;2018;A;;52.91;80.447;27.537
5179007;21132;2018;A;;62.62;80.393;17.773
5179009;21132;2018;A;;65.29;80.393;15.103
5179003;21132;2018;A;;62.05;80.795;18.745
5179050;21132;2018;A;;63.48;80.795;17.315
5179055;21132;2018;A;;59.95;80.69;20.74
5179054;21132;2018;A;;60.34;78.102;17.762
5179051;21132;2018;A;;58.81;79.438;20.628
5179058;21132;2018;A;;63.48;75.735;12.255
5179506;21136;2018;A;;63.0;78.218;15.218
5179550;21136;2018;A;;66.05;81.503;15.453
5179555;21136;2018;A;;68.72;79.468;10.748
5179554;21136;2018;A;;73.0;78.943;5.943
5179552;21136;2018;A;;66.72;78.465;11.745
5179551;21136;2018;A;;53.48;80.291;26.811
5179557;21136;2018;A;;69.48;78.95;9.47
5179558;21136;2018;A;;63.57;80.139;16.569
5179553;21136;2018;A;;60.81;80.877;20.067
5179540;21136;2018;A;;69.19;80.961;11.771
5179545;21136;2018;A;;67.76;81.078;13.318
5179544;21136;2018;A;;70.14;81.242;11.102
5179542;21136;2018;A;;71.67;81.242;9.572
5179541;21136;2018;A;;59.67;80.447;20.777
5179547;21136;2018;A;;67.38;80.393;13.013
5179543;21136;2018;A;;68.14;80.795;12.655
5179520;21136;2018;A;;64.81;80.795;15.985
5179522;21136;2018;A;;68.62;77.268;8.648
5179521;21136;2018;A;;52.34;79.438;27.098
5179476;21704;2018;A;;61.29;78.218;16.928
5179480;21704;2018;A;;49.48;81.503;32.023
5179482;21704;2018;A;;63.95;78.465;14.515
5179487;21704;2018;A;;60.62;78.95;18.33
5179488;21704;2018;A;;72.14;80.139;7.999
5179489;21704;2018;A;;65.95;80.139;14.189
5179483;21704;2018;A;;65.76;80.877;15.117
5179464;21704;2018;A;;63.29;81.242;17.952
5179462;21704;2018;A;;63.1;81.242;18.142
5179461;21704;2018;A;;60.14;80.447;20.307
5179467;21704;2018;A;;67.19;80.393;13.203
5179466;21704;2018;A;;65.57;80.393;14.823
5179469;21704;2018;A;;68.53;80.393;11.863
5179492;21704;2018;A;;74.43;77.268;2.838
5179491;21704;2018;A;;57.1;79.438;22.338
5179497;21704;2018;A;;67.76;81.041;13.281
5179216;21707;2018;A;;62.72;78.218;15.498
5179270;21707;2018;A;;64.05;81.503;17.453
5179275;21707;2018;A;;74.81;79.468;4.658
5179272;21707;2018;A;;75.29;78.465;3.175
5179271;21707;2018;A;;67.0;80.291;13.291
5179277;21707;2018;A;;55.48;78.95;23.47
5179278;21707;2018;A;;71.76;80.139;8.379
5179279;21707;2018;A;;68.14;80.139;11.999
5179273;21707;2018;A;;52.53;80.877;28.347
5179285;21707;2018;A;;67.76;81.078;13.318
5179284;21707;2018;A;;58.24;81.242;23.002
5179281;21707;2018;A;;44.62;80.447;35.827
5179287;21707;2018;A;;64.43;80.393;15.963
5179286;21707;2018;A;;63.38;80.393;17.013
5179289;21707;2018;A;;70.72;80.393;9.673
5179264;21707;2018;A;;57.0;78.102;21.102
5179126;21709;2018;A;;61.48;78.218;16.738
5179129;21709;2018;A;;59.38;80.168;20.788
5179123;21709;2018;A;;60.81;82.14;21.33
5179114;21709;2018;A;;65.57;78.943;13.373
5179118;21709;2018;A;;70.14;80.139;9.999
5179116;21709;2018;A;;64.14;80.139;15.999
5179119;21709;2018;A;;68.72;80.139;11.419
5179113;21709;2018;A;;52.72;80.877;28.157
5179170;21709;2018;A;;64.91;80.961;16.051
5179175;21709;2018;A;;65.1;81.078;15.978
5179174;21709;2018;A;;63.0;81.242;18.242
5179179;21709;2018;A;;70.05;80.393;10.343
5179173;21709;2018;A;;69.29;80.795;11.505
5179185;21709;2018;A;;50.05;80.69;30.64
5179184;21709;2018;A;;55.86;78.102;22.242
5179182;21709;2018;A;;67.67;77.268;9.598
5179181;21709;2018;A;;45.48;79.438;33.958
5179187;21709;2018;A;;60.72;81.041;20.321
5179188;21709;2018;A;;62.91;75.735;12.825
5179136;21750;2018;A;;60.14;78.218;18.078
5179705;21750;2018;A;;67.29;79.468;12.178
5179704;21750;2018;A;;62.43;78.943;16.513
5179708;21750;2018;A;;64.05;80.139;16.089
5179703;21750;2018;A;;68.24;80.877;12.637
5179755;21750;2018;A;;72.53;81.078;8.548
5179754;21750;2018;A;;73.1;81.242;8.142
5179751;21750;2018;A;;69.19;80.447;11.257
5179757;21750;2018;A;;70.53;80.393;9.863
5179756;21750;2018;A;;50.81;80.393;29.583
5179759;21750;2018;A;;64.53;80.393;15.863
5179753;21750;2018;A;;55.0;80.795;25.795
5179745;21750;2018;A;;66.34;80.69;14.35
5179747;21750;2018;A;;63.48;81.041;17.561
5179748;21750;2018;A;;51.0;75.735;24.735
5173082;21747;2018;A;;50.84;78.218;27.378
5173081;21747;2018;A;;46.31;73.855;27.545
5173086;21747;2018;A;;47.06;79.25;32.19
5173083;21747;2018;A;;43.86;82.14;38.28
5173065;21747;2018;A;;45.64;91.46;45.82
5173064;21747;2018;A;;55.97;81.503;25.533
5173067;21747;2018;A;;34.29;79.468;45.178
5173068;21747;2018;A;;50.86;82.223;31.363
5173066;21747;2018;A;;50.68;90.117;39.437
5173069;21747;2018;A;;52.34;78.943;26.603
5173090;21747;2018;A;;47.48;88.771;41.291
5173095;21747;2018;A;;49.92;78.465;28.545
5173092;21747;2018;A;;37.59;88.916;51.326
5173097;21747;2018;A;;43.25;81.733;38.483
5173098;21747;2018;A;;40.69;88.993;48.303
5173096;21747;2018;A;;58.06;78.95;20.89
5173034;21747;2018;A;;49.38;86.922;37.542
5173032;21747;2018;A;;47.29;80.139;32.849
5173036;21747;2018;A;;52.44;79.965;27.525
5173039;21747;2018;A;;48.17;86.922;38.752
5173033;21747;2018;A;;52.84;80.877;28.037
5173500;21747;2018;A;;49.44;80.518;31.078
5173504;21747;2018;A;;51.13;80.961;29.831
5173507;21747;2018;A;;49.24;81.078;31.838
5173508;21747;2018;A;;44.11;80.72;36.61
5173509;21747;2018;A;;51.33;81.242;29.912
5173550;21747;2018;A;;48.43;86.962;38.532
5173554;21747;2018;A;;45.1;80.884;35.784
5173551;21747;2018;A;;54.29;80.447;26.157
5173558;21747;2018;A;;51.63;86.611;34.981
5173553;21747;2018;A;;52.07;87.108;35.038
5173544;21747;2018;A;;46.75;85.224;38.474
5173542;21747;2018;A;;45.94;80.393;34.453
5173547;21747;2018;A;;47.16;85.224;38.064
5173522;21747;2018;A;;46.55;80.915;34.365
5173521;21747;2018;A;;49.25;85.769;36.519
5173527;21747;2018;A;;55.1;80.69;25.59
5180204;21725;2018;A;;60.74;73.855;13.115
5180201;21725;2018;A;;36.6;80.168;43.568
5180206;21725;2018;A;;46.8;82.14;35.34
5180209;21725;2018;A;;39.5;83.063;43.563
5180203;21725;2018;A;;40.06;91.46;51.4
5180250;21725;2018;A;;57.15;81.503;24.353
5180251;21725;2018;A;;60.07;82.223;22.153
5180258;21725;2018;A;;55.74;78.943;23.203
5180256;21725;2018;A;;56.65;81.698;25.048
5180253;21725;2018;A;;60.61;78.465;17.855
5180240;21725;2018;A;;58.56;81.843;23.283
5180245;21725;2018;A;;44.46;88.916;44.456
5180246;21725;2018;A;;50.72;88.841;38.121
5180243;21725;2018;A;;58.74;79.965;21.225
5180227;21725;2018;A;;50.74;79.965;29.225
5180229;21725;2018;A;;54.24;80.518;26.278
5180223;21725;2018;A;;46.38;87.021;40.641
5180210;21725;2018;A;;55.92;80.961;25.041
5180215;21725;2018;A;;56.28;80.602;24.322
5180214;21725;2018;A;;44.72;87.105;42.385
5180212;21725;2018;A;;52.06;81.078;29.018
5180217;21725;2018;A;;49.52;86.962;37.442
5180218;21725;2018;A;;52.94;81.242;28.302
5180216;21725;2018;A;;53.57;80.884;27.314
5180213;21725;2018;A;;56.29;81.242;24.952
5180270;21725;2018;A;;53.41;80.884;27.474
5180271;21725;2018;A;;44.17;86.611;42.441
5180277;21725;2018;A;;48.05;80.393;32.343
5180278;21725;2018;A;;49.42;80.034;30.614
5180273;21725;2018;A;;41.41;80.034;38.624
5180280;21725;2018;A;;30.29;85.224;54.934
5180285;21725;2018;A;;45.57;80.393;34.823
5180284;21725;2018;A;;41.74;80.034;38.294
5180282;21725;2018;A;;47.01;85.224;38.214
5180281;21725;2018;A;;45.22;80.393;35.173
5180287;21725;2018;A;;43.74;80.034;36.294
5180289;21725;2018;A;;59.54;80.915;21.375
5180264;21725;2018;A;;69.87;85.769;15.899
5180261;21725;2018;A;;57.24;80.81;23.57
5180125;21729;2018;O;;59.74;59.05;0.69
5180124;21729;2018;O;;61.07;58.893;2.177
5180122;21729;2018;O;;60.24;59.39;0.85
5180121;21729;2018;O;;60.91;58.907;2.003
5180128;21729;2018;O;;69.07;58.907;10.163
5180126;21729;2018;O;;65.74;58.907;6.833
5180129;21729;2018;O;;68.24;58.907;9.333
5180123;21729;2018;O;;68.07;59.06;9.01
5180114;21729;2018;O;;79.07;59.06;20.01
5180112;21729;2018;O;;66.41;59.06;7.35
5180111;21729;2018;O;;77.74;60.75;16.99
5180117;21729;2018;O;;65.57;60.75;4.82
5180119;21729;2018;O;;69.57;60.592;8.978
5180170;21729;2018;O;;75.91;60.592;15.318
5180174;21729;2018;O;;64.41;60.592;3.818
5180171;21729;2018;O;;67.24;60.696;6.544
5180179;21729;2018;O;;77.91;61.063;16.847
5180173;21729;2018;O;;76.07;61.044;15.026
5180180;21729;2018;O;;71.07;60.78;10.29
5180185;21729;2018;O;;64.57;61.135;3.435
5180182;21729;2018;O;;61.57;61.135;0.435
5180187;21729;2018;O;;56.07;61.135;5.065
5180189;21729;2018;O;;73.41;59.697;13.713
5180183;21729;2018;O;;76.74;58.92;17.82
5180160;21729;2018;O;;74.41;58.152;16.258
5180164;21729;2018;O;;70.41;58.427;11.983
5180167;21729;2018;O;;53.07;58.888;5.818
5180168;21729;2018;O;;70.91;58.318;12.592
5180802;21711;2018;A;;61.73;78.218;16.488
5180807;21711;2018;A;;57.84;82.14;24.3
5180809;21711;2018;A;;62.94;78.943;16.003
5180803;21711;2018;A;;49.66;78.465;28.805
5180850;21711;2018;A;;54.14;80.291;26.151
5180855;21711;2018;A;;55.69;78.95;23.26
5180854;21711;2018;A;;64.38;80.139;15.759
5180852;21711;2018;A;;57.35;80.139;22.789
5180858;21711;2018;A;;47.21;80.961;33.751
5180859;21711;2018;A;;42.84;81.242;38.402
5180853;21711;2018;A;;55.25;81.242;25.992
5180840;21711;2018;A;;54.59;80.447;25.857
5180842;21718;2018;A;;39.45;78.218;38.768
5180841;21718;2018;A;;55.45;80.168;24.718
5180847;21718;2018;A;;56.49;82.14;25.65
5180848;21718;2018;A;;43.82;81.503;37.683
5180846;21718;2018;A;;49.97;79.468;29.498
5180849;21718;2018;A;;52.28;78.943;26.663
5180820;21718;2018;A;;48.19;80.291;32.101
5180825;21718;2018;A;;50.07;78.95;28.88
5180824;21718;2018;A;;53.94;80.139;26.199
5180821;21718;2018;A;;50.91;80.139;29.229
5180827;21718;2018;A;;45.38;80.877;35.497
5180828;21718;2018;A;;33.43;80.961;47.531
5180829;21718;2018;A;;55.2;81.242;26.042
5180823;21718;2018;A;;55.84;81.242;25.402
5180810;21718;2018;A;;54.58;80.447;25.867
5180815;21718;2018;A;;67.44;80.393;12.953
5180814;21718;2018;A;;58.72;80.393;21.673
5180837;21716;2018;A;;64.71;78.465;13.755
5180833;21716;2018;A;;51.49;80.139;28.649
5180605;21716;2018;A;;59.89;80.877;20.987
5180604;21716;2018;A;;52.33;80.961;28.631
5180602;21716;2018;A;;55.12;81.078;25.958
5180675;21713;2018;O;;77.07;58.893;18.177
5180674;21713;2018;O;;73.91;59.39;14.52
5180672;21713;2018;O;;77.74;58.907;18.833
5180678;21713;2018;O;;80.91;58.907;22.003
5180676;21713;2018;O;;74.24;59.06;15.18
5180679;21713;2018;O;;77.41;59.06;18.35
5180673;21713;2018;O;;76.74;59.06;17.68
5180688;21713;2018;O;;67.91;60.592;7.318
5180686;21713;2018;O;;77.74;60.592;17.148
5180689;21713;2018;O;;72.24;60.592;11.648
5180665;21713;2018;O;;78.91;59.995;18.915
5180664;21713;2018;O;;82.91;59.345;23.565
5180661;21713;2018;O;;83.24;61.063;22.177
5180668;21713;2018;O;;79.41;61.135;18.275
5180666;21713;2018;O;;74.41;61.135;13.275
5180669;21713;2018;O;;73.57;61.135;12.435
5180690;21713;2018;O;;49.24;61.135;11.895
5180695;21713;2018;O;;54.74;60.718;5.978
5180692;21713;2018;O;;74.74;58.92;15.82
5180691;21713;2018;O;;75.74;58.152;17.588
5180698;21713;2018;O;;81.24;58.427;22.813
5180696;21713;2018;O;;73.57;58.744;14.826
5180699;21713;2018;O;;79.24;58.638;20.602
5180631;21713;2018;O;;76.24;59.06;17.18
5180639;21770;2018;O;NORD-PAS-DE-CALAIS;80.74;53.388;27.352
5180900;21770;2018;O;NORD-PAS-DE-CALAIS;79.07;55.454;23.616
5180905;21770;2018;O;NORD-PAS-DE-CALAIS;80.74;55.454;25.286
5180904;21770;2018;O;NORD-PAS-DE-CALAIS;72.41;55.454;16.956
5180907;21770;2018;O;NORD-PAS-DE-CALAIS;57.74;55.76;1.98
5180906;21770;2018;O;NORD-PAS-DE-CALAIS;69.41;55.76;13.65
5180909;21770;2018;O;NORD-PAS-DE-CALAIS;72.91;58.222;14.688
5180955;21770;2018;O;NORD-PAS-DE-CALAIS;78.91;58.064;20.846
5180954;21770;2018;O;NORD-PAS-DE-CALAIS;83.41;58.064;25.346
5180957;21770;2018;O;NORD-PAS-DE-CALAIS;64.24;58.612;5.628
5180958;21770;2018;O;NORD-PAS-DE-CALAIS;62.91;58.701;4.209
5180944;21770;2018;O;NORD-PAS-DE-CALAIS;72.57;59.59;12.98
5180942;21770;2018;O;NORD-PAS-DE-CALAIS;73.91;59.945;13.965
5180941;21770;2018;O;NORD-PAS-DE-CALAIS;70.24;59.945;10.295
5180947;21770;2018;O;NORD-PAS-DE-CALAIS;73.41;59.945;13.465
5180946;21770;2018;O;NORD-PAS-DE-CALAIS;76.07;60.097;15.973
5180949;21770;2018;O;NORD-PAS-DE-CALAIS;75.74;58.845;16.895
5180920;21770;2018;O;NORD-PAS-DE-CALAIS;78.57;58.715;19.855
5180921;21770;2018;O;NORD-PAS-DE-CALAIS;77.24;58.727;18.513
5180926;21770;2018;O;NORD-PAS-DE-CALAIS;71.74;59.945;11.795
5180923;21770;2018;O;NORD-PAS-DE-CALAIS;63.91;55.454;8.456
5180910;21770;2018;O;NORD-PAS-DE-CALAIS;64.74;58.697;6.043
5182048;21771;2018;O;;76.07;59.39;16.68
5182020;21771;2018;O;;61.74;58.907;2.833
5182024;21771;2018;O;;42.41;59.06;16.65
5182022;21771;2018;O;;46.24;59.06;12.82
5182026;21771;2018;O;;63.24;60.75;2.49
5182029;21771;2018;O;;74.91;60.632;14.278
5182023;21771;2018;O;;79.91;60.592;19.318
5182015;21771;2018;O;;75.57;60.592;14.978
5182012;21771;2018;O;;66.57;60.592;5.978
5182019;21771;2018;O;;63.24;61.063;2.177
5182013;21771;2018;O;;66.07;61.044;5.026
5182070;21771;2018;O;;64.41;60.78;3.63
5182074;21771;2018;O;;61.57;61.135;0.435
5182072;21771;2018;O;;66.41;61.135;5.275
5182077;21771;2018;O;;61.41;60.718;0.692
5182079;21771;2018;O;;75.57;58.92;16.65
5182073;21771;2018;O;;70.07;58.152;11.918
5182080;21771;2018;O;;71.41;58.427;12.983
5182084;21771;2018;O;;83.24;58.638;24.602
5182081;21771;2018;O;;72.74;60.75;11.99
5182088;21771;2018;O;;60.24;58.318;1.922
5182089;21771;2018;O;;69.57;60.696;8.874
5182584;21776;2018;O;;71.57;59.05;12.52
5182581;21776;2018;O;;71.74;59.39;12.35
5182588;21776;2018;O;;73.24;58.907;14.333
5182586;21776;2018;O;;66.24;58.907;7.333
5182560;21776;2018;O;;72.41;59.06;13.35
5182564;21776;2018;O;;70.07;59.06;11.01
5182561;21776;2018;O;;74.07;60.75;13.32
5182567;21776;2018;O;;62.41;60.75;1.66
5182566;21776;2018;O;;60.74;60.592;0.148
5182563;21776;2018;O;;66.07;60.592;5.478
5182590;21776;2018;O;;60.41;60.592;0.182
5182595;21776;2018;O;;62.41;60.681;1.729
5182594;21776;2018;O;;61.07;60.696;0.374
5182592;21776;2018;O;;69.07;59.995;9.075
5182591;21776;2018;O;;73.57;59.345;14.225
5182597;21776;2018;O;;70.74;61.055;9.685
5182596;21776;2018;O;;56.74;60.78;4.04
5182593;21776;2018;O;;48.91;61.135;12.225
5182530;21776;2018;O;;55.41;61.135;5.725
5182535;21776;2018;O;;55.41;61.135;5.725
5182532;21776;2018;O;;43.07;60.718;17.648
5182531;21776;2018;O;;62.41;59.697;2.713
5182537;21776;2018;O;;68.24;58.92;9.32
5182536;21776;2018;O;;66.41;58.152;8.258
5182539;21776;2018;O;;63.74;58.427;5.313
5182401;21776;2018;O;;66.91;58.907;8.003
5182407;21776;2018;O;;68.74;58.888;9.852
5182408;21776;2018;O;;77.74;59.06;18.68
5182406;21776;2018;O;;72.57;61.044;11.526
5182471;21773;2018;O;;79.57;59.05;20.52
5182477;21773;2018;O;;76.41;58.893;17.517
5182478;21773;2018;O;;68.07;59.39;8.68
5182485;21773;2018;O;;61.24;59.06;2.18
5182484;21773;2018;O;;68.07;59.06;9.01
5182486;21773;2018;O;;59.91;60.75;0.84
5182489;21773;2018;O;;62.41;60.632;1.778
5182483;21773;2018;O;;62.57;60.592;1.978
5182465;21773;2018;O;;70.57;60.592;9.978
5182468;21773;2018;O;;82.91;59.345;23.565
5182469;21773;2018;O;;69.41;61.063;8.347
5182463;21773;2018;O;;68.74;60.78;7.96
5182490;21773;2018;O;;64.74;61.135;3.605
5182495;21773;2018;O;;58.07;61.135;3.065
5182491;21773;2018;O;;48.57;61.135;12.565
5182498;21773;2018;O;;71.74;59.697;12.043
5182435;21773;2018;O;;76.57;58.744;17.826
5182433;21773;2018;O;;70.74;61.044;9.696
5182196;21781;2018;O;NORD-PAS-DE-CALAIS;68.41;54.645;13.765
5182199;21781;2018;O;NORD-PAS-DE-CALAIS;70.74;55.454;15.286
5182193;21781;2018;O;NORD-PAS-DE-CALAIS;69.57;55.454;14.116
5182130;21781;2018;O;NORD-PAS-DE-CALAIS;65.57;55.454;10.116
5182135;21781;2018;O;NORD-PAS-DE-CALAIS;51.41;55.76;4.35
5182134;21781;2018;O;NORD-PAS-DE-CALAIS;56.07;55.76;0.31
5182132;21781;2018;O;NORD-PAS-DE-CALAIS;53.07;55.76;2.69
5182131;21781;2018;O;NORD-PAS-DE-CALAIS;53.41;55.76;2.35
5182138;21781;2018;O;NORD-PAS-DE-CALAIS;67.74;58.222;9.518
5182139;21781;2018;O;NORD-PAS-DE-CALAIS;75.57;58.103;17.467
5182133;21781;2018;O;NORD-PAS-DE-CALAIS;71.41;58.064;13.346
5182700;21781;2018;O;NORD-PAS-DE-CALAIS;76.24;58.064;18.176
5182705;21781;2018;O;NORD-PAS-DE-CALAIS;67.07;58.064;9.006
5182701;21781;2018;O;NORD-PAS-DE-CALAIS;62.74;58.701;4.039
5182708;21781;2018;O;NORD-PAS-DE-CALAIS;63.41;57.646;5.764
5182706;21781;2018;O;NORD-PAS-DE-CALAIS;67.07;59.056;8.014
5182750;21781;2018;O;NORD-PAS-DE-CALAIS;72.41;59.59;12.82
5182755;21781;2018;O;NORD-PAS-DE-CALAIS;72.74;59.945;12.795
5182752;21781;2018;O;NORD-PAS-DE-CALAIS;74.07;59.945;14.125
5182751;21781;2018;O;NORD-PAS-DE-CALAIS;72.24;59.945;12.295
5182758;21781;2018;O;NORD-PAS-DE-CALAIS;66.74;58.845;7.895
5182756;21781;2018;O;NORD-PAS-DE-CALAIS;72.41;58.781;13.629
5182759;21781;2018;O;NORD-PAS-DE-CALAIS;69.74;58.715;11.025
5182740;21781;2018;O;NORD-PAS-DE-CALAIS;77.57;58.516;19.054
5182744;21781;2018;O;NORD-PAS-DE-CALAIS;68.41;58.727;9.683
5182742;21781;2018;O;NORD-PAS-DE-CALAIS;69.41;54.825;14.585
5182746;21781;2018;O;NORD-PAS-DE-CALAIS;60.24;55.454;4.786
5182749;21781;2018;O;NORD-PAS-DE-CALAIS;68.74;58.697;10.043
5182769;21788;2018;O;;69.91;59.39;10.52
5182763;21788;2018;O;;73.41;58.907;14.503
5182794;21788;2018;O;;72.24;58.907;13.333
5182797;21788;2018;O;;48.24;59.06;10.82
5182798;21788;2018;O;;51.57;59.06;7.49
5182796;21788;2018;O;;61.41;59.06;2.35
5182799;21788;2018;O;;64.41;60.75;3.66
5182730;21788;2018;O;;76.07;60.632;15.438
5182732;21788;2018;O;;76.07;60.592;15.478
5182731;21788;2018;O;;66.41;60.592;5.818
5182737;21788;2018;O;;60.57;60.592;0.022
5182738;21788;2018;O;;62.57;60.681;1.889
5182736;21788;2018;O;;65.07;59.995;5.075
5182739;21788;2018;O;;56.57;59.345;2.775
5182733;21788;2018;O;;65.24;61.055;4.185
5182805;21788;2018;O;;74.07;61.044;13.026
5182804;21788;2018;O;;69.41;60.78;8.63
5182808;21788;2018;O;;68.41;61.135;7.275
5182806;21788;2018;O;;66.91;60.718;6.192
5182809;21788;2018;O;;69.91;59.467;10.443
5182803;21788;2018;O;;69.24;59.697;9.543
5182855;21788;2018;O;;71.07;58.152;12.918
5182852;21788;2018;O;;72.74;58.744;13.996
5182858;21788;2018;O;;78.91;60.75;18.16
5182856;21788;2018;O;;68.91;61.135;7.775
5181334;21792;2018;O;;75.29;59.39;15.9
5181332;21792;2018;O;;77.27;61.351;15.919
5181337;21792;2018;O;;70.19;60.388;9.802
5181338;21792;2018;O;;76.88;59.05;17.83
5181336;21792;2018;O;;75.34;60.55;14.79
5181339;21792;2018;O;;72.95;58.893;14.057
5187005;21792;2018;O;;73.48;60.407;13.073
5187004;21792;2018;O;;74.57;58.907;15.663
5187002;21792;2018;O;;77.39;60.407;16.983
5187001;21792;2018;O;;76.66;58.907;17.753
5187008;21792;2018;O;;70.18;58.907;11.273
5187006;21792;2018;O;;68.5;60.407;8.093
5187050;21792;2018;O;;73.45;59.06;14.39
5187055;21792;2018;O;;64.88;60.56;4.32
5187052;21792;2018;O;;74.19;60.56;13.63
5187057;21792;2018;O;;75.67;60.7;14.97
5187058;21792;2018;O;;74.88;59.06;15.82
5187056;21792;2018;O;;77.05;60.7;16.35
5187045;21792;2018;O;;68.81;62.391;6.419
5187044;21792;2018;O;;77.18;60.75;16.43
5187047;21792;2018;O;;77.18;62.273;14.907
5187046;21792;2018;O;;75.61;62.233;13.377
5187043;21792;2018;O;;84.58;62.233;22.347
5187020;21792;2018;O;;72.9;60.592;12.308
5187024;21792;2018;O;;74.27;60.592;13.678
5187022;21792;2018;O;;72.57;62.233;10.337
5187021;21792;2018;O;;67.17;60.592;6.578
5187027;21792;2018;O;;77.65;62.233;15.417
5187029;21792;2018;O;;62.58;60.696;1.884
5187023;21792;2018;O;;67.04;62.383;4.657
5187015;21792;2018;O;;75.86;60.7;15.16
5187079;21797;2018;O;CENTRE;70.94;77.219;6.279
5187073;21797;2018;O;CENTRE;70.73;77.068;6.338
5187085;21797;2018;O;CENTRE;58.54;76.905;18.365
5187084;21797;2018;O;CENTRE;69.05;76.384;7.334
5187082;21797;2018;O;CENTRE;70.31;76.242;5.932
5187081;21797;2018;O;CENTRE;67.16;75.713;8.553
5187088;21797;2018;O;CENTRE;65.27;76.97;11.7
5187089;21797;2018;O;CENTRE;69.89;77.047;7.157
5187083;21797;2018;O;CENTRE;74.3;76.905;2.605
5187060;21797;2018;O;CENTRE;71.15;76.764;5.614
5187064;21797;2018;O;CENTRE;69.05;76.764;7.714
5187062;21797;2018;O;CENTRE;70.31;76.622;6.312
5188419;21793;2018;O;;55.55;58.893;3.343
5188470;21793;2018;O;;70.03;58.907;11.123
5188475;21793;2018;O;;62.11;58.907;3.203
5188474;21793;2018;O;;58.34;58.907;0.567
5188472;21793;2018;O;;57.98;58.907;0.927
5188471;21793;2018;O;;61.1;59.06;2.04
5188478;21793;2018;O;;55.14;59.06;3.92
5188476;21793;2018;O;;58.09;59.06;0.97
5188485;21793;2018;O;;53.93;60.632;6.702
5188482;21793;2018;O;;65.71;60.592;5.118
5188481;21793;2018;O;;69.45;60.592;8.858
5188487;21793;2018;O;;64.56;60.592;3.968
5188488;21793;2018;O;;58.45;60.681;2.231
5188486;21793;2018;O;;55.05;60.696;5.646
5188489;21793;2018;O;;56.62;59.995;3.375
5188460;21793;2018;O;;61.78;61.055;0.725
5188465;21793;2018;O;;63.77;61.044;2.726
5188461;21793;2018;O;;61.82;61.135;0.685
5188467;21793;2018;O;;56.78;61.135;4.355
5188468;21793;2018;O;;61.49;61.135;0.355
5186439;21793;2018;O;;63.45;60.592;2.858
5186433;21793;2018;O;;63.12;61.135;1.985
5165954;21731;2018;O;;60.44;59.05;1.39
5165951;21731;2018;O;;60.16;59.39;0.77
5165956;21731;2018;O;;58.84;58.907;0.067
5165959;21731;2018;O;;62.63;58.907;3.723
5165953;21731;2018;O;;59.19;59.06;0.13
5165945;21731;2018;O;;64.85;59.06;5.79
5165942;21731;2018;O;;63.71;59.06;4.65
5165948;21731;2018;O;;63.78;60.632;3.148
5165949;21731;2018;O;;64.15;60.592;3.558
5165920;21731;2018;O;;66.28;60.592;5.688
5165925;21731;2018;O;;69.76;60.681;9.079
5165924;21731;2018;O;;69.24;60.696;8.544
5165922;21731;2018;O;;66.54;59.995;6.545
5165921;21731;2018;O;;60.68;59.345;1.335
5165928;21731;2018;O;;65.31;61.044;4.266
5165926;21731;2018;O;;48.32;60.78;12.46
5165929;21731;2018;O;;70.35;61.135;9.215
5165910;21731;2018;O;;60.14;61.135;0.995
5165915;21731;2018;O;;69.74;61.135;8.605
5164650;21731;2018;O;;69.57;60.75;8.82
5164655;21731;2018;O;;67.13;61.063;6.067
5164654;21731;2018;O;;63.86;58.907;4.953
5161029;21738;2018;O;CENTRE;63.09;77.219;14.129
5161023;21738;2018;O;CENTRE;68.03;76.384;8.354
5161010;21738;2018;O;CENTRE;61.01;75.713;14.703
5161015;21738;2018;O;CENTRE;65.18;76.97;11.79
5161012;21738;2018;O;CENTRE;68.43;76.764;8.334
5161011;21738;2018;O;CENTRE;68.12;76.764;8.644
5161017;21738;2018;O;CENTRE;60.6;77.004;16.404
5161018;21738;2018;O;CENTRE;62.18;77.004;14.824
5161016;21738;2018;O;CENTRE;56.65;77.307;20.657
5161019;21738;2018;O;CENTRE;70.82;77.307;6.487
5161070;21738;2018;O;CENTRE;66.25;77.069;10.819
5161072;21738;2018;O;CENTRE;72.06;76.658;4.598
5161071;21738;2018;O;CENTRE;63.05;76.658;13.608
5161077;21738;2018;O;CENTRE;74.06;76.658;2.598
5161079;21738;2018;O;CENTRE;75.4;77.217;1.817
5161073;21738;2018;O;CENTRE;63.47;76.648;13.178
5161082;21738;2018;O;CENTRE;70.86;78.363;7.503
5161081;21738;2018;O;CENTRE;72.72;78.363;5.643
5161087;21738;2018;O;CENTRE;61.16;78.363;17.203
5161088;21738;2018;O;CENTRE;60.38;79.709;19.329
5161086;21738;2018;O;CENTRE;68.42;80.538;12.118
5161969;21738;2018;O;CENTRE;69.7;76.764;7.064
5161990;21738;2018;O;CENTRE;71.8;81.394;9.594
5163801;21805;2018;O;CENTRE;65.77;76.384;10.614
5163809;21805;2018;O;CENTRE;68.38;76.764;8.384
5163850;21805;2018;O;CENTRE;62.31;77.004;14.694
5163854;21805;2018;O;CENTRE;60.71;77.307;16.597
5163852;21805;2018;O;CENTRE;59.94;77.307;17.367
5163851;21805;2018;O;CENTRE;66.32;77.307;10.987
5163856;21805;2018;O;CENTRE;66.67;76.697;10.027
5163859;21805;2018;O;CENTRE;68.4;76.658;8.258
5163853;21805;2018;O;CENTRE;62.42;76.658;14.238
5163840;21805;2018;O;CENTRE;60.24;76.658;16.418
5163845;21805;2018;O;CENTRE;63.2;76.658;13.458
5163844;21805;2018;O;CENTRE;65.57;76.746;11.176
5163842;21805;2018;O;CENTRE;66.67;77.217;10.547
5163841;21805;2018;O;CENTRE;64.96;76.648;11.688
5163847;21805;2018;O;CENTRE;60.07;75.998;15.928
5163846;21805;2018;O;CENTRE;68.69;77.617;8.927
5163849;21805;2018;O;CENTRE;64.92;78.363;13.443
5163825;21805;2018;O;CENTRE;59.83;79.709;19.879
5163824;21805;2018;O;CENTRE;72.83;80.538;7.708
5190430;21805;2018;O;CENTRE;73.1;77.057;3.957
5190435;21805;2018;O;CENTRE;70.59;77.069;6.479
5190432;21805;2018;O;CENTRE;71.89;76.764;4.874
5190431;21805;2018;O;CENTRE;67.53;76.658;9.128
5190437;21805;2018;O;CENTRE;72.88;81.394;8.514
5190656;21804;2018;O;CENTRE;61.73;76.384;14.654
5190653;21804;2018;O;CENTRE;70.86;76.97;6.11
5190640;21804;2018;O;CENTRE;70.57;77.047;6.477
5190642;21804;2018;O;CENTRE;73.18;77.004;3.824
5190641;21804;2018;O;CENTRE;72.04;77.004;4.964
5190646;21804;2018;O;CENTRE;72.87;77.307;4.437
5190649;21804;2018;O;CENTRE;74.91;77.069;2.159
5190643;21804;2018;O;CENTRE;61.52;76.607;15.087
5190625;21804;2018;O;CENTRE;64.26;76.658;12.398
5190622;21804;2018;O;CENTRE;68.45;76.658;8.208
5190621;21804;2018;O;CENTRE;60.09;76.658;16.568
5190628;21804;2018;O;CENTRE;63.55;77.217;13.667
5190629;21804;2018;O;CENTRE;57.81;75.998;18.188
5190623;21804;2018;O;CENTRE;67.55;77.101;9.551
5190614;21804;2018;O;CENTRE;70.51;78.363;7.853
5190612;21804;2018;O;CENTRE;70.95;78.363;7.413
5190611;21804;2018;O;CENTRE;71.96;79.709;7.749
5195267;21804;2018;O;CENTRE;72.9;77.327;4.427
5195268;21804;2018;O;CENTRE;72.55;76.764;4.214
5196237;21809;2018;O;;65.49;58.893;6.597
5196236;21809;2018;O;;63.25;58.907;4.343
5196239;21809;2018;O;;66.98;58.907;8.073
5196233;21809;2018;O;;71.27;58.907;12.363
5196104;21809;2018;O;;62.28;59.06;3.22
5196102;21809;2018;O;;65.07;59.06;6.01
5196101;21809;2018;O;;68.91;59.06;9.85
5196108;21809;2018;O;;70.81;60.75;10.06
5196106;21809;2018;O;;62.74;60.75;1.99
5196154;21809;2018;O;;71.8;60.592;11.208
5196152;21809;2018;O;;63.45;60.681;2.769
5196157;21809;2018;O;;66.12;59.995;6.125
5196158;21809;2018;O;;63.73;59.345;4.385
5196156;21809;2018;O;;68.99;61.055;7.935
5196159;21809;2018;O;;56.87;61.044;4.174
5196153;21809;2018;O;;69.43;60.78;8.65
5196144;21809;2018;O;;71.8;61.135;10.665
5196965;21809;2018;O;;71.05;58.888;12.162
5196964;21809;2018;O;;70.14;60.75;9.39
5196962;21809;2018;O;;65.48;61.063;4.417
5196961;21809;2018;O;;70.62;58.907;11.713
5196968;21809;2018;O;;74.06;61.135;12.925
5193840;21850;2018;O;CENTRE;66.1;77.219;11.119
5193845;21850;2018;O;CENTRE;61.85;76.384;14.534
5193841;21850;2018;O;CENTRE;65.66;77.047;11.387
5193847;21850;2018;O;CENTRE;65.57;76.764;11.194
5193846;21850;2018;O;CENTRE;55.93;77.004;21.074
5193843;21850;2018;O;CENTRE;70.62;77.307;6.687
5193820;21850;2018;O;CENTRE;69.06;77.307;8.247
5193825;21850;2018;O;CENTRE;63.53;77.307;13.777
5193827;21850;2018;O;CENTRE;71.91;76.658;4.748
5193828;21850;2018;O;CENTRE;63.45;76.658;13.208
5193829;21850;2018;O;CENTRE;70.4;76.658;6.258
5193810;21850;2018;O;CENTRE;60.0;77.217;17.217
5193815;21850;2018;O;CENTRE;62.94;76.648;13.708
5193812;21850;2018;O;CENTRE;61.06;77.101;16.041
5193811;21850;2018;O;CENTRE;67.74;77.617;9.877
5193816;21850;2018;O;CENTRE;65.48;78.363;12.883
5193813;21850;2018;O;CENTRE;58.66;80.538;21.878
5130029;21850;2018;O;CENTRE;72.26;77.069;4.809
5130010;21850;2018;O;CENTRE;61.84;76.764;14.924
5135918;21854;2018;O;CENTRE;53.2;77.219;24.019
5135913;21854;2018;O;CENTRE;65.05;76.97;11.92
5135975;21854;2018;O;CENTRE;60.44;76.764;16.324
5135972;21854;2018;O;CENTRE;56.96;77.004;20.044
5135971;21854;2018;O;CENTRE;56.12;77.004;20.884
5135978;21854;2018;O;CENTRE;55.4;77.307;21.907
5135979;21854;2018;O;CENTRE;52.06;77.069;25.009
5135973;21854;2018;O;CENTRE;59.13;76.607;17.477
5135980;21854;2018;O;CENTRE;63.4;76.697;13.297
5135985;21854;2018;O;CENTRE;67.2;76.658;9.458
5135984;21854;2018;O;CENTRE;64.08;76.658;12.578
5135982;21854;2018;O;CENTRE;54.74;76.658;21.918
5135987;21854;2018;O;CENTRE;63.32;76.746;13.426
5135988;21854;2018;O;CENTRE;62.77;77.217;14.447
5135986;21854;2018;O;CENTRE;64.48;76.648;12.168
5135989;21854;2018;O;CENTRE;52.44;75.998;23.558
5135983;21854;2018;O;CENTRE;65.24;77.101;11.861
5135962;21854;2018;O;CENTRE;52.44;78.363;25.923
5135967;21854;2018;O;CENTRE;57.7;80.538;22.838
5134402;21854;2018;O;CENTRE;68.58;77.057;8.477
5134401;21854;2018;O;CENTRE;64.12;77.069;12.949
5133826;21853;2018;O;;72.07;59.05;13.02
5133823;21853;2018;O;;71.28;59.39;11.89
5133810;21853;2018;O;;73.55;58.907;14.643
5133812;21853;2018;O;;68.69;58.907;9.783
5133818;21853;2018;O;;66.01;59.06;6.95
5133819;21853;2018;O;;69.39;59.06;10.33
5133870;21853;2018;O;;62.2;60.75;1.45
5133875;21853;2018;O;;72.79;60.632;12.158
5133871;21853;2018;O;;68.86;60.592;8.268
5133879;21853;2018;O;;64.32;59.995;4.325
5133880;21853;2018;O;;53.56;61.055;7.495
5133884;21853;2018;O;;70.29;60.78;9.51
5133882;21853;2018;O;;65.4;61.135;4.265
5133888;21853;2018;O;;71.6;61.135;10.465
5133691;21853;2018;O;;68.49;58.888;9.602
5133697;21853;2018;O;;72.04;60.75;11.29
5133698;21853;2018;O;;71.17;61.063;10.107
5133696;21853;2018;O;;74.1;58.907;15.193
5707454;21690;2018;A;;76.22;78.218;1.998
5707457;21690;2018;A;;72.18;80.168;7.988
5707456;21690;2018;A;;69.48;85.232;15.752
5707453;21690;2018;A;;71.41;83.063;11.653
5707440;21690;2018;A;;70.36;91.46;21.1
5707444;21690;2018;A;;70.89;82.427;11.537
5707441;21690;2018;A;;73.2;79.468;6.268
5707447;21690;2018;A;;75.38;82.223;6.843
5707448;21690;2018;A;;74.64;90.117;15.477
5707446;21690;2018;A;;76.07;78.943;2.873
5707449;21690;2018;A;;70.47;81.698;11.228
5707425;21690;2018;A;;74.35;81.843;7.493
5707422;21690;2018;A;;71.65;80.291;8.641
5707421;21690;2018;A;;71.09;81.733;10.643
5707427;21690;2018;A;;73.61;88.993;15.383
5707428;21690;2018;A;;71.76;78.95;7.19
5707429;21690;2018;A;;75.01;88.841;13.831
5707415;21690;2018;A;;84.43;86.922;2.492
5707414;21690;2018;A;;68.81;80.139;11.329
5707412;21690;2018;A;;73.47;79.965;6.495
5707419;21690;2018;A;;74.09;80.877;6.787
5707413;21690;2018;A;;72.45;80.518;8.068
5707474;21690;2018;A;;70.06;80.602;10.542
5707472;21690;2018;A;;84.46;87.105;2.645
5707471;21690;2018;A;;69.22;81.078;11.858
5707477;21690;2018;A;;84.77;80.72;4.05
5707478;21690;2018;A;;75.88;86.962;11.082
5707482;21690;2018;A;;75.3;80.447;5.147
5707481;21690;2018;A;;73.37;79.538;6.168
5707483;21690;2018;A;;72.12;80.393;8.273
5707465;21690;2018;A;;78.36;85.224;6.864
5707462;21690;2018;A;;79.98;80.034;0.054
5707468;21690;2018;A;;76.66;80.034;3.374
5707469;21690;2018;A;;70.9;80.795;9.895
5707494;21690;2018;A;;80.94;80.915;0.025
5707492;21690;2018;A;;80.76;85.769;5.009
5707498;21690;2018;A;;77.92;85.664;7.744
5707245;21692;2018;A;;85.82;73.855;11.965
5707242;21692;2018;A;;84.88;80.168;4.712
5707241;21692;2018;A;;81.6;79.25;2.35
5707247;21692;2018;A;;82.66;85.232;2.572
5707248;21692;2018;A;;86.46;82.14;4.32
5707246;21692;2018;A;;85.16;83.063;2.097
5707243;21692;2018;A;;84.17;81.503;2.667
5707220;21692;2018;A;;86.68;82.427;4.253
5707224;21692;2018;A;;87.58;79.468;8.112
5707221;21692;2018;A;;85.43;90.117;4.687
5707227;21692;2018;A;;82.11;78.943;3.167
5707229;21692;2018;A;;75.08;78.465;3.385
5707212;21692;2018;A;;91.9;88.993;2.907
5707211;21692;2018;A;;85.95;78.95;7.0
5707217;21692;2018;A;;78.65;79.593;0.943
5707216;21692;2018;A;;82.53;80.139;2.391
5707270;21692;2018;A;;81.65;80.139;1.511
5707274;21692;2018;A;;82.53;86.922;4.392
5707272;21692;2018;A;;83.61;80.139;3.471
5707271;21692;2018;A;;84.63;79.965;4.665
5707278;21692;2018;A;;90.26;80.877;9.383
5707276;21692;2018;A;;81.5;80.518;0.982
5707280;21692;2018;A;;73.51;80.602;7.092
5707282;21692;2018;A;;81.34;80.72;0.62
5707281;21692;2018;A;;83.28;86.962;3.682
5707287;21692;2018;A;;88.51;81.242;7.268
5707288;21692;2018;A;;81.47;80.884;0.586
5707289;21692;2018;A;;82.32;81.242;1.078
5707260;21692;2018;A;;81.26;86.962;5.702
5707264;21692;2018;A;;82.63;79.538;3.092
5707261;21692;2018;A;;78.16;80.393;2.233
5707267;21692;2018;A;;78.84;80.034;1.194
5707268;21692;2018;A;;81.75;87.108;5.358
5707269;21692;2018;A;;81.47;80.034;1.436
5707295;21692;2018;A;;88.13;80.034;8.096
5707294;21692;2018;A;;86.9;85.224;1.676
5707292;21692;2018;A;;89.01;80.393;8.617
5707291;21692;2018;A;;75.58;80.034;4.454
5707297;21692;2018;A;;78.24;85.224;6.984
5707298;21692;2018;A;;81.8;80.795;1.005
5707296;21692;2018;A;;86.51;80.915;5.595
5707299;21692;2018;A;;84.22;85.769;1.549
5707293;21692;2018;A;;83.42;80.795;2.625
5707232;21692;2018;A;;83.8;80.81;2.99
5707742;21693;2018;A;;38.16;78.218;40.058
5707748;21693;2018;A;;34.24;81.503;47.263
5707746;21693;2018;A;;43.72;79.468;35.748
5707749;21693;2018;A;;36.74;78.943;42.203
5707720;21693;2018;A;;33.24;80.291;47.051
5707724;21693;2018;A;;33.24;80.139;46.899
5707721;21693;2018;A;;37.74;80.139;42.399
5707728;21693;2018;A;;37.74;80.961;43.221
5707726;21693;2018;A;;35.05;81.078;46.028
5707723;21693;2018;A;;31.08;81.242;50.162
5707715;21693;2018;A;;32.59;80.393;47.803
5707714;21693;2018;A;;36.13;80.393;44.263
5707851;21635;2018;A;;45.62;73.855;28.235
5707857;21635;2018;A;;42.72;80.168;37.448
5707856;21635;2018;A;;44.33;82.14;37.81
5707859;21635;2018;A;;44.31;83.063;38.753
5707845;21635;2018;A;;39.33;79.468;40.138
5707844;21635;2018;A;;42.43;82.223;39.793
5707841;21635;2018;A;;45.57;81.698;36.128
5707847;21635;2018;A;;43.83;78.465;34.635
5707848;21635;2018;A;;47.66;81.843;34.183
5707849;21635;2018;A;;47.82;81.733;33.913
5707820;21635;2018;A;;47.24;79.593;32.353
5707825;21635;2018;A;;47.09;80.139;33.049
5707821;21635;2018;A;;43.23;79.965;36.735
5707827;21635;2018;A;;45.26;80.139;34.879
5707826;21635;2018;A;;42.6;80.877;38.277
5707829;21635;2018;A;;40.95;80.518;39.568
5707823;21635;2018;A;;40.72;80.961;40.241
5707810;21635;2018;A;;48.23;80.602;32.372
5707815;21635;2018;A;;47.76;81.078;33.318
5707814;21635;2018;A;;43.71;80.72;37.01
5707812;21635;2018;A;;43.68;81.242;37.562
5707817;21635;2018;A;;42.05;81.242;39.192
5707818;21635;2018;A;;41.44;80.884;39.444
5707816;21635;2018;A;;43.54;80.447;36.907
5707870;21635;2018;A;;44.73;80.034;35.304
5707875;21635;2018;A;;37.39;80.393;43.003
5707878;21635;2018;A;;47.82;80.034;32.214
5707876;21635;2018;A;;48.33;80.795;32.465
5707879;21635;2018;A;;48.82;80.915;32.095
5707864;21632;2018;A;;51.22;73.855;22.635
5707862;21632;2018;A;;47.58;80.168;32.588
5707861;21632;2018;A;;50.35;79.25;28.9
5707867;21632;2018;A;;46.12;82.14;36.02
5707868;21632;2018;A;;34.53;83.063;48.533
5707866;21632;2018;A;;45.45;81.503;36.053
5707863;21632;2018;A;;33.54;79.468;45.928
5707890;21632;2018;A;;52.37;82.223;29.853
5707895;21632;2018;A;;47.47;78.943;31.473
5707894;21632;2018;A;;51.64;81.698;30.058
5707892;21632;2018;A;;29.53;78.465;48.935
5707897;21632;2018;A;;46.84;80.291;33.451
5707898;21632;2018;A;;36.12;81.733;45.613
5707893;21632;2018;A;;51.29;80.139;28.849
5707837;21632;2018;A;;46.86;80.877;34.017
5707838;21632;2018;A;;52.12;80.518;28.398
5707839;21632;2018;A;;52.81;80.602;27.792
5707604;21632;2018;A;;32.28;80.884;48.604
5707601;21632;2018;A;;51.99;80.884;28.894
5707607;21632;2018;A;;46.72;80.447;33.727
5707608;21632;2018;A;;51.68;79.538;27.858
5707606;21632;2018;A;;31.76;80.393;48.633
5707603;21632;2018;A;;48.24;80.393;32.153
5707650;21632;2018;A;;52.05;80.034;27.984
5707654;21632;2018;A;;53.97;80.034;26.064
5707657;21632;2018;A;;48.22;80.795;32.575
5707658;21632;2018;A;;52.61;80.915;28.305
5707656;21632;2018;A;;46.41;80.795;34.385
5707659;21632;2018;A;;53.1;80.915;27.815
5707645;21631;2018;A;;50.6;78.218;27.618
5707642;21631;2018;A;;33.92;80.168;46.248
5707647;21631;2018;A;;48.8;82.14;33.34
5707646;21631;2018;A;;53.6;81.503;27.903
5707643;21631;2018;A;;47.06;79.468;32.408
5707625;21631;2018;A;;52.21;78.943;26.733
5707621;21631;2018;A;;54.09;81.843;27.753
5707628;21631;2018;A;;49.8;81.733;31.933
5707626;21631;2018;A;;46.81;78.95;32.14
5707629;21631;2018;A;;49.04;79.593;30.553
5707610;21631;2018;A;;52.49;79.965;27.475
5707615;21631;2018;A;;35.25;80.139;44.889
5707614;21631;2018;A;;37.28;79.965;42.685
5707612;21631;2018;A;;48.66;80.139;31.479
5707611;21631;2018;A;;37.47;79.965;42.495
5707618;21631;2018;A;;49.66;80.518;30.858
5707619;21631;2018;A;;52.87;80.602;27.732
5707613;21631;2018;A;;48.66;81.078;32.418
5707675;21631;2018;A;;47.79;81.242;33.452
5707671;21631;2018;A;;53.23;80.884;27.654
5707677;21631;2018;A;;52.87;80.447;27.577
5707676;21631;2018;A;;49.16;80.393;31.233
5707673;21631;2018;A;;49.35;80.393;31.043
5707680;21631;2018;A;;48.85;80.034;31.184
5707682;21631;2018;A;;47.87;80.393;32.523
5707681;21631;2018;A;;50.55;80.034;29.484
5707687;21631;2018;A;;51.6;80.795;29.195
5707689;21631;2018;A;;52.99;80.915;27.925
5707683;21631;2018;A;;49.18;80.69;31.51
5707660;21631;2018;A;;53.42;80.81;27.39
5707372;21905;2018;A;;45.9;80.168;34.268
5707371;21905;2018;A;;46.96;79.25;32.29
5707377;21905;2018;A;;50.56;82.14;31.58
5707378;21905;2018;A;;48.89;83.063;34.173
5707379;21905;2018;A;;52.45;82.427;29.977
5707373;21905;2018;A;;56.15;79.468;23.318
5707385;21905;2018;A;;54.19;78.943;24.753
5707382;21905;2018;A;;55.05;78.465;23.415
5707387;21905;2018;A;;50.85;80.291;29.441
5707386;21905;2018;A;;59.19;78.95;19.76
5707389;21905;2018;A;;54.43;79.593;25.163
5707383;21905;2018;A;;49.74;80.139;30.399
5707365;21905;2018;A;;53.73;80.139;26.409
5707364;21905;2018;A;;51.41;79.965;28.555
5707361;21905;2018;A;;53.63;79.965;26.335
5707368;21905;2018;A;;53.18;80.518;27.338
5707366;21905;2018;A;;54.45;80.961;26.511
5707369;21905;2018;A;;51.63;80.602;28.972
5707363;21905;2018;A;;51.42;81.078;29.658
5707395;21905;2018;A;;53.67;81.242;27.572
5707397;21905;2018;A;;57.55;80.447;22.897
5707396;21905;2018;A;;54.65;80.393;25.743
5707399;21905;2018;A;;55.31;80.034;24.724
5707330;21905;2018;A;;45.26;80.034;34.774
5707335;21905;2018;A;;48.63;80.393;31.763
5707334;21905;2018;A;;46.45;80.034;33.584
5707331;21905;2018;A;;44.13;80.034;35.904
5707337;21905;2018;A;;55.42;80.795;25.375
5707338;21905;2018;A;;50.22;80.915;30.695
5707333;21905;2018;A;;51.27;80.69;29.42
5708000;21905;2018;A;;53.18;80.81;27.63
5708267;21953;2018;A;;61.27;81.503;20.233
5708290;21953;2018;A;;61.32;78.95;17.63
5708294;21953;2018;A;;53.84;80.139;26.299
5708296;21953;2018;A;;57.01;81.242;24.232
5708293;21953;2018;A;;61.37;80.447;19.077
5708230;21953;2018;A;;65.56;80.393;14.833
5708235;21953;2018;A;;68.66;80.393;11.733
5708238;21953;2018;A;;58.07;80.69;22.62
5708236;21953;2018;A;;65.11;78.102;12.992
5708239;21953;2018;A;;58.76;77.268;18.508
5708100;21953;2018;A;;51.57;81.041;29.471
5708105;21953;2018;A;;55.14;75.735;20.595
5708124;21941;2018;A;;34.06;78.218;44.158
5708129;21941;2018;A;;59.74;78.465;18.725
5708115;21941;2018;A;;59.67;80.139;20.469
5708112;21941;2018;A;;49.69;80.139;30.449
5708111;21941;2018;A;;61.94;80.877;18.937
5708117;21941;2018;A;;50.36;80.961;30.601
5708116;21941;2018;A;;62.19;81.242;19.052
5708113;21941;2018;A;;55.84;80.447;24.607
5708170;21941;2018;A;;54.97;80.393;25.423
5708175;21941;2018;A;;50.74;80.393;29.653
5708174;21941;2018;A;;65.92;80.393;14.473
5708177;21941;2018;A;;36.91;80.795;43.885
5708185;21941;2018;A;;52.89;75.735;22.845
5708774;21946;2018;A;;71.27;78.218;6.948
5708772;21946;2018;A;;63.47;80.168;16.698
5708771;21946;2018;A;;60.46;82.14;21.68
5708777;21946;2018;A;;54.66;81.503;26.843
5708778;21946;2018;A;;64.57;79.468;14.898
5708776;21946;2018;A;;75.72;78.943;3.223
5708779;21946;2018;A;;72.57;78.465;5.895
5708780;21946;2018;A;;61.01;78.95;17.94
5708784;21946;2018;A;;58.37;80.139;21.769
5708782;21946;2018;A;;64.22;80.139;15.919
5708783;21946;2018;A;;58.76;80.447;21.687
5708765;21946;2018;A;;63.99;80.393;16.403
5708768;21946;2018;A;;62.79;80.69;17.9
5708769;21946;2018;A;;64.02;77.268;13.248
5708790;21946;2018;A;;59.41;81.041;21.631
5708795;21946;2018;A;;52.81;75.735;22.925
5708312;21929;2018;A;;73.19;80.168;6.978
5708317;21929;2018;A;;42.71;81.503;38.793
5708318;21929;2018;A;;60.62;79.468;18.848
5708374;21929;2018;A;;62.82;80.139;17.319
5708372;21929;2018;A;;54.01;80.139;26.129
5708377;21929;2018;A;;57.69;80.961;23.271
5708378;21929;2018;A;;56.41;81.078;24.668
5708376;21929;2018;A;;60.94;81.242;20.302
5708373;21929;2018;A;;58.02;80.447;22.427
5708380;21929;2018;A;;65.66;80.393;14.733
5708385;21929;2018;A;;66.91;80.393;13.483
5708384;21929;2018;A;;52.09;80.393;28.303
5748285;21357;2018;O;;91.79;77.453;14.337
5748287;21357;2018;O;;88.61;77.049;11.561
5748288;21357;2018;O;;96.6;75.027;21.573
5748260;21357;2018;O;;104.27;75.143;29.127
5748262;21357;2018;O;;109.04;77.165;31.875
5748261;21357;2018;O;;107.24;75.143;32.097
5748267;21357;2018;O;;97.19;79.959;17.231
5748266;21357;2018;O;;95.03;79.959;15.071
5748269;21357;2018;O;;93.86;75.143;18.717
5748297;21357;2018;O;;100.37;76.966;23.404
5748298;21357;2018;O;;88.82;75.371;13.449
5748296;21357;2018;O;;94.89;76.966;17.924
5748299;21357;2018;O;;89.53;75.371;14.159
5748293;21357;2018;O;;94.65;77.083;17.567
5748234;21357;2018;O;;100.61;75.488;25.122
5748232;21357;2018;O;;91.62;77.083;14.537
5748236;21357;2018;O;;84.65;76.668;7.982
5748239;21357;2018;O;;75.58;71.252;4.328
5748233;21357;2018;O;;91.79;75.967;15.823
5748100;21357;2018;O;;85.35;70.492;14.858
5748105;21357;2018;O;;93.29;76.564;16.726
5748102;21357;2018;O;;96.26;76.564;19.696
5748101;21357;2018;O;;92.95;72.685;20.265
5748107;21357;2018;O;;94.9;76.564;18.336
5748108;21357;2018;O;;98.56;72.685;25.875
5748106;21357;2018;O;;95.7;76.564;19.136
5748103;21357;2018;O;;95.8;76.564;19.236
5748150;21357;2018;O;;94.89;71.102;23.788
5748155;21357;2018;O;;100.72;76.652;24.068
5748154;21357;2018;O;;98.55;71.19;27.36
5748152;21358;2018;O;;76.18;77.453;1.273
5748156;21358;2018;O;;84.24;77.165;7.075
5748140;21358;2018;O;;88.55;79.959;8.591
5748142;21358;2018;O;;88.73;76.966;11.764
5748141;21358;2018;O;;88.81;76.966;11.844
5748146;21358;2018;O;;77.3;77.083;0.217
5748149;21358;2018;O;;76.13;77.083;0.953
5748143;21358;2018;O;;79.3;77.083;2.217
5748120;21358;2018;O;;79.46;76.965;2.495
5748125;21358;2018;O;;56.88;76.668;19.788
5748121;21358;2018;O;;83.11;76.564;6.546
5748127;21358;2018;O;;68.5;76.564;8.064
5748128;21358;2018;O;;72.67;76.564;3.894
5748126;21358;2018;O;;64.66;76.564;11.904
5748129;21358;2018;O;;81.63;76.652;4.978
5748165;21340;2018;O;;90.54;77.453;13.087
5748168;21340;2018;O;;89.8;75.027;14.773
5748166;21340;2018;O;;94.68;77.272;17.408
5748169;21340;2018;O;;99.57;75.249;24.321
5748190;21340;2018;O;;91.57;75.143;16.427
5748195;21340;2018;O;;92.46;77.165;15.295
5748192;21340;2018;O;;98.09;77.165;20.925
5748197;21340;2018;O;;95.87;79.959;15.911
5748198;21340;2018;O;;93.06;75.143;17.917
5748135;21340;2018;O;;91.13;76.966;14.164
5748132;21340;2018;O;;97.5;76.966;20.534
5748131;21340;2018;O;;100.31;75.371;24.939
5748137;21340;2018;O;;98.39;76.966;21.424
5748138;21340;2018;O;;93.5;75.371;18.129
5748133;21340;2018;O;;94.24;77.083;17.157
5748704;21340;2018;O;;91.57;75.488;16.082
5748702;21340;2018;O;;86.54;77.083;9.457
5748701;21340;2018;O;;88.61;75.488;13.122
5748755;21340;2018;O;;90.68;76.564;14.116
5748754;21340;2018;O;;93.65;75.33;18.32
5748752;21340;2018;O;;84.46;76.564;7.896
5748757;21340;2018;O;;89.8;76.564;13.236
5748756;21340;2018;O;;80.76;76.564;4.196
5748759;21340;2018;O;;82.98;71.102;11.878
5748744;21340;2018;O;;92.61;71.19;21.42
5748826;21324;2018;D;;63.15;69.842;6.692
5748829;21324;2018;D;;62.1;70.118;8.018
5748812;21324;2018;D;;61.09;69.676;8.586
5748811;21324;2018;D;;58.88;69.952;11.072
5748817;21324;2018;D;;56.18;69.283;13.103
5748818;21324;2018;D;;58.12;69.558;11.438
5748819;21324;2018;D;;66.82;69.704;2.884
5748813;21324;2018;D;;59.86;69.615;9.755
5748870;21324;2018;D;;63.99;69.891;5.901
5748875;21324;2018;D;;60.75;69.463;8.713
5748874;21324;2018;D;;62.6;69.739;7.139
5748877;21324;2018;D;;55.78;69.604;13.824
5748878;21324;2018;D;;60.4;69.88;9.48
5748876;21324;2018;D;;62.01;69.604;7.594
5748879;21324;2018;D;;63.91;69.88;5.97
5748884;21324;2018;D;;65.65;69.88;4.23
5748881;21324;2018;D;;65.97;69.998;4.028
5748887;21324;2018;D;;61.21;69.722;8.512
5748889;21324;2018;D;;70.15;69.998;0.152
5748860;21324;2018;D;;58.19;69.879;11.689
5748865;21324;2018;D;;63.31;69.564;6.254
5748864;21324;2018;D;;68.88;69.84;0.96
5748861;21324;2018;D;;68.69;69.84;1.15
5748868;21324;2018;D;;63.8;69.84;6.04
5748866;21324;2018;D;;66.18;69.564;3.384
5748869;21324;2018;D;;71.78;69.84;1.94
5748863;21324;2018;D;;57.86;69.564;11.704
5748892;21324;2018;D;;58.35;71.506;13.156
5748891;21324;2018;D;;59.28;71.828;12.548
5748897;21324;2018;D;;58.99;70.008;11.018
5748899;21324;2018;D;;60.12;70.997;10.877
5748832;21324;2018;D;;59.79;70.536;10.746
5748831;21324;2018;D;;63.8;73.465;9.665
5748837;21324;2018;D;;62.64;69.846;7.206
5748838;21324;2018;D;;64.28;73.601;9.321
5748833;21324;2018;D;;66.12;70.319;4.199
5748600;21324;2018;D;;66.76;73.601;6.841
5748605;21324;2018;D;;57.1;70.319;13.219
5748604;21324;2018;D;;63.22;73.601;10.381
5748601;21324;2018;D;;60.48;73.601;13.121
5748608;21324;2018;D;;63.68;73.601;9.921
5748606;21324;2018;D;;60.4;70.116;9.716
5748603;21324;2018;D;;56.1;70.077;13.977
5748655;21324;2018;D;;56.12;67.679;11.559
5748652;21324;2018;D;;56.29;72.928;16.638
5746050;21314;2018;D;;57.35;69.839;12.489
5746055;21314;2018;D;;50.49;70.308;19.818
5746051;21314;2018;D;;54.25;69.685;15.435
5746057;21314;2018;D;;63.28;69.961;6.681
5746059;21314;2018;D;;55.97;69.676;13.706
5746040;21314;2018;D;;61.67;69.283;7.613
5746047;21314;2018;D;;61.59;69.891;8.301
5746048;21314;2018;D;;65.57;69.463;3.893
5746046;21314;2018;D;;65.91;69.739;3.829
5746049;21314;2018;D;;52.01;69.604;17.594
5746020;21314;2018;D;;55.45;69.604;14.154
5746025;21314;2018;D;;55.16;69.88;14.72
5746029;21314;2018;D;;50.87;69.722;18.852
5746023;21314;2018;D;;50.75;69.998;19.248
5746015;21314;2018;D;;53.52;69.998;16.478
5746011;21314;2018;D;;59.95;69.603;9.653
5746017;21314;2018;D;;62.85;69.879;7.029
5746019;21314;2018;D;;54.2;69.564;15.364
5746075;21314;2018;D;;59.92;69.84;9.92
5746072;21314;2018;D;;55.71;69.84;14.13
5746071;21314;2018;D;;60.53;69.564;9.034
5746077;21314;2018;D;;57.75;69.84;12.09
5746076;21314;2018;D;;63.71;69.928;6.218
5746079;21314;2018;D;;57.68;71.506;13.826
5746073;21314;2018;D;;68.15;71.828;3.678
5746085;21314;2018;D;;65.04;70.285;5.245
5746084;21314;2018;D;;63.81;69.282;5.472
5746082;21314;2018;D;;56.59;70.997;14.407
